Record_ID,Project_Code,Project_Title,Lead_Author,Graduation_Year,Institution,Contact_Email,Start_Date,Duration_Months,Budget_USD,Category,Notes
REC-1000,PRJ-2026-4052,Study on Cataloging,Jane Smith,2022,"University of Nevada, Las Vegas",contact@lab.org,1900-01-01,16,-$113.00,Ethics,Phase 1 &amp; 2 complete
REC-1001,prj-2026-1001,Investigation into Archival Studies and Modern Data Pipelines,Jane Smith,2005,University of Illinois at Urbana-Champaign,r.johnson@mit.edu,2020-01-15,24,43359.14 USD,Python,Notes on &quot;UIUC&quot;
REC-1002,PRJ-2026-4052,National Science Foundation Geospatial Analysis Infrastructure Program,Dr. Smith,2021,"Berkeley, University of California",a.wright@berkeley.edu,,42,174566.92,Machine Learning,Cost &lt; Budget
REC-1003,prj-2026-1001,Study on GIS Mapping,Kristina Tailor,2012,university of illinois at urbana-champaign,a.wright@berkeley.edu,2099-12-31,25,53213.03,Machine Learning,Cost &lt; Budget
REC-1004,PRJ-2026-9900,Analysis of Metadata,Alexander Wright,c2020,MIT,contact@lab.org,2025-12-01,5,19575.69 USD,Cataloging,Phase 1 &amp; 2 complete
REC-1005,PRJ-2026-9900,National Science Foundation Geospatial Analysis Infrastructure Program,Dr. Doe,Pending,Massachusetts Institute of Technology,smith@unlv.edu,,40,-$304.00,Metadata,Na&iuml;ve Bayes test
REC-1006,PRJ-2026-4052,Proj A,Smith,2005,Univ. of Illinois (UIUC),a.wright@berkeley.edu,1900-01-01,32,-$105.00,Machine Learning,Caf&eacute; study group
REC-1007,prj-2026-1001,Comprehensive Digital Humanities Data Archival Research Project Phase 1,Dr. Johnson,N/A,"Las Vegas, University of Nevada",jdoe@illinois.edu,,9,37004.0,Ethics,Notes on &quot;UIUC&quot;
REC-1008,PRJ-26-1001,Analysis of Metadata,Michael OBrown,,"Berkeley, University of California",contact@lab.org,2099-12-31,26,107540.31,Cataloging,Phase 1 &amp; 2 complete
REC-1009,,Study on Machine Learning,Jane Smith,2022,"Berkeley, University of California",a.wright@berkeley.edu,2020-01-15,41,FREE,Cataloging,Cost &lt; Budget
REC-1010,PRJ-2026-9900,Comprehensive Digital Humanities Data Archival Research Initiative Phase 1,Dr. Brown,,MIT,smith@unlv.edu,2018-11-05,38,FREE,Data Science,Cost &lt; Budget
,,,,,,,,,,Cataloging,Sub-tag record
,,,,,,,,,,Ethics,Sub-tag record
,,,,,,,,,,Bioinformatics,Sub-tag record
REC-1011,,National Science Foundation Geospatial Analysis Infrastructure Project,Dr. Smith,Class of 2018,"University of Nevada, Las Vegas",smith@unlv.edu,2020-01-15,18,69369.45 USD,Machine Learning,Na&iuml;ve Bayes test
REC-1012,PRJ-2026-1001,Investigation into Bioinformatics and Modern Data Pipelines,Dr. Jane Mary Smith,2018,MIT,jdoe@illinois.edu,1900-01-01,9,FREE,Metadata,Cost &lt; Budget
REC-1013,PRJ-2026-4052,Investigation into GIS Mapping and Modern Data Pipelines,Jane Smith,2020,"University of Nevada, Las Vegas",contact@lab.org,2016-03-12,8,FREE,Archival Studies,Na&iuml;ve Bayes test
REC-1014,INVALID_CODE,Proj A,Jane Smith,c2020,UIUC,duplicate.user@research.org,2023-09-30,47,-$438.00,Metadata,Caf&eacute; study group
REC-1015,PRJ-2026-1001,Analysis of Data Science,Patricia Taylor Garcia,1882,UC Berkeley,r.johnson@mit.edu,2016-03-12,36,-$141.00,Machine Learning,Na&iuml;ve Bayes test
REC-1016,PRJ-2026-1001,Study on Bioinformatics,Christina Taylor,2050,Univ of Illinois Urbana Champaign,contact@lab.org,2018-11-05,39,119665.58,Python,Caf&eacute; study group
REC-1017,PRJ-2026-1001,Analysis of GIS Mapping,Patricia Taylor Garcia,c. 2005,MIT,jdoe@illinois.edu,2099-12-31,9,FREE,Metadata,Na&iuml;ve Bayes test
REC-1018,prj-2026-1001,Comprehensive Digital Humanities Data Archival Research Project Phase 2,Dr. Smith,'15,U.N.L.V.,contact@lab.org,,38,"$91,129.18",Metadata,Phase 1 &amp; 2 complete
REC-1019,PRJ-2026-9900,Comprehensive Digital Humanities Data Archival Research Project Phase 1,Dr. Smith,2022,"Berkeley, University of California",contact@lab.org,2025-12-01,19,57308.32,Data Science,Notes on &quot;UIUC&quot;
REC-1020,prj-2026-1001,Study on GIS Mapping,Kristina Tailor,2015,"Urbana-Champaign, University of Illinois",smith@unlv.edu,2020-01-15,30,"$95,481.62",Metadata,Caf&eacute; study group
,,,,,,,,,,Data Science,Sub-tag record
,,,,,,,,,,Bioinformatics,Sub-tag record
,,,,,,,,,,Ethics,Sub-tag record
REC-1021,PRJ-2026-9900,Analysis of GIS Mapping,Robert Jhnson,2018,U.N.L.V.,smith@unlv.edu,2018-11-05,29,FREE,Cataloging,Cost &lt; Budget
REC-1022,PRJ-2026-9900,Analysis of Data Science,Michael O'Brown,c. 2005,UIUC,a.wright@berkeley.edu,2023-09-30,9,"$23,828.63",Cataloging,Notes on &quot;UIUC&quot;
REC-1023,PRJ-26-1001,Analysis of Cataloging,Robert Jhnson,2015,"University of Nevada, Las Vegas",a.wright@berkeley.edu,2023-09-30,20,-$304.00,Ethics,Phase 1 &amp; 2 complete
REC-1024,PRJ-2026-1001,Comprehensive Digital Humanities Data Archival Research Project Phase 1,Dr. Smith,2005,Univ of Nevada Las Vegas,r.johnson@mit.edu,2018-11-05,23,-$159.00,Cataloging,Na&iuml;ve Bayes test
REC-1025,PRJ-2026-9900,National Science Foundation Geospatial Analysis Infrastructure Program,Dr. Smith,,University of Illinois at Urbana-Champaign,contact@lab.org,2025-12-01,45,-$260.00,Machine Learning,Caf&eacute; study group
REC-1026,PRJ-2026-8819,National Science Foundation Geospatial Analysis Infrastructure Program,Dr. Johnson,c2020,UNLV,contact@lab.org,2021-07-22,27,FREE,GIS Mapping,Caf&eacute; study group
REC-1027,PRJ-26-1001,Investigation into Data Science and Modern Data Pipelines,A. PROF. WILSON,1998,"Las Vegas, University of Nevada",contact@lab.org,2099-12-31,16,FREE,GIS Mapping,Caf&eacute; study group
REC-1028,PRJ-2026-1001,Comprehensive Digital Humanities Data Archival Research Project Phase 2,Dr. Smith,2012,"Las Vegas, University of Nevada",smith@unlv.edu,2016-03-12,42,"$170,066.95",Cataloging,Notes on &quot;UIUC&quot;
REC-1029,INVALID_CODE,Proj A,m. davis,2015,Univ. of Illinois (UIUC),jdoe@illinois.edu,2021-07-22,47,"$143,532.04",Machine Learning,Notes on &quot;UIUC&quot;
REC-1030,PRJ20261001,Investigation into Archival Studies and Modern Data Pipelines,Jane Smith,,MIT,contact@lab.org,2020-01-15,18,72352.6,Ethics,Caf&eacute; study group
REC-1031,PRJ-26-1001,Investigation into GIS Mapping and Modern Data Pipelines,Jane Smith,'15,university of illinois at urbana-champaign,r.johnson@mit.edu,,17,FREE,Machine Learning,Phase 1 &amp; 2 complete
REC-1032,INVALID_CODE,Investigation into Python and Modern Data Pipelines,m. davis,2018,"Technology, Massachusetts Institute of",a.wright@berkeley.edu,2016-03-12,3,12984.67,Bioinformatics,Na&iuml;ve Bayes test
REC-1033,PRJ-2026-8819,Analysis of Bioinformatics,Robert Jhnson,2015,M.I.T.,a.wright@berkeley.edu,2099-12-31,37,58493.28 USD,Data Science,Notes on &quot;UIUC&quot;
REC-1034,PRJ-2026-9900,Study on Archival Studies,Kristina Tailor,2018,UIUC,r.johnson@mit.edu,2099-12-31,27,63038.79 USD,Machine Learning,Cost &lt; Budget
REC-1035,PRJ-2026-1001,Proj A,Smith,2012,U.N.L.V.,jdoe@illinois.edu,2021-07-22,42,FREE,Machine Learning,Notes on &quot;UIUC&quot;
REC-1036,prj-2026-1001,Analysis of Python,Robert Johnson,2021,UIUC,smith@unlv.edu,2018-11-05,22,71002.58 USD,Cataloging,Na&iuml;ve Bayes test
REC-1037,PRJ-2026-4052,Study on Cataloging,Bryan Stewart,'15,Univ of Illinois Urbana Champaign,contact@lab.org,2016-03-12,45,-$431.00,Bioinformatics,Cost &lt; Budget
REC-1038,prj-2026-1001,Investigation into Bioinformatics and Modern Data Pipelines,Smith,2022,MIT,contact@lab.org,,40,FREE,Machine Learning,Caf&eacute; study group
REC-1039,PRJ-26-1001,Comprehensive Digital Humanities Data Archival Research Project Phase 2,Dr. Brown,2050,MIT,a.wright@berkeley.edu,2016-03-12,14,41477.1,Python,Caf&eacute; study group
REC-1040,PRJ-2026-9900,National Science Foundation Geospatial Analysis Infrastructure Project,Dr. Johnson,,University of Illinois at Urbana-Champaign,jdoe@illinois.edu,1900-01-01,18,64292.9 USD,Data Science,Caf&eacute; study group
REC-1041,,Study on Cataloging,Jeffrey Clarke,2050,"Las Vegas, University of Nevada",contact@lab.org,2025-12-01,38,94710.21 USD,GIS Mapping,Caf&eacute; study group
REC-1042,PRJ-2026-9900,Analysis of Python,Johnathan Doe,1882,Univ of Illinois Urbana Champaign,smith@unlv.edu,2021-07-22,40,-$405.00,Machine Learning,Caf&eacute; study group
REC-1043,prj-2026-1001,Analysis of Metadata,Patricia Taylor Garcia,2015,"Las Vegas, University of Nevada",smith@unlv.edu,2016-03-12,47,203616.64 USD,Data Science,Phase 1 &amp; 2 complete
REC-1044,prj-2026-1001,National Science Foundation Geospatial Analysis Infrastructure Program,Dr. Brown,c. 2005,MIT,jdoe@illinois.edu,2099-12-31,28,-$422.00,Metadata,Phase 1 &amp; 2 complete
REC-1045,PRJ-2026-9900,Analysis of Machine Learning,Alexander Wright,2021,"University of Nevada, Las Vegas",a.wright@berkeley.edu,,31,-$319.00,Data Science,Caf&eacute; study group
REC-1046,PRJ-2026-4052,Study on GIS Mapping,Stephen Miller,2005,university of illinois at urbana-champaign,contact@lab.org,2020-01-15,47,154227.38,GIS Mapping,Phase 1 &amp; 2 complete
,,,,,,,,,,Archival Studies,Sub-tag record
,,,,,,,,,,Data Science,Sub-tag record
REC-1047,prj-2026-1001,Analysis of Cataloging,Patricia Taylor-Garcia,2021,"Technology, Massachusetts Institute of",smith@unlv.edu,2020-01-15,22,-$247.00,Archival Studies,Phase 1 &amp; 2 complete
REC-1048,PRJ-2026-1001,Comprehensive Digital Humanities Data Archival Research Initiative Phase 1,Dr. Brown,1882,"University of California, Berkeley",jdoe@illinois.edu,1900-01-01,4,-$400.00,GIS Mapping,Cost &lt; Budget
REC-1049,PRJ20261001,Study on Archival Studies,Steven Miller,2005,Univ of Nevada Las Vegas,a.wright@berkeley.edu,2018-11-05,24,"$59,116.19",Python,Caf&eacute; study group
REC-1050,prj-2026-1001,Investigation into GIS Mapping and Modern Data Pipelines,m. davis,2018,"Berkeley, University of California",r.johnson@mit.edu,2025-12-01,28,"$114,652.49",Ethics,Phase 1 &amp; 2 complete
REC-1051,PRJ20261001,Proj A,m. davis,2012.0,"University of California, Berkeley",a.wright@berkeley.edu,2016-03-12,11,47113.2 USD,Archival Studies,Notes on &quot;UIUC&quot;
REC-1052,INVALID_CODE,Study on Cataloging,Jane Smith,'15,UIUC,contact@lab.org,2018-11-05,10,"$28,843.44",Metadata,Notes on &quot;UIUC&quot;
REC-1053,PRJ20261001,Investigation into Ethics and Modern Data Pipelines,Dr. Jane Mary Smith,Unknown,"Technology, Massachusetts Institute of",smith@unlv.edu,,41,FREE,GIS Mapping,Notes on &quot;UIUC&quot;
REC-1054,PRJ20261001,Investigation into Ethics and Modern Data Pipelines,Dr. Jane Mary Smith,'15,University of Illinois at Urbana-Champaign,contact@lab.org,2020-01-15,25,-$293.00,Python,Caf&eacute; study group
REC-1055,INVALID_CODE,Analysis of Cataloging,Michael O'Brown,2018,"Technology, Massachusetts Institute of",a.wright@berkeley.edu,1900-01-01,5,-$269.00,Archival Studies,Notes on &quot;UIUC&quot;
REC-1056,PRJ-2026-4052,Study on Data Science,Bryan Stewart,N/A,Univ. of Illinois (UIUC),smith@unlv.edu,2099-12-31,47,"$126,545.15",Ethics,Cost &lt; Budget
REC-1057,PRJ-2026-9900,Proj A,Dr. Jane Mary Smith,2020,Cal Berkeley,r.johnson@mit.edu,2018-11-05,43,"$155,301.92",GIS Mapping,Caf&eacute; study group
REC-1058,PRJ-2026-9900,Study on Data Science,Jayne Smyth,2012.0,"Las Vegas, University of Nevada",smith@unlv.edu,,14,"$28,139.31",Bioinformatics,Caf&eacute; study group
REC-1059,prj-2026-1001,Analysis of Metadata,Robert Johnson,Pending,"University of Nevada, Las Vegas",a.wright@berkeley.edu,2016-03-12,46,"$144,430.54",Python,Caf&eacute; study group
REC-1060,PRJ20261001,Comprehensive Digital Humanities Data Archival Research Initiative Phase 1,Dr. Brown,'15,MIT,a.wright@berkeley.edu,2018-11-05,25,80610.89,Bioinformatics,Notes on &quot;UIUC&quot;
,,,,,,,,,,GIS Mapping,Sub-tag record
,,,,,,,,,,Data Science,Sub-tag record
,,,,,,,,,,Archival Studies,Sub-tag record
REC-1061,prj-2026-1001,Study on GIS Mapping,Bryan Stewart,2012.0,"University of Nevada, Las Vegas",smith@unlv.edu,2020-01-15,44,71203.78 USD,Metadata,Phase 1 &amp; 2 complete
,,,,,,,,,,Machine Learning,Sub-tag record
,,,,,,,,,,Ethics,Sub-tag record
REC-1062,,Comprehensive Digital Humanities Data Archival Research Project Phase 2,Dr. Brown,2022,Urbana Champaign University of Illinois,r.johnson@mit.edu,,19,80600.79 USD,GIS Mapping,Cost &lt; Budget
REC-1063,INVALID_CODE,National Science Foundation Geospatial Analysis Infrastructure Program,Dr. Smith,2022,university of illinois at urbana-champaign,smith@unlv.edu,,28,-$163.00,GIS Mapping,Cost &lt; Budget
REC-1064,PRJ-26-1001,Proj A,Dr. Jane Mary Smith,2015,M.I.T.,contact@lab.org,2021-07-22,32,135301.21,Machine Learning,Phase 1 &amp; 2 complete
REC-1065,PRJ-2026-8819,Analysis of GIS Mapping,Johnathan Doe,2021,M.I.T.,contact@lab.org,1900-01-01,47,203882.35 USD,Metadata,Caf&eacute; study group
REC-1066,PRJ20261001,Investigation into Archival Studies and Modern Data Pipelines,Smith,2018,Univ of Nevada Las Vegas,smith@unlv.edu,2099-12-31,9,39985.05,Python,Notes on &quot;UIUC&quot;
REC-1067,PRJ-2026-1001,Study on Machine Learning,Kathryn Write,2020,MIT,contact@lab.org,2016-03-12,11,FREE,Cataloging,Cost &lt; Budget
,,,,,,,,,,Ethics,Sub-tag record
,,,,,,,,,,Bioinformatics,Sub-tag record
,,,,,,,,,,Machine Learning,Sub-tag record
REC-1068,PRJ-2026-8819,National Science Foundation Geospatial Analysis Infrastructure Project,Dr. Doe,Class of 2018,University of Illinois at Urbana-Champaign,smith@unlv.edu,,10,"$34,831.73",Python,Cost &lt; Budget
REC-1069,,Analysis of Metadata,Alexandr Wright,2018,Univ of Nevada Las Vegas,a.wright@berkeley.edu,2018-11-05,26,"$79,032.56",Cataloging,Phase 1 &amp; 2 complete
REC-1070,PRJ-2026-1001,Study on Ethics,Christina Taylor,Pending,"Las Vegas, University of Nevada",jdoe@illinois.edu,2099-12-31,9,26737.26 USD,Python,Caf&eacute; study group
,,,,,,,,,,Metadata,Sub-tag record
REC-1071,prj-2026-1001,Study on Ethics,Steven Miller,c2020,UNLV,contact@lab.org,2099-12-31,9,"$34,913.59",Ethics,Na&iuml;ve Bayes test
REC-1072,INVALID_CODE,Analysis of Cataloging,Robert Jhnson,c. 2005,"Technology, Massachusetts Institute of",a.wright@berkeley.edu,2018-11-05,45,FREE,Archival Studies,Cost &lt; Budget
REC-1073,PRJ-2026-8819,Study on Machine Learning,Jane Smith,2021,"Technology, Massachusetts Institute of",r.johnson@mit.edu,,38,"$121,031.91",Bioinformatics,Phase 1 &amp; 2 complete
REC-1074,PRJ20261001,Study on Python,Geoffrey Clark,2050,Univ of Illinois Urbana Champaign,smith@unlv.edu,2021-07-22,38,98901.96,Bioinformatics,Phase 1 &amp; 2 complete
REC-1075,PRJ-26-1001,Study on GIS Mapping,Bryan Stewart,2005,University of Illinois at Urbana-Champaign,r.johnson@mit.edu,2025-12-01,12,38387.56 USD,Data Science,Phase 1 &amp; 2 complete
,,,,,,,,,,Machine Learning,Sub-tag record
,,,,,,,,,,Python,Sub-tag record
,,,,,,,,,,GIS Mapping,Sub-tag record
REC-1076,PRJ-2026-4052,Analysis of Python,Robert Jhnson,2012.0,UIUC,r.johnson@mit.edu,2016-03-12,42,"$69,270.07",Bioinformatics,Notes on &quot;UIUC&quot;
REC-1077,PRJ-26-1001,Investigation into Archival Studies and Modern Data Pipelines,A. PROF. WILSON,1998,Univ of Nevada Las Vegas,jdoe@illinois.edu,1900-01-01,46,-$441.00,Cataloging,Phase 1 &amp; 2 complete
REC-1078,prj-2026-1001,Proj A,A. PROF. WILSON,'15,Urbana Champaign University of Illinois,smith@unlv.edu,2023-09-30,34,FREE,Ethics,Cost &lt; Budget
REC-1079,INVALID_CODE,Analysis of Python,Alexander Wright,c2020,university of illinois at urbana-champaign,jdoe@illinois.edu,2016-03-12,23,-$307.00,Bioinformatics,Caf&eacute; study group
REC-1080,PRJ20261001,National Science Foundation Geospatial Analysis Infrastructure Program,Dr. Smith,c. 2005,University of Illinois at Urbana-Champaign,contact@lab.org,2025-12-01,9,-$305.00,Bioinformatics,Phase 1 &amp; 2 complete
REC-1081,,Comprehensive Digital Humanities Data Archival Research Project Phase 2,Dr. Johnson,2005,UNLV,jdoe@illinois.edu,,25,FREE,Metadata,Notes on &quot;UIUC&quot;
REC-1082,PRJ-2026-8819,Comprehensive Digital Humanities Data Archival Research Project Phase 2,Dr. Doe,2022,Cal Berkeley,jdoe@illinois.edu,2099-12-31,40,-$429.00,Python,Caf&eacute; study group
REC-1083,prj-2026-1001,National Science Foundation Geospatial Analysis Infrastructure Program,Dr. Doe,Unknown,university of illinois at urbana-champaign,r.johnson@mit.edu,2016-03-12,22,"$63,475.00",Machine Learning,Cost &lt; Budget
,,,,,,,,,,Ethics,Sub-tag record
,,,,,,,,,,GIS Mapping,Sub-tag record
REC-1084,PRJ20261001,Proj A,m. davis,2050,MIT,r.johnson@mit.edu,,31,56125.67,Machine Learning,Notes on &quot;UIUC&quot;
REC-1085,PRJ-26-1001,Analysis of Archival Studies,Johnathan Doee,,MIT,smith@unlv.edu,2025-12-01,24,"$84,880.64",Python,Cost &lt; Budget
REC-1086,PRJ-2026-8819,Study on Bioinformatics,Jeffrey Clarke,Class of 2018,"Las Vegas, University of Nevada",contact@lab.org,2025-12-01,12,51002.87,Bioinformatics,Phase 1 &amp; 2 complete
REC-1087,PRJ-2026-8819,Analysis of Machine Learning,Alexander Wright,1882,"Las Vegas, University of Nevada",r.johnson@mit.edu,,30,"$90,763.96",Metadata,Phase 1 &amp; 2 complete
REC-1088,PRJ-2026-4052,Analysis of Archival Studies,Patricia Taylor-Garcia,2012,Urbana Champaign University of Illinois,smith@unlv.edu,2023-09-30,37,-$119.00,Metadata,Phase 1 &amp; 2 complete
REC-1089,INVALID_CODE,Proj A,Jane Smith,2005,Cal Berkeley,jdoe@illinois.edu,2025-12-01,42,98900.92 USD,Cataloging,Notes on &quot;UIUC&quot;
REC-1090,prj-2026-1001,Comprehensive Digital Humanities Data Archival Research Project Phase 2,Dr. Brown,2050,U.N.L.V.,a.wright@berkeley.edu,1900-01-01,13,-$170.00,Data Science,Na&iuml;ve Bayes test
REC-1091,prj-2026-1001,Proj A,Dr. Jane Mary Smith,2021,"University of California, Berkeley",smith@unlv.edu,2099-12-31,30,FREE,Python,Na&iuml;ve Bayes test
REC-1092,PRJ-26-1001,Study on Ethics,Kathryn Write,2012,U.N.L.V.,jdoe@illinois.edu,2021-07-22,9,36157.76,Metadata,Phase 1 &amp; 2 complete
REC-1093,PRJ-2026-4052,Study on Archival Studies,Geoffrey Clark,Unknown,Univ. of Illinois (UIUC),jdoe@illinois.edu,2016-03-12,12,-$370.00,GIS Mapping,Cost &lt; Budget
REC-1094,,Analysis of Cataloging,Patricia Taylor Garcia,Pending,"Technology, Massachusetts Institute of",a.wright@berkeley.edu,2016-03-12,48,92675.06 USD,Cataloging,Na&iuml;ve Bayes test
,,,,,,,,,,Bioinformatics,Sub-tag record
,,,,,,,,,,Machine Learning,Sub-tag record
REC-1095,,Study on Machine Learning,Bryan Stewart,1882,"University of California, Berkeley",contact@lab.org,2016-03-12,5,17035.06,Data Science,Caf&eacute; study group
REC-1096,PRJ-2026-8819,Comprehensive Digital Humanities Data Archival Research Initiative Phase 1,Dr. Smith,2021,"University of Nevada, Las Vegas",r.johnson@mit.edu,2016-03-12,44,89111.76 USD,Archival Studies,Cost &lt; Budget
REC-1097,PRJ-2026-1001,Analysis of Archival Studies,Michael OBrown,'15,"Urbana-Champaign, University of Illinois",smith@unlv.edu,2025-12-01,37,"$108,047.37",Cataloging,Cost &lt; Budget
REC-1098,INVALID_CODE,Comprehensive Digital Humanities Data Archival Research Project Phase 1,Dr. Johnson,Class of 2018,UNLV,r.johnson@mit.edu,1900-01-01,27,FREE,Archival Studies,Caf&eacute; study group
REC-1099,,Comprehensive Digital Humanities Data Archival Research Project Phase 1,Dr. Johnson,2020,"Technology, Massachusetts Institute of",smith@unlv.edu,2023-09-30,23,80103.43,Bioinformatics,Cost &lt; Budget
REC-1100,PRJ-2026-4052,Analysis of Data Science,Robert Jhnson,N/A,U.N.L.V.,jdoe@illinois.edu,1900-01-01,46,"$91,078.17",Archival Studies,Cost &lt; Budget
REC-1101,PRJ-2026-8819,Study on Python,Steven Miller,c2020,U.N.L.V.,jdoe@illinois.edu,2099-12-31,7,-$287.00,GIS Mapping,Cost &lt; Budget
REC-1102,PRJ-2026-4052,Analysis of Metadata,Johnathan Doee,,M.I.T.,contact@lab.org,2023-09-30,16,71825.53,Archival Studies,Cost &lt; Budget
REC-1103,PRJ-2026-4052,Analysis of Machine Learning,Johnathan Doee,2005,MIT,a.wright@berkeley.edu,2025-12-01,38,118807.54,Metadata,Cost &lt; Budget
REC-1104,PRJ-2026-1001,Comprehensive Digital Humanities Data Archival Research Project Phase 1,Dr. Doe,2022,Urbana Champaign University of Illinois,a.wright@berkeley.edu,2025-12-01,32,-$166.00,Machine Learning,Na&iuml;ve Bayes test
REC-1105,PRJ-2026-4052,Study on Archival Studies,Jeffrey Clarke,N/A,"University of California, Berkeley",contact@lab.org,2020-01-15,31,-$276.00,Ethics,Cost &lt; Budget
REC-1106,PRJ-2026-8819,Analysis of Data Science,Michael OBrown,,Univ of Illinois Urbana Champaign,smith@unlv.edu,2025-12-01,36,"$150,652.00",Ethics,Notes on &quot;UIUC&quot;
REC-1107,PRJ-2026-8819,Comprehensive Digital Humanities Data Archival Research Initiative Phase 1,Dr. Doe,1882,Cal Berkeley,smith@unlv.edu,2020-01-15,41,-$121.00,Data Science,Na&iuml;ve Bayes test
REC-1108,PRJ20261001,Study on GIS Mapping,Jane Smith,2050,Urbana Champaign University of Illinois,jdoe@illinois.edu,,22,64874.36 USD,Machine Learning,Cost &lt; Budget
REC-1109,PRJ-26-1001,Study on Archival Studies,Steven Miller,1998,MIT,smith@unlv.edu,2025-12-01,11,-$387.00,Cataloging,Cost &lt; Budget
REC-1110,INVALID_CODE,Investigation into GIS Mapping and Modern Data Pipelines,Smith,2022,"University of Nevada, Las Vegas",r.johnson@mit.edu,1900-01-01,13,-$469.00,Metadata,Notes on &quot;UIUC&quot;
REC-1111,INVALID_CODE,Investigation into Archival Studies and Modern Data Pipelines,A. PROF. WILSON,Unknown,"Las Vegas, University of Nevada",duplicate.user@research.org,,16,"$52,000.52",Archival Studies,Caf&eacute; study group
,,,,,,,,,,GIS Mapping,Sub-tag record
,,,,,,,,,,Ethics,Sub-tag record
REC-1112,PRJ-2026-1001,Study on GIS Mapping,Jayne Smyth,c2020,U.N.L.V.,a.wright@berkeley.edu,,21,-$330.00,GIS Mapping,Notes on &quot;UIUC&quot;
REC-1113,PRJ-2026-8819,Study on Bioinformatics,Stephen Miller,c. 2005,U.N.L.V.,r.johnson@mit.edu,2021-07-22,35,"$56,726.77",Python,Na&iuml;ve Bayes test
REC-1114,PRJ-26-1001,Proj A,A. PROF. WILSON,,Cal Berkeley,contact@lab.org,2020-01-15,22,-$360.00,GIS Mapping,Caf&eacute; study group
REC-1115,PRJ20261001,Investigation into Python and Modern Data Pipelines,Smith,N/A,Univ of Illinois Urbana Champaign,jdoe@illinois.edu,2023-09-30,6,FREE,Bioinformatics,Na&iuml;ve Bayes test
REC-1116,PRJ-2026-8819,Analysis of Machine Learning,Michael OBrown,2015,Urbana Champaign University of Illinois,a.wright@berkeley.edu,1900-01-01,42,"$178,985.64",Ethics,Notes on &quot;UIUC&quot;
REC-1117,PRJ20261001,Analysis of Archival Studies,Alexandr Wright,c2020,"University of California, Berkeley",smith@unlv.edu,,46,175534.59,Cataloging,Cost &lt; Budget
REC-1118,PRJ-26-1001,Analysis of Cataloging,Patricia Taylor-Garcia,'15,"Las Vegas, University of Nevada",a.wright@berkeley.edu,2099-12-31,20,-$446.00,Bioinformatics,Cost &lt; Budget
REC-1119,PRJ-26-1001,Comprehensive Digital Humanities Data Archival Research Initiative Phase 1,Dr. Doe,'15,"Urbana-Champaign, University of Illinois",jdoe@illinois.edu,2099-12-31,16,-$238.00,GIS Mapping,Cost &lt; Budget
REC-1120,PRJ-2026-9900,Analysis of Cataloging,Johnathan Doe,2018,"University of Nevada, Las Vegas",contact@lab.org,2021-07-22,24,"$87,649.78",Metadata,Phase 1 &amp; 2 complete
REC-1121,prj-2026-1001,Study on Metadata,Bryan Stewart,Unknown,"Technology, Massachusetts Institute of",smith@unlv.edu,2025-12-01,8,FREE,Data Science,Cost &lt; Budget
REC-1122,prj-2026-1001,Analysis of Metadata,Robert Johnson,c2020,"Urbana-Champaign, University of Illinois",smith@unlv.edu,2016-03-12,41,74697.98,Ethics,Phase 1 &amp; 2 complete
REC-1123,PRJ-2026-8819,Investigation into Ethics and Modern Data Pipelines,Jane Smith,1998,Univ of Nevada Las Vegas,r.johnson@mit.edu,2099-12-31,3,11129.56,Cataloging,Cost &lt; Budget
REC-1124,PRJ-2026-4052,Analysis of Bioinformatics,Alexander Wright,,"Technology, Massachusetts Institute of",a.wright@berkeley.edu,2020-01-15,18,27368.83 USD,GIS Mapping,Notes on &quot;UIUC&quot;
REC-1125,PRJ-2026-9900,National Science Foundation Geospatial Analysis Infrastructure Project,Dr. Johnson,2015,UC Berkeley,r.johnson@mit.edu,2016-03-12,13,-$460.00,Machine Learning,Phase 1 &amp; 2 complete
REC-1126,PRJ-2026-8819,National Science Foundation Geospatial Analysis Infrastructure Project,Dr. Johnson,2012,"University of Nevada, Las Vegas",a.wright@berkeley.edu,2099-12-31,47,147942.07 USD,Cataloging,Na&iuml;ve Bayes test
REC-1127,PRJ-2026-4052,Analysis of Machine Learning,Alexander Wright,Pending,"University of California, Berkeley",r.johnson@mit.edu,2018-11-05,35,-$176.00,Ethics,Phase 1 &amp; 2 complete
REC-1128,PRJ20261001,Investigation into Cataloging and Modern Data Pipelines,Smith,,university of illinois at urbana-champaign,jdoe@illinois.edu,2020-01-15,39,65255.2 USD,GIS Mapping,Na&iuml;ve Bayes test
REC-1129,PRJ-26-1001,Study on Data Science,Kathryn Write,2050,Urbana Champaign University of Illinois,a.wright@berkeley.edu,2018-11-05,7,31208.88 USD,Metadata,Na&iuml;ve Bayes test
,,,,,,,,,,Ethics,Sub-tag record
,,,,,,,,,,Bioinformatics,Sub-tag record
REC-1130,PRJ-2026-8819,Investigation into Bioinformatics and Modern Data Pipelines,Dr. Jane Mary Smith,c2020,Massachusetts Institute of Technology,contact@lab.org,2025-12-01,37,FREE,Cataloging,Phase 1 &amp; 2 complete
REC-1131,PRJ-2026-9900,Study on Archival Studies,Jane Smith,N/A,"Berkeley, University of California",smith@unlv.edu,2099-12-31,15,"$64,683.47",Bioinformatics,Cost &lt; Budget
,,,,,,,,,,Data Science,Sub-tag record
,,,,,,,,,,Machine Learning,Sub-tag record
,,,,,,,,,,Ethics,Sub-tag record
REC-1132,INVALID_CODE,Study on Archival Studies,Jane Smith,2018,Cal Berkeley,jdoe@illinois.edu,2099-12-31,6,11522.44,Python,Notes on &quot;UIUC&quot;
REC-1133,prj-2026-1001,Comprehensive Digital Humanities Data Archival Research Initiative Phase 1,Dr. Doe,,Univ. of Illinois (UIUC),r.johnson@mit.edu,2016-03-12,14,47291.71 USD,Data Science,Na&iuml;ve Bayes test
REC-1134,INVALID_CODE,National Science Foundation Geospatial Analysis Infrastructure Project,Dr. Brown,N/A,UNLV,r.johnson@mit.edu,2020-01-15,17,FREE,Data Science,Na&iuml;ve Bayes test
REC-1135,PRJ-2026-4052,Proj A,m. davis,2012,Massachusetts Institute of Technology,r.johnson@mit.edu,2099-12-31,15,24819.15 USD,Data Science,Cost &lt; Budget
REC-1136,prj-2026-1001,Study on Ethics,Stephen Miller,Unknown,Urbana Champaign University of Illinois,r.johnson@mit.edu,2016-03-12,10,37406.38 USD,Cataloging,Notes on &quot;UIUC&quot;
REC-1137,prj-2026-1001,Investigation into Ethics and Modern Data Pipelines,Jane Smith,c2020,"Las Vegas, University of Nevada",r.johnson@mit.edu,2023-09-30,34,98532.41 USD,Python,Cost &lt; Budget
REC-1138,prj-2026-1001,Analysis of Data Science,Patricia Taylor Garcia,2012,UC Berkeley,jdoe@illinois.edu,,29,FREE,Bioinformatics,Na&iuml;ve Bayes test
REC-1139,PRJ20261001,Analysis of Python,Robert Johnson,Unknown,Univ of Nevada Las Vegas,a.wright@berkeley.edu,2020-01-15,37,-$428.00,Ethics,Cost &lt; Budget
REC-1140,PRJ-2026-4052,Study on Data Science,Jane Smith,N/A,University of Illinois at Urbana-Champaign,smith@unlv.edu,2020-01-15,32,-$426.00,Archival Studies,Phase 1 &amp; 2 complete
REC-1141,,Investigation into Data Science and Modern Data Pipelines,Smith,2015,University of Illinois at Urbana-Champaign,r.johnson@mit.edu,2023-09-30,47,FREE,Machine Learning,Phase 1 &amp; 2 complete
REC-1142,PRJ-2026-4052,Analysis of Ethics,Michael OBrown,2012.0,Univ of Nevada Las Vegas,a.wright@berkeley.edu,2025-12-01,18,FREE,Machine Learning,Caf&eacute; study group
REC-1143,PRJ-2026-8819,Study on Bioinformatics,Jayne Smyth,Unknown,"Berkeley, University of California",jdoe@illinois.edu,2018-11-05,44,-$148.00,Data Science,Caf&eacute; study group
REC-1144,,Analysis of Archival Studies,Michael O'Brown,2018,Univ of Nevada Las Vegas,r.johnson@mit.edu,2016-03-12,23,FREE,Bioinformatics,Notes on &quot;UIUC&quot;
REC-1145,PRJ-26-1001,Study on Cataloging,Jeffrey Clarke,c2020,UC Berkeley,contact@lab.org,1900-01-01,47,-$481.00,Data Science,Notes on &quot;UIUC&quot;
REC-1146,PRJ-2026-1001,Study on Machine Learning,Kathryn Write,c2020,UNLV,r.johnson@mit.edu,2023-09-30,25,78977.83 USD,Bioinformatics,Caf&eacute; study group
REC-1147,PRJ-2026-8819,Study on Cataloging,Brian Stuart,2020,university of illinois at urbana-champaign,a.wright@berkeley.edu,1900-01-01,8,12124.69,GIS Mapping,Cost &lt; Budget
REC-1148,PRJ-2026-4052,Study on Bioinformatics,Steven Miller,1882,MIT,a.wright@berkeley.edu,2016-03-12,8,26326.19,Data Science,Phase 1 &amp; 2 complete
REC-1149,,National Science Foundation Geospatial Analysis Infrastructure Program,Dr. Brown,1882,university of illinois at urbana-champaign,smith@unlv.edu,2020-01-15,20,48067.88 USD,Metadata,Caf&eacute; study group
REC-1150,PRJ20261001,Investigation into Bioinformatics and Modern Data Pipelines,Dr. Jane Mary Smith,2020,M.I.T.,smith@unlv.edu,2021-07-22,22,33446.65 USD,Bioinformatics,Caf&eacute; study group
REC-1151,PRJ-2026-9900,Comprehensive Digital Humanities Data Archival Research Initiative Phase 1,Dr. Brown,2022,"Technology, Massachusetts Institute of",contact@lab.org,2099-12-31,28,123372.92,Archival Studies,Cost &lt; Budget
REC-1152,,Analysis of Bioinformatics,Patricia Taylor Garcia,2021,U.N.L.V.,smith@unlv.edu,2020-01-15,32,FREE,GIS Mapping,Na&iuml;ve Bayes test
REC-1153,INVALID_CODE,Study on Metadata,Catherine Wright,2012,"Las Vegas, University of Nevada",smith@unlv.edu,1900-01-01,41,120445.87 USD,Bioinformatics,Phase 1 &amp; 2 complete
REC-1154,PRJ-26-1001,Study on Ethics,Geoffrey Clark,2020,Cal Berkeley,smith@unlv.edu,2020-01-15,44,155426.29 USD,Python,Na&iuml;ve Bayes test
REC-1155,,Proj A,Smith,2012,Univ of Nevada Las Vegas,contact@lab.org,2021-07-22,32,-$453.00,Python,Caf&eacute; study group
REC-1156,PRJ-26-1001,Study on Bioinformatics,Kathryn Write,2021,university of illinois at urbana-champaign,smith@unlv.edu,2023-09-30,16,49013.51,Archival Studies,Cost &lt; Budget
REC-1157,PRJ-26-1001,Investigation into Machine Learning and Modern Data Pipelines,Dr. Jane Mary Smith,2021,"Urbana-Champaign, University of Illinois",duplicate.user@research.org,2018-11-05,18,-$181.00,Bioinformatics,Notes on &quot;UIUC&quot;
REC-1158,PRJ-2026-9900,Proj A,Jane Smith,N/A,UIUC,contact@lab.org,2099-12-31,3,FREE,Machine Learning,Na&iuml;ve Bayes test
REC-1159,,Study on Python,Brian Stuart,Pending,Urbana Champaign University of Illinois,a.wright@berkeley.edu,2025-12-01,28,91308.4,Archival Studies,Na&iuml;ve Bayes test
REC-1160,PRJ-2026-4052,Analysis of Machine Learning,Patricia Taylor-Garcia,c. 2005,Univ. of Illinois (UIUC),r.johnson@mit.edu,2020-01-15,35,-$170.00,Bioinformatics,Cost &lt; Budget
REC-1161,PRJ-2026-8819,Analysis of Metadata,Robert Johnson,2005,"Berkeley, University of California",smith@unlv.edu,2025-12-01,25,108888.15 USD,Bioinformatics,Caf&eacute; study group
REC-1162,PRJ-2026-1001,Investigation into Archival Studies and Modern Data Pipelines,m. davis,Unknown,MIT,contact@lab.org,2021-07-22,17,FREE,Archival Studies,Cost &lt; Budget
REC-1163,PRJ20261001,Study on Ethics,Brian Stuart,1882,U.N.L.V.,jdoe@illinois.edu,,9,FREE,Data Science,Notes on &quot;UIUC&quot;
REC-1164,PRJ-2026-9900,Proj A,Dr. Jane Mary Smith,2021,MIT,smith@unlv.edu,2025-12-01,13,FREE,Data Science,Na&iuml;ve Bayes test
REC-1165,prj-2026-1001,National Science Foundation Geospatial Analysis Infrastructure Project,Dr. Johnson,2005,"Berkeley, University of California",r.johnson@mit.edu,2023-09-30,46,FREE,Bioinformatics,Na&iuml;ve Bayes test
REC-1166,PRJ-2026-9900,Study on Metadata,Geoffrey Clark,2012,Univ. of Illinois (UIUC),r.johnson@mit.edu,1900-01-01,43,99164.51 USD,Machine Learning,Caf&eacute; study group
REC-1167,PRJ-2026-1001,Study on GIS Mapping,Catherine Wright,Pending,U.N.L.V.,r.johnson@mit.edu,2018-11-05,47,"$121,009.40",Bioinformatics,Caf&eacute; study group
REC-1168,,Analysis of Archival Studies,Robert Johnson,c. 2005,Univ of Nevada Las Vegas,r.johnson@mit.edu,2020-01-15,24,"$100,379.14",Archival Studies,Na&iuml;ve Bayes test
,,,,,,,,,,Data Science,Sub-tag record
,,,,,,,,,,Ethics,Sub-tag record
,,,,,,,,,,Machine Learning,Sub-tag record
REC-1169,PRJ-2026-8819,Investigation into Data Science and Modern Data Pipelines,m. davis,2022,Urbana Champaign University of Illinois,r.johnson@mit.edu,2023-09-30,19,FREE,GIS Mapping,Phase 1 &amp; 2 complete
,,,,,,,,,,Cataloging,Sub-tag record
,,,,,,,,,,Archival Studies,Sub-tag record
,,,,,,,,,,Python,Sub-tag record
REC-1170,,Study on Cataloging,Kristina Tailor,2020,M.I.T.,smith@unlv.edu,2099-12-31,1,"$750,000.00",Bioinformatics,Phase 1 &amp; 2 complete
REC-1171,prj-2026-1001,Analysis of Bioinformatics,Robert Jhnson,2021,university of illinois at urbana-champaign,r.johnson@mit.edu,2020-01-15,11,FREE,Data Science,Caf&eacute; study group
,,,,,,,,,,Metadata,Sub-tag record
,,,,,,,,,,Cataloging,Sub-tag record
,,,,,,,,,,Archival Studies,Sub-tag record
REC-1172,PRJ-2026-4052,Analysis of Archival Studies,Michael O'Brown,2020,Urbana Champaign University of Illinois,smith@unlv.edu,1900-01-01,23,FREE,Machine Learning,Cost &lt; Budget
REC-1173,,Analysis of GIS Mapping,Alexander Wright,'15,University of Illinois at Urbana-Champaign,contact@lab.org,2021-07-22,6,FREE,Machine Learning,Caf&eacute; study group
REC-1174,PRJ-2026-8819,Analysis of Machine Learning,Robert Johnson,2015,"University of California, Berkeley",r.johnson@mit.edu,1900-01-01,37,131306.57 USD,Machine Learning,Na&iuml;ve Bayes test
REC-1175,,Study on GIS Mapping,Brian Stuart,2018,Urbana Champaign University of Illinois,a.wright@berkeley.edu,2023-09-30,30,"$108,162.96",Ethics,Na&iuml;ve Bayes test
REC-1176,,Analysis of Machine Learning,Patricia Taylor Garcia,1998,"University of California, Berkeley",smith@unlv.edu,2025-12-01,44,"$155,899.35",Bioinformatics,Caf&eacute; study group
REC-1177,prj-2026-1001,Analysis of Bioinformatics,Johnathan Doee,Pending,Univ of Illinois Urbana Champaign,jdoe@illinois.edu,2020-01-15,1,"$750,000.00",Python,Phase 1 &amp; 2 complete
REC-1178,PRJ-2026-1001,Comprehensive Digital Humanities Data Archival Research Initiative Phase 1,Dr. Doe,Class of 2018,Univ. of Illinois (UIUC),jdoe@illinois.edu,2025-12-01,7,-$421.00,Ethics,Caf&eacute; study group
,,,,,,,,,,Python,Sub-tag record
,,,,,,,,,,Data Science,Sub-tag record
REC-1179,PRJ-2026-4052,Investigation into Metadata and Modern Data Pipelines,A. PROF. WILSON,Class of 2018,UIUC,contact@lab.org,2021-07-22,60,$100.00,Archival Studies,Na&iuml;ve Bayes test
REC-1180,PRJ-2026-9900,Comprehensive Digital Humanities Data Archival Research Project Phase 2,Dr. Brown,2018,UIUC,a.wright@berkeley.edu,2025-12-01,23,"$53,216.80",Machine Learning,Notes on &quot;UIUC&quot;
REC-1181,prj-2026-1001,Study on Ethics,Steven Miller,c2020,"Urbana-Champaign, University of Illinois",a.wright@berkeley.edu,2023-09-30,32,FREE,GIS Mapping,Cost &lt; Budget
REC-1182,PRJ-2026-8819,Analysis of Archival Studies,Robert Jhnson,1882,Urbana Champaign University of Illinois,smith@unlv.edu,2016-03-12,37,"$93,953.03",Data Science,Caf&eacute; study group
REC-1183,PRJ-2026-8819,Proj A,Dr. Jane Mary Smith,2012,"University of California, Berkeley",jdoe@illinois.edu,2023-09-30,17,-$311.00,Python,Phase 1 &amp; 2 complete
REC-1184,INVALID_CODE,Proj A,Smith,2020,Massachusetts Institute of Technology,jdoe@illinois.edu,2020-01-15,23,98396.89 USD,Python,Notes on &quot;UIUC&quot;
REC-1185,PRJ-2026-4052,Comprehensive Digital Humanities Data Archival Research Initiative Phase 1,Dr. Brown,2020,"University of Nevada, Las Vegas",smith@unlv.edu,2020-01-15,32,"$78,147.20",Cataloging,Phase 1 &amp; 2 complete
REC-1186,PRJ-2026-1001,Investigation into Archival Studies and Modern Data Pipelines,Dr. Jane Mary Smith,2020,Univ of Illinois Urbana Champaign,r.johnson@mit.edu,2021-07-22,48,107743.51,Data Science,Cost &lt; Budget
REC-1187,,Comprehensive Digital Humanities Data Archival Research Project Phase 2,Dr. Johnson,c2020,University of Illinois at Urbana-Champaign,contact@lab.org,2021-07-22,11,"$20,507.96",Cataloging,Phase 1 &amp; 2 complete
REC-1188,PRJ-2026-1001,Analysis of Python,Michael O'Brown,2050,university of illinois at urbana-champaign,jdoe@illinois.edu,2018-11-05,31,"$121,764.78",Python,Notes on &quot;UIUC&quot;
REC-1189,PRJ20261001,Study on Data Science,Jane Smith,2050,UIUC,a.wright@berkeley.edu,2016-03-12,14,FREE,Archival Studies,Caf&eacute; study group
REC-1190,PRJ20261001,Analysis of Cataloging,Johnathan Doe,Unknown,"Las Vegas, University of Nevada",contact@lab.org,2016-03-12,11,-$227.00,Ethics,Phase 1 &amp; 2 complete
REC-1191,,Study on Python,Catherine Wright,1882,M.I.T.,r.johnson@mit.edu,2025-12-01,4,FREE,Data Science,Caf&eacute; study group
,,,,,,,,,,Archival Studies,Sub-tag record
,,,,,,,,,,GIS Mapping,Sub-tag record
REC-1192,,Comprehensive Digital Humanities Data Archival Research Project Phase 2,Dr. Doe,2012,Univ of Illinois Urbana Champaign,r.johnson@mit.edu,2016-03-12,27,FREE,Python,Notes on &quot;UIUC&quot;
REC-1193,PRJ20261001,Comprehensive Digital Humanities Data Archival Research Initiative Phase 1,Dr. Smith,2050,UC Berkeley,smith@unlv.edu,,5,FREE,Data Science,Cost &lt; Budget
REC-1194,PRJ-2026-1001,Proj A,Smith,c. 2005,Univ. of Illinois (UIUC),r.johnson@mit.edu,2016-03-12,12,-$286.00,Python,Notes on &quot;UIUC&quot;
REC-1195,INVALID_CODE,Investigation into Machine Learning and Modern Data Pipelines,A. PROF. WILSON,c. 2005,"Las Vegas, University of Nevada",smith@unlv.edu,2099-12-31,38,-$282.00,Metadata,Cost &lt; Budget
REC-1196,INVALID_CODE,Proj A,Dr. Jane Mary Smith,2015,UIUC,contact@lab.org,2016-03-12,42,-$153.00,Metadata,Notes on &quot;UIUC&quot;
REC-1197,PRJ-26-1001,Comprehensive Digital Humanities Data Archival Research Project Phase 2,Dr. Smith,c. 2005,U.N.L.V.,jdoe@illinois.edu,2099-12-31,18,64431.51,Machine Learning,Phase 1 &amp; 2 complete
REC-1198,PRJ-26-1001,Study on Bioinformatics,Jayne Smyth,N/A,UIUC,a.wright@berkeley.edu,,33,-$433.00,Cataloging,Caf&eacute; study group
REC-1199,PRJ-2026-4052,Analysis of Data Science,Robert Jhnson,2015,"Las Vegas, University of Nevada",jdoe@illinois.edu,2025-12-01,13,-$147.00,Archival Studies,Notes on &quot;UIUC&quot;
REC-1200,PRJ-26-1001,Study on Metadata,Catherine Wright,N/A,Cal Berkeley,jdoe@illinois.edu,2021-07-22,38,-$235.00,GIS Mapping,Notes on &quot;UIUC&quot;
REC-1201,INVALID_CODE,Analysis of Ethics,Johnathan Doee,2022,M.I.T.,jdoe@illinois.edu,2018-11-05,43,FREE,Cataloging,Cost &lt; Budget
REC-1202,PRJ20261001,Analysis of Archival Studies,Patricia Taylor-Garcia,'15,Univ of Illinois Urbana Champaign,a.wright@berkeley.edu,2023-09-30,27,55475.38 USD,Archival Studies,Phase 1 &amp; 2 complete
REC-1203,PRJ-2026-4052,Study on GIS Mapping,Jeffrey Clarke,Class of 2018,"University of Nevada, Las Vegas",smith@unlv.edu,2018-11-05,29,-$216.00,Bioinformatics,Cost &lt; Budget
REC-1204,,Proj A,A. PROF. WILSON,'15,M.I.T.,jdoe@illinois.edu,,42,81578.4 USD,Metadata,Na&iuml;ve Bayes test
REC-1205,prj-2026-1001,Analysis of Bioinformatics,Michael OBrown,N/A,university of illinois at urbana-champaign,smith@unlv.edu,2025-12-01,38,102298.47,Ethics,Phase 1 &amp; 2 complete
REC-1206,PRJ-2026-4052,Investigation into Ethics and Modern Data Pipelines,Smith,N/A,Univ of Illinois Urbana Champaign,contact@lab.org,2018-11-05,21,86150.94,GIS Mapping,Na&iuml;ve Bayes test
REC-1207,INVALID_CODE,Proj A,m. davis,Class of 2018,UIUC,contact@lab.org,2016-03-12,24,"$85,716.99",GIS Mapping,Caf&eacute; study group
REC-1208,PRJ-2026-4052,Comprehensive Digital Humanities Data Archival Research Initiative Phase 1,Dr. Smith,'15,"Las Vegas, University of Nevada",a.wright@berkeley.edu,2021-07-22,31,118484.87,Bioinformatics,Notes on &quot;UIUC&quot;
REC-1209,,Study on Bioinformatics,Steven Miller,,M.I.T.,jdoe@illinois.edu,2020-01-15,35,-$391.00,Cataloging,Phase 1 &amp; 2 complete
,,,,,,,,,,Data Science,Sub-tag record
REC-1210,,Analysis of Python,Johnathan Doee,Class of 2018,Urbana Champaign University of Illinois,a.wright@berkeley.edu,1900-01-01,18,-$328.00,Archival Studies,Phase 1 &amp; 2 complete
REC-1211,PRJ-2026-1001,Comprehensive Digital Humanities Data Archival Research Project Phase 2,Dr. Johnson,2020,Univ of Nevada Las Vegas,a.wright@berkeley.edu,2020-01-15,16,FREE,GIS Mapping,Na&iuml;ve Bayes test
REC-1212,PRJ-2026-1001,Proj A,A. PROF. WILSON,2022,M.I.T.,contact@lab.org,2021-07-22,22,80040.87,Bioinformatics,Cost &lt; Budget
REC-1213,INVALID_CODE,Comprehensive Digital Humanities Data Archival Research Initiative Phase 1,Dr. Brown,Pending,Urbana Champaign University of Illinois,contact@lab.org,2018-11-05,45,197975.54,GIS Mapping,Phase 1 &amp; 2 complete
REC-1214,prj-2026-1001,National Science Foundation Geospatial Analysis Infrastructure Program,Dr. Smith,c. 2005,university of illinois at urbana-champaign,r.johnson@mit.edu,2023-09-30,36,"$136,671.23",Bioinformatics,Cost &lt; Budget
REC-1215,INVALID_CODE,Comprehensive Digital Humanities Data Archival Research Project Phase 1,Dr. Doe,'15,M.I.T.,a.wright@berkeley.edu,1900-01-01,39,153973.72,Cataloging,Phase 1 &amp; 2 complete
REC-1216,PRJ20261001,Investigation into Ethics and Modern Data Pipelines,Dr. Jane Mary Smith,1882,UIUC,jdoe@illinois.edu,2020-01-15,38,FREE,Python,Cost &lt; Budget
REC-1217,prj-2026-1001,Study on GIS Mapping,Steven Miller,c. 2005,"Technology, Massachusetts Institute of",contact@lab.org,2099-12-31,43,-$136.00,Cataloging,Phase 1 &amp; 2 complete
REC-1218,PRJ-2026-8819,Study on GIS Mapping,Kristina Tailor,2018,"Technology, Massachusetts Institute of",smith@unlv.edu,2021-07-22,39,162962.88 USD,Metadata,Cost &lt; Budget
REC-1219,prj-2026-1001,Study on Metadata,Kathryn Write,2018,UNLV,duplicate.user@research.org,2021-07-22,13,"$38,593.51",Bioinformatics,Notes on &quot;UIUC&quot;
REC-1220,PRJ-2026-9900,Investigation into Bioinformatics and Modern Data Pipelines,m. davis,2015,Massachusetts Institute of Technology,duplicate.user@research.org,2025-12-01,36,"$74,582.28",Cataloging,Phase 1 &amp; 2 complete
REC-1221,PRJ-2026-4052,Analysis of Machine Learning,Patricia Taylor Garcia,,Massachusetts Institute of Technology,smith@unlv.edu,2016-03-12,32,-$368.00,Metadata,Cost &lt; Budget
REC-1222,PRJ-2026-1001,Comprehensive Digital Humanities Data Archival Research Initiative Phase 1,Dr. Brown,2005,Urbana Champaign University of Illinois,a.wright@berkeley.edu,2021-07-22,11,"$23,469.28",Metadata,Notes on &quot;UIUC&quot;
REC-1223,PRJ-2026-1001,Study on Data Science,Geoffrey Clark,Class of 2018,Massachusetts Institute of Technology,contact@lab.org,2016-03-12,4,"$6,578.82",Bioinformatics,Phase 1 &amp; 2 complete
REC-1224,,Study on Metadata,Brian Stuart,2015,Urbana Champaign University of Illinois,jdoe@illinois.edu,2023-09-30,11,"$30,321.25",Machine Learning,Na&iuml;ve Bayes test
REC-1225,,Comprehensive Digital Humanities Data Archival Research Project Phase 1,Dr. Smith,1998,M.I.T.,r.johnson@mit.edu,2021-07-22,21,-$354.00,Archival Studies,Cost &lt; Budget
REC-1226,PRJ20261001,Comprehensive Digital Humanities Data Archival Research Project Phase 1,Dr. Doe,2020,University of Illinois at Urbana-Champaign,contact@lab.org,2020-01-15,7,"$25,694.84",Cataloging,Phase 1 &amp; 2 complete
REC-1227,prj-2026-1001,Investigation into GIS Mapping and Modern Data Pipelines,Dr. Jane Mary Smith,2021,"Urbana-Champaign, University of Illinois",jdoe@illinois.edu,2025-12-01,10,"$17,849.95",Metadata,Cost &lt; Budget
,,,,,,,,,,Python,Sub-tag record
REC-1228,PRJ-2026-8819,National Science Foundation Geospatial Analysis Infrastructure Project,Dr. Brown,2020,Univ of Nevada Las Vegas,r.johnson@mit.edu,2018-11-05,32,74095.98 USD,Archival Studies,Caf&eacute; study group
REC-1229,PRJ20261001,Proj A,Jane Smith,2005,"Urbana-Champaign, University of Illinois",contact@lab.org,2099-12-31,25,FREE,Archival Studies,Notes on &quot;UIUC&quot;
REC-1230,,Study on Machine Learning,Kathryn Write,c. 2005,Univ of Nevada Las Vegas,duplicate.user@research.org,2021-07-22,47,"$169,281.81",Cataloging,Cost &lt; Budget
REC-1231,PRJ-2026-8819,Proj A,Dr. Jane Mary Smith,2018,"Berkeley, University of California",duplicate.user@research.org,,13,22419.74 USD,Python,Caf&eacute; study group
REC-1232,PRJ-2026-9900,National Science Foundation Geospatial Analysis Infrastructure Project,Dr. Smith,1882,"University of Nevada, Las Vegas",a.wright@berkeley.edu,2018-11-05,39,110927.53 USD,Machine Learning,Caf&eacute; study group
REC-1233,PRJ-2026-4052,Investigation into Machine Learning and Modern Data Pipelines,Smith,2018,"Technology, Massachusetts Institute of",jdoe@illinois.edu,2023-09-30,44,154634.62,Data Science,Na&iuml;ve Bayes test
REC-1234,PRJ-2026-1001,Analysis of Archival Studies,Robert Jhnson,Pending,U.N.L.V.,smith@unlv.edu,2025-12-01,21,66004.51,Data Science,Cost &lt; Budget
REC-1235,PRJ-2026-4052,Analysis of Bioinformatics,Robert Jhnson,Class of 2018,Univ of Illinois Urbana Champaign,smith@unlv.edu,1900-01-01,15,"$54,755.46",Data Science,Notes on &quot;UIUC&quot;
REC-1236,PRJ-2026-1001,Study on Ethics,Kathryn Write,Unknown,Univ. of Illinois (UIUC),duplicate.user@research.org,,33,FREE,Metadata,Caf&eacute; study group
REC-1237,PRJ-2026-9900,Analysis of Python,Johnathan Doee,c2020,"University of California, Berkeley",contact@lab.org,2023-09-30,21,FREE,Ethics,Caf&eacute; study group
REC-1238,PRJ-26-1001,National Science Foundation Geospatial Analysis Infrastructure Project,Dr. Johnson,1998,Urbana Champaign University of Illinois,r.johnson@mit.edu,2020-01-15,47,"$160,299.72",Ethics,Notes on &quot;UIUC&quot;
REC-1239,INVALID_CODE,Investigation into Bioinformatics and Modern Data Pipelines,A. PROF. WILSON,2015,"Technology, Massachusetts Institute of",jdoe@illinois.edu,2020-01-15,15,FREE,GIS Mapping,Phase 1 &amp; 2 complete
REC-1240,PRJ20261001,Analysis of GIS Mapping,Johnathan Doe,1882,Urbana Champaign University of Illinois,duplicate.user@research.org,2018-11-05,38,-$299.00,GIS Mapping,Na&iuml;ve Bayes test
REC-1241,prj-2026-1001,Study on Python,Kathryn Write,2018,"Berkeley, University of California",duplicate.user@research.org,2021-07-22,31,123688.46,Ethics,Na&iuml;ve Bayes test
REC-1242,PRJ-2026-4052,Analysis of Metadata,Michael OBrown,2005,university of illinois at urbana-champaign,contact@lab.org,1900-01-01,38,FREE,GIS Mapping,Phase 1 &amp; 2 complete
REC-1243,PRJ-2026-1001,Study on Metadata,Jeffrey Clarke,2022,"Urbana-Champaign, University of Illinois",contact@lab.org,2023-09-30,38,97821.76,Metadata,Caf&eacute; study group
REC-1244,PRJ-2026-9900,Study on Ethics,Brian Stuart,c2020,"Berkeley, University of California",smith@unlv.edu,2025-12-01,16,-$371.00,Ethics,Cost &lt; Budget
REC-1245,INVALID_CODE,Study on Archival Studies,Jane Smith,2012,"University of Nevada, Las Vegas",r.johnson@mit.edu,2018-11-05,21,-$494.00,Ethics,Caf&eacute; study group
REC-1246,PRJ-2026-8819,Investigation into Data Science and Modern Data Pipelines,m. davis,c. 2005,Urbana Champaign University of Illinois,jdoe@illinois.edu,,1,FREE,Bioinformatics,Na&iuml;ve Bayes test
REC-1247,PRJ-26-1001,Study on Bioinformatics,Stephen Miller,2022,university of illinois at urbana-champaign,duplicate.user@research.org,2016-03-12,14,-$136.00,Cataloging,Phase 1 &amp; 2 complete
REC-1248,INVALID_CODE,National Science Foundation Geospatial Analysis Infrastructure Program,Dr. Brown,c2020,MIT,jdoe@illinois.edu,2018-11-05,60,$100.00,Data Science,Na&iuml;ve Bayes test
REC-1249,PRJ20261001,Study on Machine Learning,Geoffrey Clark,'15,"Las Vegas, University of Nevada",r.johnson@mit.edu,1900-01-01,4,-$212.00,Bioinformatics,Caf&eacute; study group
REC-1250,PRJ-2026-8819,Comprehensive Digital Humanities Data Archival Research Initiative Phase 1,Dr. Doe,2015,U.N.L.V.,contact@lab.org,2018-11-05,60,-$380.00,GIS Mapping,Phase 1 &amp; 2 complete
REC-1251,prj-2026-1001,Analysis of Ethics,Patricia Taylor Garcia,2005,Univ. of Illinois (UIUC),contact@lab.org,2021-07-22,39,-$336.00,Machine Learning,Phase 1 &amp; 2 complete
REC-1252,PRJ-26-1001,Comprehensive Digital Humanities Data Archival Research Initiative Phase 1,Dr. Smith,1998,Univ of Illinois Urbana Champaign,a.wright@berkeley.edu,2025-12-01,18,-$135.00,Python,Notes on &quot;UIUC&quot;
REC-1253,PRJ-26-1001,Investigation into Python and Modern Data Pipelines,m. davis,2022,UC Berkeley,r.johnson@mit.edu,1900-01-01,1,FREE,Bioinformatics,Notes on &quot;UIUC&quot;
REC-1254,prj-2026-1001,Comprehensive Digital Humanities Data Archival Research Project Phase 2,Dr. Johnson,Unknown,UNLV,r.johnson@mit.edu,2099-12-31,44,146074.85,Metadata,Na&iuml;ve Bayes test
REC-1255,INVALID_CODE,Analysis of Machine Learning,Patricia Taylor-Garcia,2015,university of illinois at urbana-champaign,jdoe@illinois.edu,2021-07-22,37,-$341.00,Metadata,Phase 1 &amp; 2 complete
REC-1256,,Comprehensive Digital Humanities Data Archival Research Project Phase 2,Dr. Brown,'15,UC Berkeley,contact@lab.org,2018-11-05,3,-$450.00,Ethics,Caf&eacute; study group
REC-1257,PRJ20261001,Analysis of Metadata,Robert Jhnson,2012.0,M.I.T.,duplicate.user@research.org,2021-07-22,17,FREE,Python,Phase 1 &amp; 2 complete
REC-1258,prj-2026-1001,Proj A,m. davis,c. 2005,"Urbana-Champaign, University of Illinois",contact@lab.org,2023-09-30,14,36819.7 USD,Machine Learning,Na&iuml;ve Bayes test
REC-1259,PRJ20261001,Comprehensive Digital Humanities Data Archival Research Project Phase 2,Dr. Brown,c2020,"University of California, Berkeley",r.johnson@mit.edu,2099-12-31,60,100.0 USD,Machine Learning,Na&iuml;ve Bayes test
REC-1260,PRJ-2026-9900,Comprehensive Digital Humanities Data Archival Research Project Phase 2,Dr. Doe,2005,UIUC,jdoe@illinois.edu,1900-01-01,33,116347.71 USD,Metadata,Cost &lt; Budget
REC-1261,,Proj A,Smith,2050,Univ. of Illinois (UIUC),smith@unlv.edu,2016-03-12,13,FREE,Bioinformatics,Na&iuml;ve Bayes test
REC-1262,PRJ20261001,Study on GIS Mapping,Christina Taylor,1998,university of illinois at urbana-champaign,a.wright@berkeley.edu,2020-01-15,41,-$492.00,Ethics,Notes on &quot;UIUC&quot;
REC-1263,INVALID_CODE,Comprehensive Digital Humanities Data Archival Research Initiative Phase 1,Dr. Doe,2050,MIT,a.wright@berkeley.edu,2020-01-15,60,-$450.00,Metadata,Phase 1 &amp; 2 complete
REC-1264,PRJ20261001,Study on Data Science,Steven Miller,,"Berkeley, University of California",jdoe@illinois.edu,2020-01-15,3,12572.72 USD,Python,Na&iuml;ve Bayes test
REC-1265,PRJ-2026-4052,Study on Cataloging,Christina Taylor,c2020,M.I.T.,contact@lab.org,1900-01-01,17,"$71,914.35",Ethics,Notes on &quot;UIUC&quot;
REC-1266,PRJ-2026-1001,Proj A,Dr. Jane Mary Smith,2050,University of Illinois at Urbana-Champaign,contact@lab.org,1900-01-01,23,"$62,710.31",GIS Mapping,Notes on &quot;UIUC&quot;
REC-1267,PRJ-2026-9900,National Science Foundation Geospatial Analysis Infrastructure Project,Dr. Brown,Class of 2018,U.N.L.V.,a.wright@berkeley.edu,1900-01-01,33,-$384.00,GIS Mapping,Na&iuml;ve Bayes test
REC-1268,PRJ-2026-4052,Comprehensive Digital Humanities Data Archival Research Project Phase 2,Dr. Brown,2012,Univ of Illinois Urbana Champaign,smith@unlv.edu,2021-07-22,24,-$456.00,Data Science,Na&iuml;ve Bayes test
REC-1269,INVALID_CODE,Analysis of Data Science,Robert Johnson,2022,university of illinois at urbana-champaign,contact@lab.org,2018-11-05,26,"$45,243.10",Bioinformatics,Phase 1 &amp; 2 complete
REC-1270,,Comprehensive Digital Humanities Data Archival Research Project Phase 2,Dr. Smith,Pending,M.I.T.,duplicate.user@research.org,2023-09-30,41,FREE,Data Science,Notes on &quot;UIUC&quot;
REC-1271,PRJ-26-1001,Comprehensive Digital Humanities Data Archival Research Project Phase 1,Dr. Doe,2020,UIUC,a.wright@berkeley.edu,1900-01-01,36,"$55,659.58",Ethics,Caf&eacute; study group
REC-1272,PRJ20261001,Comprehensive Digital Humanities Data Archival Research Initiative Phase 1,Dr. Johnson,2012,Univ of Nevada Las Vegas,smith@unlv.edu,1900-01-01,1,-$154.00,Ethics,Na&iuml;ve Bayes test
REC-1273,prj-2026-1001,Comprehensive Digital Humanities Data Archival Research Project Phase 1,Dr. Johnson,Class of 2018,"University of California, Berkeley",contact@lab.org,2099-12-31,18,67903.56 USD,Data Science,Caf&eacute; study group
REC-1274,PRJ-26-1001,Proj A,Smith,2012,Massachusetts Institute of Technology,smith@unlv.edu,1900-01-01,3,10807.37,Machine Learning,Cost &lt; Budget
REC-1275,prj-2026-1001,Proj A,Dr. Jane Mary Smith,c. 2005,M.I.T.,contact@lab.org,2020-01-15,15,FREE,Cataloging,Notes on &quot;UIUC&quot;
REC-1276,PRJ20261001,Analysis of Python,Michael O'Brown,2021,Univ. of Illinois (UIUC),jdoe@illinois.edu,2016-03-12,33,86248.46,GIS Mapping,Na&iuml;ve Bayes test
REC-1277,PRJ-2026-1001,Investigation into Ethics and Modern Data Pipelines,Jane Smith,2012,Massachusetts Institute of Technology,smith@unlv.edu,,37,59114.45,Metadata,Caf&eacute; study group
REC-1278,PRJ-2026-9900,Investigation into Ethics and Modern Data Pipelines,Smith,2015,UNLV,duplicate.user@research.org,1900-01-01,26,86796.69,GIS Mapping,Na&iuml;ve Bayes test
REC-1279,INVALID_CODE,Analysis of Python,Patricia Taylor Garcia,2005,U.N.L.V.,smith@unlv.edu,2025-12-01,20,-$167.00,Cataloging,Cost &lt; Budget
REC-1280,PRJ-2026-8819,Study on Cataloging,Kristina Tailor,N/A,"Berkeley, University of California",smith@unlv.edu,2020-01-15,14,FREE,Ethics,Caf&eacute; study group
REC-1281,INVALID_CODE,Comprehensive Digital Humanities Data Archival Research Initiative Phase 1,Dr. Brown,1882,Univ of Nevada Las Vegas,jdoe@illinois.edu,2018-11-05,19,"$55,662.75",Python,Notes on &quot;UIUC&quot;
REC-1282,PRJ-26-1001,Comprehensive Digital Humanities Data Archival Research Initiative Phase 1,Dr. Johnson,1882,"Berkeley, University of California",r.johnson@mit.edu,2016-03-12,46,FREE,Ethics,Caf&eacute; study group
REC-1283,prj-2026-1001,Analysis of Ethics,Patricia Taylor Garcia,Pending,M.I.T.,a.wright@berkeley.edu,2099-12-31,43,168695.51,Bioinformatics,Notes on &quot;UIUC&quot;
REC-1284,INVALID_CODE,Study on Cataloging,Jayne Smyth,c. 2005,UNLV,r.johnson@mit.edu,2023-09-30,26,-$330.00,Metadata,Caf&eacute; study group
REC-1285,PRJ-2026-4052,Study on GIS Mapping,Stephen Miller,1998,university of illinois at urbana-champaign,jdoe@illinois.edu,2018-11-05,4,-$491.00,Machine Learning,Caf&eacute; study group
REC-1286,PRJ20261001,Comprehensive Digital Humanities Data Archival Research Project Phase 1,Dr. Doe,'15,Massachusetts Institute of Technology,r.johnson@mit.edu,2020-01-15,13,20614.28,Python,Notes on &quot;UIUC&quot;
REC-1287,PRJ-2026-8819,Investigation into Ethics and Modern Data Pipelines,m. davis,Pending,"Berkeley, University of California",contact@lab.org,2099-12-31,43,146999.14,Archival Studies,Na&iuml;ve Bayes test
REC-1288,PRJ-2026-1001,Analysis of Python,Johnathan Doee,Class of 2018,"Technology, Massachusetts Institute of",jdoe@illinois.edu,,33,102474.79 USD,Archival Studies,Notes on &quot;UIUC&quot;
REC-1289,PRJ-26-1001,National Science Foundation Geospatial Analysis Infrastructure Program,Dr. Smith,2012,"Las Vegas, University of Nevada",contact@lab.org,2021-07-22,30,FREE,Bioinformatics,Caf&eacute; study group
REC-1290,prj-2026-1001,Proj A,Jane Smith,2012,"Technology, Massachusetts Institute of",contact@lab.org,2023-09-30,29,"$59,856.05",GIS Mapping,Na&iuml;ve Bayes test
REC-1291,PRJ-2026-8819,Study on Archival Studies,Kristina Tailor,Unknown,Univ of Nevada Las Vegas,jdoe@illinois.edu,2016-03-12,9,FREE,Data Science,Na&iuml;ve Bayes test
REC-1292,PRJ-26-1001,Analysis of Archival Studies,Johnathan Doee,c. 2005,Urbana Champaign University of Illinois,a.wright@berkeley.edu,2099-12-31,12,20017.38 USD,Metadata,Phase 1 &amp; 2 complete
,,,,,,,,,,Cataloging,Sub-tag record
,,,,,,,,,,Bioinformatics,Sub-tag record
REC-1293,PRJ-2026-9900,Comprehensive Digital Humanities Data Archival Research Project Phase 1,Dr. Brown,2012,Univ of Illinois Urbana Champaign,a.wright@berkeley.edu,2016-03-12,9,FREE,GIS Mapping,Notes on &quot;UIUC&quot;
REC-1294,prj-2026-1001,Comprehensive Digital Humanities Data Archival Research Project Phase 1,Dr. Doe,,"Berkeley, University of California",a.wright@berkeley.edu,2021-07-22,45,"$96,901.41",Bioinformatics,Cost &lt; Budget
REC-1295,PRJ-2026-1001,Comprehensive Digital Humanities Data Archival Research Project Phase 2,Dr. Smith,2050,Univ of Nevada Las Vegas,smith@unlv.edu,2016-03-12,33,FREE,Machine Learning,Na&iuml;ve Bayes test
REC-1296,,Analysis of Python,Michael OBrown,2018,"Urbana-Champaign, University of Illinois",smith@unlv.edu,2018-11-05,23,102235.62,Archival Studies,Notes on &quot;UIUC&quot;
REC-1297,PRJ20261001,Analysis of Python,Johnathan Doe,Class of 2018,Univ. of Illinois (UIUC),a.wright@berkeley.edu,,34,FREE,Python,Cost &lt; Budget
REC-1298,prj-2026-1001,Proj A,Dr. Jane Mary Smith,,university of illinois at urbana-champaign,r.johnson@mit.edu,,43,FREE,Python,Cost &lt; Budget
REC-1299,,Analysis of Ethics,Patricia Taylor-Garcia,1998,Massachusetts Institute of Technology,a.wright@berkeley.edu,2020-01-15,29,"$99,258.64",Machine Learning,Na&iuml;ve Bayes test
REC-1300,PRJ-2026-1001,Study on Data Science,Steven Miller,2021,Urbana Champaign University of Illinois,jdoe@illinois.edu,1900-01-01,47,"$153,732.43",Machine Learning,Caf&eacute; study group
REC-1301,PRJ-26-1001,Study on Machine Learning,Stephen Miller,2018,MIT,a.wright@berkeley.edu,2016-03-12,5,18514.51,Ethics,Na&iuml;ve Bayes test
,,,,,,,,,,Machine Learning,Sub-tag record
REC-1302,PRJ-2026-8819,Study on Bioinformatics,Kristina Tailor,1998,Urbana Champaign University of Illinois,smith@unlv.edu,,9,-$283.00,Bioinformatics,Na&iuml;ve Bayes test
REC-1303,,Study on Ethics,Stephen Miller,,Massachusetts Institute of Technology,smith@unlv.edu,2099-12-31,38,170026.78,Bioinformatics,Cost &lt; Budget
REC-1304,PRJ-26-1001,Proj A,Dr. Jane Mary Smith,1882,Massachusetts Institute of Technology,r.johnson@mit.edu,2099-12-31,3,11036.82,Ethics,Caf&eacute; study group
REC-1305,prj-2026-1001,Analysis of Cataloging,Patricia Taylor Garcia,c. 2005,Urbana Champaign University of Illinois,duplicate.user@research.org,,39,"$76,601.63",Metadata,Na&iuml;ve Bayes test
REC-1306,INVALID_CODE,Analysis of Cataloging,Patricia Taylor Garcia,Class of 2018,"University of Nevada, Las Vegas",jdoe@illinois.edu,2021-07-22,33,-$148.00,GIS Mapping,Phase 1 &amp; 2 complete
REC-1307,PRJ-26-1001,Study on Bioinformatics,Christina Taylor,2018,university of illinois at urbana-champaign,r.johnson@mit.edu,1900-01-01,10,FREE,Data Science,Caf&eacute; study group
REC-1308,,Proj A,Smith,1882,UNLV,r.johnson@mit.edu,2021-07-22,28,-$394.00,Cataloging,Notes on &quot;UIUC&quot;
REC-1309,PRJ-2026-1001,Proj A,Dr. Jane Mary Smith,c. 2005,Univ. of Illinois (UIUC),contact@lab.org,,28,FREE,Archival Studies,Caf&eacute; study group
REC-1310,prj-2026-1001,Analysis of Cataloging,Robert Jhnson,,"Berkeley, University of California",jdoe@illinois.edu,1900-01-01,39,68982.57 USD,Python,Cost &lt; Budget
REC-1311,PRJ20261001,Analysis of Data Science,Patricia Taylor Garcia,2005,"Las Vegas, University of Nevada",contact@lab.org,2020-01-15,17,35683.95,Machine Learning,Caf&eacute; study group
REC-1312,prj-2026-1001,Study on Metadata,Kristina Tailor,2015,"Las Vegas, University of Nevada",jdoe@illinois.edu,2099-12-31,16,FREE,Ethics,Caf&eacute; study group
REC-1313,PRJ-2026-1001,National Science Foundation Geospatial Analysis Infrastructure Project,Dr. Brown,2015,Univ. of Illinois (UIUC),contact@lab.org,2023-09-30,15,-$238.00,Data Science,Notes on &quot;UIUC&quot;
,,,,,,,,,,Machine Learning,Sub-tag record
,,,,,,,,,,Cataloging,Sub-tag record
,,,,,,,,,,Python,Sub-tag record
REC-1314,PRJ-2026-9900,Comprehensive Digital Humanities Data Archival Research Project Phase 1,Dr. Johnson,'15,University of Illinois at Urbana-Champaign,a.wright@berkeley.edu,1900-01-01,9,37904.55 USD,Ethics,Na&iuml;ve Bayes test
REC-1315,,Study on Archival Studies,Steven Miller,2015,"Berkeley, University of California",duplicate.user@research.org,2023-09-30,13,20216.52,GIS Mapping,Cost &lt; Budget
REC-1316,,Analysis of Data Science,Alexandr Wright,c2020,Univ of Nevada Las Vegas,jdoe@illinois.edu,2023-09-30,28,"$97,182.27",Ethics,Notes on &quot;UIUC&quot;
REC-1317,PRJ20261001,Analysis of Metadata,Robert Jhnson,'15,"Technology, Massachusetts Institute of",r.johnson@mit.edu,,11,FREE,GIS Mapping,Notes on &quot;UIUC&quot;
REC-1318,,Analysis of Metadata,Robert Johnson,2005,UC Berkeley,contact@lab.org,2018-11-05,12,44174.86,Bioinformatics,Notes on &quot;UIUC&quot;
REC-1319,PRJ-2026-1001,Investigation into Archival Studies and Modern Data Pipelines,Dr. Jane Mary Smith,1998,Univ. of Illinois (UIUC),smith@unlv.edu,2023-09-30,17,FREE,Python,Na&iuml;ve Bayes test
REC-1320,PRJ-2026-8819,Study on Metadata,Christina Taylor,Unknown,"University of California, Berkeley",r.johnson@mit.edu,1900-01-01,13,"$27,037.13",Data Science,Caf&eacute; study group
REC-1321,PRJ20261001,Comprehensive Digital Humanities Data Archival Research Project Phase 2,Dr. Brown,1998,Urbana Champaign University of Illinois,a.wright@berkeley.edu,2025-12-01,30,"$81,438.01",Bioinformatics,Caf&eacute; study group
REC-1322,,National Science Foundation Geospatial Analysis Infrastructure Project,Dr. Brown,1882,UC Berkeley,jdoe@illinois.edu,2018-11-05,5,FREE,Bioinformatics,Caf&eacute; study group
REC-1323,prj-2026-1001,Study on Data Science,Brian Stuart,'15,Urbana Champaign University of Illinois,r.johnson@mit.edu,2099-12-31,42,-$172.00,Archival Studies,Notes on &quot;UIUC&quot;
REC-1324,PRJ-26-1001,Study on Metadata,Christina Taylor,1882,UC Berkeley,a.wright@berkeley.edu,2099-12-31,40,FREE,Machine Learning,Phase 1 &amp; 2 complete
REC-1325,PRJ-26-1001,Comprehensive Digital Humanities Data Archival Research Project Phase 2,Dr. Johnson,2020,Univ of Illinois Urbana Champaign,a.wright@berkeley.edu,2018-11-05,35,FREE,Bioinformatics,Na&iuml;ve Bayes test
REC-1326,INVALID_CODE,Study on Metadata,Stephen Miller,2022,UIUC,jdoe@illinois.edu,2023-09-30,31,FREE,Metadata,Cost &lt; Budget
REC-1327,,Analysis of GIS Mapping,Johnathan Doe,Pending,University of Illinois at Urbana-Champaign,a.wright@berkeley.edu,2016-03-12,18,38711.19 USD,Archival Studies,Na&iuml;ve Bayes test
REC-1328,PRJ-2026-9900,Study on Cataloging,Bryan Stewart,Class of 2018,"Berkeley, University of California",contact@lab.org,2016-03-12,44,FREE,GIS Mapping,Notes on &quot;UIUC&quot;
REC-1329,prj-2026-1001,Comprehensive Digital Humanities Data Archival Research Project Phase 1,Dr. Smith,N/A,Univ of Illinois Urbana Champaign,smith@unlv.edu,,40,"$103,222.64",GIS Mapping,Notes on &quot;UIUC&quot;
REC-1330,prj-2026-1001,National Science Foundation Geospatial Analysis Infrastructure Program,Dr. Johnson,N/A,university of illinois at urbana-champaign,jdoe@illinois.edu,2099-12-31,20,49752.51 USD,Cataloging,Notes on &quot;UIUC&quot;
REC-1331,prj-2026-1001,Study on Ethics,Jane Smith,Unknown,university of illinois at urbana-champaign,contact@lab.org,1900-01-01,19,-$281.00,Archival Studies,Na&iuml;ve Bayes test
REC-1332,PRJ-2026-1001,Proj A,m. davis,1998,"Las Vegas, University of Nevada",duplicate.user@research.org,2099-12-31,16,62379.09 USD,Python,Phase 1 &amp; 2 complete
REC-1333,prj-2026-1001,Comprehensive Digital Humanities Data Archival Research Project Phase 1,Dr. Doe,'15,Urbana Champaign University of Illinois,jdoe@illinois.edu,2023-09-30,3,5524.53,Data Science,Na&iuml;ve Bayes test
REC-1334,PRJ20261001,Analysis of Python,Michael OBrown,Unknown,M.I.T.,smith@unlv.edu,2020-01-15,37,154948.07 USD,Bioinformatics,Caf&eacute; study group
REC-1335,PRJ-26-1001,Study on Python,Brian Stuart,1882,"Berkeley, University of California",duplicate.user@research.org,2025-12-01,20,80444.35,Ethics,Phase 1 &amp; 2 complete
REC-1336,PRJ-26-1001,Analysis of Metadata,Alexander Wright,2021,Cal Berkeley,r.johnson@mit.edu,2016-03-12,34,140458.97,GIS Mapping,Cost &lt; Budget
REC-1337,PRJ20261001,Analysis of Machine Learning,Alexandr Wright,2018,U.N.L.V.,jdoe@illinois.edu,,35,68678.17,Ethics,Phase 1 &amp; 2 complete
REC-1338,PRJ-2026-9900,Comprehensive Digital Humanities Data Archival Research Project Phase 2,Dr. Johnson,,Univ of Illinois Urbana Champaign,smith@unlv.edu,2016-03-12,36,66510.29,Machine Learning,Caf&eacute; study group
REC-1339,PRJ-2026-1001,Comprehensive Digital Humanities Data Archival Research Project Phase 1,Dr. Brown,,Univ of Illinois Urbana Champaign,r.johnson@mit.edu,2023-09-30,15,-$263.00,Machine Learning,Notes on &quot;UIUC&quot;
REC-1340,,Comprehensive Digital Humanities Data Archival Research Project Phase 2,Dr. Doe,2021,Univ of Nevada Las Vegas,duplicate.user@research.org,,25,78702.42,GIS Mapping,Phase 1 &amp; 2 complete
REC-1341,PRJ20261001,Analysis of Python,Michael OBrown,Pending,"Berkeley, University of California",jdoe@illinois.edu,2016-03-12,8,FREE,Archival Studies,Phase 1 &amp; 2 complete
REC-1342,PRJ-2026-8819,Comprehensive Digital Humanities Data Archival Research Initiative Phase 1,Dr. Johnson,1882,Urbana Champaign University of Illinois,a.wright@berkeley.edu,2018-11-05,22,78175.55 USD,Cataloging,Caf&eacute; study group
REC-1343,PRJ-26-1001,Analysis of Python,Alexandr Wright,2005,Massachusetts Institute of Technology,r.johnson@mit.edu,2099-12-31,33,60675.82 USD,Metadata,Caf&eacute; study group
REC-1344,PRJ-2026-4052,National Science Foundation Geospatial Analysis Infrastructure Project,Dr. Johnson,2022,UC Berkeley,a.wright@berkeley.edu,2025-12-01,22,68161.21 USD,Cataloging,Na&iuml;ve Bayes test
REC-1345,INVALID_CODE,Analysis of Archival Studies,Alexandr Wright,2020,Massachusetts Institute of Technology,contact@lab.org,1900-01-01,37,FREE,Machine Learning,Na&iuml;ve Bayes test
REC-1346,prj-2026-1001,Investigation into Archival Studies and Modern Data Pipelines,Smith,2021,"Berkeley, University of California",smith@unlv.edu,1900-01-01,46,181341.21 USD,Data Science,Phase 1 &amp; 2 complete
REC-1347,INVALID_CODE,Study on Data Science,Stephen Miller,2022,Univ. of Illinois (UIUC),r.johnson@mit.edu,2099-12-31,23,55181.74,Bioinformatics,Notes on &quot;UIUC&quot;
REC-1348,prj-2026-1001,National Science Foundation Geospatial Analysis Infrastructure Project,Dr. Smith,,University of Illinois at Urbana-Champaign,smith@unlv.edu,2016-03-12,6,-$283.00,GIS Mapping,Cost &lt; Budget
REC-1349,,Study on Bioinformatics,Steven Miller,c2020,UNLV,a.wright@berkeley.edu,2021-07-22,15,47493.97,Metadata,Notes on &quot;UIUC&quot;
REC-1350,PRJ20261001,Comprehensive Digital Humanities Data Archival Research Project Phase 2,Dr. Doe,2020,University of Illinois at Urbana-Champaign,smith@unlv.edu,1900-01-01,44,172384.29 USD,Bioinformatics,Notes on &quot;UIUC&quot;
REC-1351,INVALID_CODE,Analysis of Ethics,Robert Johnson,c2020,MIT,smith@unlv.edu,2016-03-12,18,65455.02,Ethics,Na&iuml;ve Bayes test
REC-1352,PRJ20261001,Comprehensive Digital Humanities Data Archival Research Project Phase 1,Dr. Smith,Unknown,UC Berkeley,jdoe@illinois.edu,2018-11-05,36,160226.54,Machine Learning,Notes on &quot;UIUC&quot;
REC-1353,PRJ-26-1001,Study on Machine Learning,Steven Miller,2050,"Berkeley, University of California",jdoe@illinois.edu,,35,-$475.00,Python,Phase 1 &amp; 2 complete
REC-1354,prj-2026-1001,Comprehensive Digital Humanities Data Archival Research Project Phase 2,Dr. Johnson,'15,"Urbana-Champaign, University of Illinois",contact@lab.org,2016-03-12,39,64539.53,Data Science,Caf&eacute; study group
REC-1355,prj-2026-1001,Comprehensive Digital Humanities Data Archival Research Project Phase 1,Dr. Brown,,Univ. of Illinois (UIUC),r.johnson@mit.edu,2020-01-15,19,"$29,309.57",Metadata,Na&iuml;ve Bayes test
REC-1356,PRJ-2026-1001,Investigation into Metadata and Modern Data Pipelines,Dr. Jane Mary Smith,Unknown,"University of Nevada, Las Vegas",contact@lab.org,2025-12-01,41,FREE,Bioinformatics,Phase 1 &amp; 2 complete
REC-1357,PRJ-2026-1001,Proj A,Jane Smith,2050,Urbana Champaign University of Illinois,r.johnson@mit.edu,2023-09-30,32,86279.5,Ethics,Phase 1 &amp; 2 complete
REC-1358,PRJ-2026-1001,Analysis of Bioinformatics,Robert Johnson,Class of 2018,M.I.T.,a.wright@berkeley.edu,2023-09-30,23,"$100,861.63",Ethics,Caf&eacute; study group
REC-1359,prj-2026-1001,National Science Foundation Geospatial Analysis Infrastructure Project,Dr. Brown,c. 2005,Univ of Nevada Las Vegas,jdoe@illinois.edu,1900-01-01,18,-$494.00,Python,Caf&eacute; study group
REC-1360,PRJ-2026-4052,Analysis of Data Science,Patricia Taylor-Garcia,2015,university of illinois at urbana-champaign,contact@lab.org,2099-12-31,21,"$47,369.45",Data Science,Cost &lt; Budget
,,,,,,,,,,Cataloging,Sub-tag record
REC-1361,PRJ-2026-8819,Study on Machine Learning,Christina Taylor,2022,Cal Berkeley,contact@lab.org,2018-11-05,32,"$111,405.87",GIS Mapping,Notes on &quot;UIUC&quot;
REC-1362,INVALID_CODE,Proj A,Dr. Jane Mary Smith,Class of 2018,university of illinois at urbana-champaign,a.wright@berkeley.edu,2025-12-01,19,"$38,641.98",Cataloging,Phase 1 &amp; 2 complete
REC-1363,PRJ-2026-4052,Proj A,Jane Smith,1882,Univ. of Illinois (UIUC),smith@unlv.edu,2099-12-31,7,11978.66,Data Science,Cost &lt; Budget
REC-1364,INVALID_CODE,Proj A,Jane Smith,Class of 2018,Massachusetts Institute of Technology,r.johnson@mit.edu,2016-03-12,34,99770.22 USD,Machine Learning,Na&iuml;ve Bayes test
REC-1365,PRJ-26-1001,Analysis of Archival Studies,Johnathan Doee,2050,Univ of Illinois Urbana Champaign,r.johnson@mit.edu,2023-09-30,44,-$274.00,Archival Studies,Caf&eacute; study group
REC-1366,prj-2026-1001,Comprehensive Digital Humanities Data Archival Research Project Phase 2,Dr. Doe,2018,"Berkeley, University of California",smith@unlv.edu,1900-01-01,25,73987.77 USD,Metadata,Phase 1 &amp; 2 complete
REC-1367,prj-2026-1001,Study on Cataloging,Steven Miller,c2020,M.I.T.,contact@lab.org,2099-12-31,31,"$136,391.40",Python,Na&iuml;ve Bayes test
,,,,,,,,,,Data Science,Sub-tag record
REC-1368,PRJ-2026-4052,Investigation into Cataloging and Modern Data Pipelines,Smith,2022,"Berkeley, University of California",smith@unlv.edu,2016-03-12,4,-$123.00,Metadata,Notes on &quot;UIUC&quot;
REC-1369,PRJ-2026-4052,Study on GIS Mapping,Stephen Miller,Pending,Univ of Illinois Urbana Champaign,contact@lab.org,2018-11-05,42,FREE,Bioinformatics,Phase 1 &amp; 2 complete
REC-1370,PRJ-2026-1001,National Science Foundation Geospatial Analysis Infrastructure Project,Dr. Smith,2022,"Berkeley, University of California",smith@unlv.edu,2020-01-15,20,38474.21 USD,Python,Cost &lt; Budget
REC-1371,INVALID_CODE,Analysis of Data Science,Robert Jhnson,2021,Univ. of Illinois (UIUC),contact@lab.org,2020-01-15,8,FREE,GIS Mapping,Phase 1 &amp; 2 complete
REC-1372,PRJ-2026-9900,Proj A,m. davis,Class of 2018,Univ. of Illinois (UIUC),a.wright@berkeley.edu,2020-01-15,41,83640.06 USD,Machine Learning,Na&iuml;ve Bayes test
REC-1373,,National Science Foundation Geospatial Analysis Infrastructure Program,Dr. Johnson,1882,University of Illinois at Urbana-Champaign,jdoe@illinois.edu,2018-11-05,37,111837.02 USD,Cataloging,Na&iuml;ve Bayes test
REC-1374,PRJ20261001,Comprehensive Digital Humanities Data Archival Research Project Phase 2,Dr. Smith,2022,Univ of Illinois Urbana Champaign,a.wright@berkeley.edu,2020-01-15,5,8310.41,Bioinformatics,Notes on &quot;UIUC&quot;
REC-1375,,National Science Foundation Geospatial Analysis Infrastructure Project,Dr. Johnson,2018,MIT,jdoe@illinois.edu,2020-01-15,34,"$103,520.18",Archival Studies,Notes on &quot;UIUC&quot;
REC-1376,PRJ-2026-9900,Comprehensive Digital Humanities Data Archival Research Project Phase 2,Dr. Brown,2012,UNLV,r.johnson@mit.edu,2018-11-05,15,FREE,Archival Studies,Notes on &quot;UIUC&quot;
,,,,,,,,,,Data Science,Sub-tag record
,,,,,,,,,,Cataloging,Sub-tag record
,,,,,,,,,,Machine Learning,Sub-tag record
REC-1377,PRJ-26-1001,Analysis of Bioinformatics,Alexandr Wright,2022,U.N.L.V.,smith@unlv.edu,2023-09-30,5,"$17,883.16",Machine Learning,Notes on &quot;UIUC&quot;
REC-1378,PRJ-2026-8819,Proj A,m. davis,2012,UNLV,contact@lab.org,2020-01-15,17,-$350.00,Cataloging,Na&iuml;ve Bayes test
REC-1379,PRJ-2026-9900,Proj A,m. davis,2012,"Technology, Massachusetts Institute of",a.wright@berkeley.edu,2020-01-15,29,"$128,776.01",Ethics,Na&iuml;ve Bayes test
REC-1380,,Study on Archival Studies,Catherine Wright,Pending,Univ of Illinois Urbana Champaign,jdoe@illinois.edu,2016-03-12,11,FREE,Machine Learning,Caf&eacute; study group
REC-1381,PRJ20261001,Study on Metadata,Catherine Wright,2050,MIT,jdoe@illinois.edu,2099-12-31,28,57535.44,Data Science,Notes on &quot;UIUC&quot;
REC-1382,,Study on Python,Catherine Wright,2018,"University of California, Berkeley",r.johnson@mit.edu,2021-07-22,24,"$88,974.78",Python,Phase 1 &amp; 2 complete
REC-1383,,Study on Archival Studies,Jayne Smyth,2018,Cal Berkeley,smith@unlv.edu,2018-11-05,16,30643.48,Machine Learning,Na&iuml;ve Bayes test
REC-1384,INVALID_CODE,Proj A,A. PROF. WILSON,2012.0,UNLV,contact@lab.org,2023-09-30,25,-$369.00,Archival Studies,Phase 1 &amp; 2 complete
REC-1385,PRJ-2026-4052,National Science Foundation Geospatial Analysis Infrastructure Project,Dr. Brown,2020,U.N.L.V.,a.wright@berkeley.edu,2018-11-05,21,"$91,870.16",GIS Mapping,Caf&eacute; study group
REC-1386,prj-2026-1001,Study on Metadata,Kristina Tailor,,Urbana Champaign University of Illinois,jdoe@illinois.edu,1900-01-01,33,83823.32 USD,Data Science,Na&iuml;ve Bayes test
REC-1387,PRJ-26-1001,Comprehensive Digital Humanities Data Archival Research Project Phase 1,Dr. Doe,2012,University of Illinois at Urbana-Champaign,contact@lab.org,1900-01-01,44,169860.82 USD,Ethics,Na&iuml;ve Bayes test
REC-1388,PRJ20261001,Proj A,m. davis,2005,"Las Vegas, University of Nevada",smith@unlv.edu,2025-12-01,6,11670.09,Metadata,Cost &lt; Budget
REC-1389,PRJ-26-1001,Analysis of Metadata,Alexandr Wright,2005,Univ. of Illinois (UIUC),jdoe@illinois.edu,2020-01-15,14,"$29,616.53",Python,Caf&eacute; study group
REC-1390,INVALID_CODE,Analysis of Metadata,Patricia Taylor Garcia,'15,"Berkeley, University of California",jdoe@illinois.edu,2099-12-31,23,-$359.00,GIS Mapping,Notes on &quot;UIUC&quot;
REC-1391,PRJ-2026-8819,Investigation into Metadata and Modern Data Pipelines,Dr. Jane Mary Smith,2021,UNLV,jdoe@illinois.edu,,28,FREE,Machine Learning,Phase 1 &amp; 2 complete
REC-1392,PRJ-2026-9900,National Science Foundation Geospatial Analysis Infrastructure Project,Dr. Smith,2050,Urbana Champaign University of Illinois,r.johnson@mit.edu,2016-03-12,31,"$109,466.90",Bioinformatics,Phase 1 &amp; 2 complete
REC-1393,PRJ-26-1001,Analysis of Ethics,Robert Jhnson,2012.0,"Urbana-Champaign, University of Illinois",a.wright@berkeley.edu,1900-01-01,1,750000.0,Ethics,Cost &lt; Budget
REC-1394,INVALID_CODE,Study on Archival Studies,Stephen Miller,Pending,"Technology, Massachusetts Institute of",a.wright@berkeley.edu,2020-01-15,12,25480.22 USD,Ethics,Na&iuml;ve Bayes test
REC-1395,prj-2026-1001,National Science Foundation Geospatial Analysis Infrastructure Project,Dr. Smith,2020,Massachusetts Institute of Technology,duplicate.user@research.org,1900-01-01,48,FREE,Bioinformatics,Notes on &quot;UIUC&quot;
REC-1396,PRJ20261001,Comprehensive Digital Humanities Data Archival Research Project Phase 1,Dr. Brown,2050,"Las Vegas, University of Nevada",contact@lab.org,2021-07-22,12,27456.37 USD,GIS Mapping,Phase 1 &amp; 2 complete
REC-1397,PRJ-2026-4052,Proj A,Jane Smith,2021,University of Illinois at Urbana-Champaign,a.wright@berkeley.edu,2025-12-01,30,123151.13 USD,Machine Learning,Na&iuml;ve Bayes test
REC-1398,PRJ20261001,Comprehensive Digital Humanities Data Archival Research Initiative Phase 1,Dr. Smith,2050,UIUC,r.johnson@mit.edu,2020-01-15,20,51669.81,Ethics,Cost &lt; Budget
,,,,,,,,,,Machine Learning,Sub-tag record
,,,,,,,,,,GIS Mapping,Sub-tag record
REC-1399,prj-2026-1001,Analysis of Metadata,Michael O'Brown,c. 2005,"Berkeley, University of California",r.johnson@mit.edu,2025-12-01,25,"$99,248.61",GIS Mapping,Phase 1 &amp; 2 complete
REC-1400,,National Science Foundation Geospatial Analysis Infrastructure Program,Dr. Brown,2005,UNLV,smith@unlv.edu,2021-07-22,38,-$372.00,Machine Learning,Notes on &quot;UIUC&quot;
REC-1401,PRJ-26-1001,Proj A,m. davis,2015,Univ. of Illinois (UIUC),r.johnson@mit.edu,2020-01-15,41,125843.9,GIS Mapping,Caf&eacute; study group
REC-1402,PRJ-2026-8819,Study on Cataloging,Christina Taylor,2022,Univ. of Illinois (UIUC),r.johnson@mit.edu,2021-07-22,30,"$107,173.63",Bioinformatics,Notes on &quot;UIUC&quot;
,,,,,,,,,,Data Science,Sub-tag record
,,,,,,,,,,Machine Learning,Sub-tag record
REC-1403,PRJ-2026-1001,Study on Ethics,Jane Smith,2018,UC Berkeley,r.johnson@mit.edu,2018-11-05,9,-$205.00,Cataloging,Cost &lt; Budget
REC-1404,,Analysis of Metadata,Patricia Taylor Garcia,2050,Univ of Nevada Las Vegas,smith@unlv.edu,2021-07-22,9,"$35,628.84",Cataloging,Na&iuml;ve Bayes test
REC-1405,PRJ20261001,National Science Foundation Geospatial Analysis Infrastructure Project,Dr. Doe,2021,University of Illinois at Urbana-Champaign,contact@lab.org,2025-12-01,46,FREE,Bioinformatics,Na&iuml;ve Bayes test
REC-1406,PRJ-2026-4052,Proj A,Jane Smith,2021,"Technology, Massachusetts Institute of",r.johnson@mit.edu,2099-12-31,34,128751.92,Data Science,Phase 1 &amp; 2 complete
REC-1407,PRJ20261001,Study on Bioinformatics,Jeffrey Clarke,Pending,"Las Vegas, University of Nevada",r.johnson@mit.edu,2021-07-22,30,"$61,990.65",Archival Studies,Na&iuml;ve Bayes test
REC-1408,PRJ-2026-4052,Comprehensive Digital Humanities Data Archival Research Project Phase 1,Dr. Doe,2021,M.I.T.,contact@lab.org,2018-11-05,47,"$153,768.57",Metadata,Notes on &quot;UIUC&quot;
REC-1409,PRJ20261001,Study on Python,Geoffrey Clark,c2020,Urbana Champaign University of Illinois,a.wright@berkeley.edu,2023-09-30,44,190505.71,Bioinformatics,Na&iuml;ve Bayes test
REC-1410,PRJ20261001,Proj A,A. PROF. WILSON,2021,MIT,a.wright@berkeley.edu,2021-07-22,6,23945.62 USD,Metadata,Notes on &quot;UIUC&quot;
REC-1411,PRJ20261001,Proj A,A. PROF. WILSON,2021,"Las Vegas, University of Nevada",contact@lab.org,2099-12-31,34,101005.54,Ethics,Notes on &quot;UIUC&quot;
REC-1412,PRJ20261001,Study on Machine Learning,Jane Smith,Pending,Massachusetts Institute of Technology,a.wright@berkeley.edu,2099-12-31,38,132172.86,Metadata,Phase 1 &amp; 2 complete
REC-1413,PRJ20261001,Investigation into Metadata and Modern Data Pipelines,m. davis,Unknown,Massachusetts Institute of Technology,contact@lab.org,,33,FREE,Bioinformatics,Na&iuml;ve Bayes test
REC-1414,PRJ-26-1001,National Science Foundation Geospatial Analysis Infrastructure Project,Dr. Brown,2012.0,Massachusetts Institute of Technology,r.johnson@mit.edu,2016-03-12,11,44118.83,Data Science,Phase 1 &amp; 2 complete
REC-1415,PRJ-26-1001,Comprehensive Digital Humanities Data Archival Research Project Phase 1,Dr. Brown,2012.0,"Technology, Massachusetts Institute of",a.wright@berkeley.edu,2016-03-12,44,"$107,197.14",Machine Learning,Notes on &quot;UIUC&quot;
REC-1416,PRJ20261001,Comprehensive Digital Humanities Data Archival Research Initiative Phase 1,Dr. Smith,2015,UIUC,jdoe@illinois.edu,1900-01-01,29,66695.84 USD,Python,Na&iuml;ve Bayes test
REC-1417,PRJ-2026-9900,Investigation into Bioinformatics and Modern Data Pipelines,A. PROF. WILSON,2021,UC Berkeley,jdoe@illinois.edu,2025-12-01,45,-$253.00,Bioinformatics,Caf&eacute; study group
REC-1418,prj-2026-1001,Analysis of Machine Learning,Robert Johnson,1998,"Berkeley, University of California",jdoe@illinois.edu,1900-01-01,8,-$148.00,GIS Mapping,Notes on &quot;UIUC&quot;
REC-1419,prj-2026-1001,Study on Archival Studies,Bryan Stewart,1998,"Technology, Massachusetts Institute of",jdoe@illinois.edu,,37,90282.18 USD,Ethics,Cost &lt; Budget
REC-1420,PRJ20261001,Proj A,A. PROF. WILSON,2005,"University of California, Berkeley",smith@unlv.edu,2023-09-30,30,"$129,117.23",Python,Na&iuml;ve Bayes test
REC-1421,PRJ-2026-9900,Proj A,Jane Smith,N/A,"Las Vegas, University of Nevada",jdoe@illinois.edu,1900-01-01,44,-$220.00,Machine Learning,Cost &lt; Budget
REC-1422,INVALID_CODE,Analysis of GIS Mapping,Michael OBrown,Unknown,MIT,a.wright@berkeley.edu,2016-03-12,11,17461.68,Metadata,Notes on &quot;UIUC&quot;
REC-1423,PRJ-2026-4052,Study on Data Science,Kristina Tailor,2020,"Urbana-Champaign, University of Illinois",r.johnson@mit.edu,1900-01-01,8,FREE,Ethics,Cost &lt; Budget
REC-1424,PRJ-2026-4052,Study on Ethics,Bryan Stewart,Unknown,Univ of Nevada Las Vegas,smith@unlv.edu,2025-12-01,27,FREE,Cataloging,Cost &lt; Budget
REC-1425,PRJ-2026-1001,Analysis of GIS Mapping,Johnathan Doee,N/A,MIT,contact@lab.org,2099-12-31,10,24494.7 USD,Cataloging,Na&iuml;ve Bayes test
REC-1426,PRJ-2026-1001,Comprehensive Digital Humanities Data Archival Research Initiative Phase 1,Dr. Doe,2012.0,M.I.T.,jdoe@illinois.edu,2016-03-12,27,65550.75,Machine Learning,Notes on &quot;UIUC&quot;
REC-1427,prj-2026-1001,Analysis of Bioinformatics,Robert Jhnson,'15,Univ of Nevada Las Vegas,smith@unlv.edu,2021-07-22,43,105416.78 USD,GIS Mapping,Notes on &quot;UIUC&quot;
REC-1428,PRJ-2026-8819,Study on Bioinformatics,Kathryn Write,N/A,UNLV,jdoe@illinois.edu,2023-09-30,29,-$477.00,Data Science,Na&iuml;ve Bayes test
REC-1429,PRJ-26-1001,Study on Archival Studies,Christina Taylor,2015,Univ. of Illinois (UIUC),r.johnson@mit.edu,2018-11-05,36,FREE,Bioinformatics,Phase 1 &amp; 2 complete
REC-1430,PRJ-26-1001,National Science Foundation Geospatial Analysis Infrastructure Program,Dr. Brown,Class of 2018,Univ. of Illinois (UIUC),contact@lab.org,2023-09-30,26,53187.36 USD,Cataloging,Notes on &quot;UIUC&quot;
REC-1431,PRJ-2026-1001,Study on Cataloging,Jane Smith,Pending,university of illinois at urbana-champaign,smith@unlv.edu,1900-01-01,19,37007.32,Machine Learning,Na&iuml;ve Bayes test
REC-1432,PRJ-2026-9900,Study on Archival Studies,Christina Taylor,2021,M.I.T.,smith@unlv.edu,2023-09-30,27,FREE,GIS Mapping,Cost &lt; Budget
REC-1433,PRJ20261001,Analysis of Metadata,Robert Jhnson,'15,University of Illinois at Urbana-Champaign,smith@unlv.edu,2021-07-22,44,"$126,477.66",Python,Cost &lt; Budget
REC-1434,PRJ-2026-1001,Investigation into Bioinformatics and Modern Data Pipelines,Jane Smith,Class of 2018,Cal Berkeley,contact@lab.org,2016-03-12,33,-$443.00,Data Science,Cost &lt; Budget
REC-1435,,Study on Bioinformatics,Geoffrey Clark,c2020,"Las Vegas, University of Nevada",smith@unlv.edu,2016-03-12,13,39146.12,Metadata,Na&iuml;ve Bayes test
REC-1436,PRJ-2026-8819,Study on Bioinformatics,Geoffrey Clark,Class of 2018,Univ. of Illinois (UIUC),jdoe@illinois.edu,2099-12-31,30,70463.3,GIS Mapping,Cost &lt; Budget
REC-1437,,Comprehensive Digital Humanities Data Archival Research Project Phase 2,Dr. Brown,Unknown,UNLV,smith@unlv.edu,2099-12-31,6,"$13,137.49",Metadata,Phase 1 &amp; 2 complete
REC-1438,PRJ20261001,Investigation into Machine Learning and Modern Data Pipelines,m. davis,Pending,"Urbana-Champaign, University of Illinois",contact@lab.org,2099-12-31,12,"$22,451.55",GIS Mapping,Caf&eacute; study group
REC-1439,,Analysis of GIS Mapping,Michael O'Brown,2050,UC Berkeley,jdoe@illinois.edu,2020-01-15,18,"$68,485.69",Data Science,Caf&eacute; study group
REC-1440,PRJ-26-1001,National Science Foundation Geospatial Analysis Infrastructure Program,Dr. Smith,2050,U.N.L.V.,jdoe@illinois.edu,2020-01-15,48,166973.66 USD,GIS Mapping,Phase 1 &amp; 2 complete
REC-1441,prj-2026-1001,Study on Archival Studies,Geoffrey Clark,2050,UNLV,jdoe@illinois.edu,2025-12-01,38,165516.62 USD,GIS Mapping,Phase 1 &amp; 2 complete
REC-1442,INVALID_CODE,Analysis of Bioinformatics,Michael O'Brown,2015,university of illinois at urbana-champaign,smith@unlv.edu,1900-01-01,44,86345.78,Bioinformatics,Cost &lt; Budget
REC-1443,PRJ20261001,Comprehensive Digital Humanities Data Archival Research Initiative Phase 1,Dr. Doe,2012.0,Univ of Illinois Urbana Champaign,a.wright@berkeley.edu,1900-01-01,41,113537.68 USD,Metadata,Caf&eacute; study group
REC-1444,PRJ-2026-8819,Proj A,m. davis,c. 2005,"University of California, Berkeley",smith@unlv.edu,2099-12-31,36,63068.77 USD,Archival Studies,Na&iuml;ve Bayes test
REC-1445,PRJ-2026-1001,Comprehensive Digital Humanities Data Archival Research Project Phase 2,Dr. Doe,2012,"Las Vegas, University of Nevada",r.johnson@mit.edu,,35,63801.38 USD,Archival Studies,Phase 1 &amp; 2 complete
REC-1446,PRJ-2026-4052,Comprehensive Digital Humanities Data Archival Research Initiative Phase 1,Dr. Johnson,2020,UC Berkeley,jdoe@illinois.edu,2099-12-31,28,45801.73 USD,GIS Mapping,Notes on &quot;UIUC&quot;
REC-1447,PRJ-2026-9900,National Science Foundation Geospatial Analysis Infrastructure Program,Dr. Brown,Class of 2018,Cal Berkeley,smith@unlv.edu,2020-01-15,41,"$93,396.07",Data Science,Phase 1 &amp; 2 complete
REC-1448,PRJ20261001,Study on Metadata,Kathryn Write,Pending,M.I.T.,contact@lab.org,2023-09-30,42,108451.83 USD,Machine Learning,Na&iuml;ve Bayes test
REC-1449,PRJ20261001,Analysis of Machine Learning,Michael OBrown,1998,University of Illinois at Urbana-Champaign,smith@unlv.edu,2020-01-15,43,-$197.00,Archival Studies,Notes on &quot;UIUC&quot;
REC-1450,PRJ20261001,Analysis of Machine Learning,Robert Jhnson,2022,UIUC,a.wright@berkeley.edu,2099-12-31,40,89115.56,Bioinformatics,Phase 1 &amp; 2 complete
REC-1451,,Study on Bioinformatics,Jeffrey Clarke,Unknown,"Technology, Massachusetts Institute of",contact@lab.org,2023-09-30,34,-$447.00,Archival Studies,Phase 1 &amp; 2 complete
REC-1452,INVALID_CODE,Analysis of Bioinformatics,Johnathan Doe,c. 2005,UC Berkeley,r.johnson@mit.edu,2099-12-31,44,111772.86 USD,Cataloging,Phase 1 &amp; 2 complete
,,,,,,,,,,Archival Studies,Sub-tag record
,,,,,,,,,,Metadata,Sub-tag record
REC-1453,PRJ-2026-8819,Proj A,Jane Smith,c. 2005,UC Berkeley,a.wright@berkeley.edu,2023-09-30,46,159045.03,Metadata,Caf&eacute; study group
REC-1454,PRJ20261001,Analysis of Machine Learning,Patricia Taylor-Garcia,2022,M.I.T.,smith@unlv.edu,2018-11-05,34,FREE,Data Science,Caf&eacute; study group
REC-1455,PRJ-2026-1001,Comprehensive Digital Humanities Data Archival Research Initiative Phase 1,Dr. Johnson,2005,UIUC,contact@lab.org,2018-11-05,42,-$214.00,Python,Cost &lt; Budget
REC-1456,PRJ-2026-4052,National Science Foundation Geospatial Analysis Infrastructure Project,Dr. Smith,2022,Univ of Nevada Las Vegas,contact@lab.org,2016-03-12,10,-$412.00,Machine Learning,Caf&eacute; study group
REC-1457,PRJ20261001,Study on Machine Learning,Brian Stuart,2012.0,Urbana Champaign University of Illinois,r.johnson@mit.edu,,9,17665.98,Metadata,Caf&eacute; study group
REC-1458,PRJ-26-1001,Study on Bioinformatics,Steven Miller,2012,University of Illinois at Urbana-Champaign,a.wright@berkeley.edu,2023-09-30,20,52346.18 USD,Cataloging,Na&iuml;ve Bayes test
REC-1459,PRJ20261001,Analysis of Cataloging,Alexandr Wright,N/A,Univ. of Illinois (UIUC),a.wright@berkeley.edu,,31,"$60,039.34",Ethics,Cost &lt; Budget
REC-1460,PRJ-2026-8819,Study on Bioinformatics,Jayne Smyth,N/A,UIUC,jdoe@illinois.edu,2016-03-12,29,-$255.00,Python,Na&iuml;ve Bayes test
REC-1461,PRJ-2026-9900,Comprehensive Digital Humanities Data Archival Research Initiative Phase 1,Dr. Smith,2022,"University of California, Berkeley",a.wright@berkeley.edu,,44,124362.98,Bioinformatics,Na&iuml;ve Bayes test
REC-1462,,Analysis of Ethics,Patricia Taylor Garcia,c2020,UNLV,smith@unlv.edu,,35,-$274.00,Metadata,Cost &lt; Budget
REC-1463,INVALID_CODE,Study on Ethics,Jane Smith,Class of 2018,UC Berkeley,r.johnson@mit.edu,,26,-$281.00,Machine Learning,Phase 1 &amp; 2 complete
REC-1464,,Investigation into Data Science and Modern Data Pipelines,Dr. Jane Mary Smith,2012,UNLV,contact@lab.org,2021-07-22,45,-$444.00,Bioinformatics,Cost &lt; Budget
REC-1465,INVALID_CODE,Analysis of Cataloging,Johnathan Doee,Pending,U.N.L.V.,a.wright@berkeley.edu,2018-11-05,11,32216.35 USD,Ethics,Phase 1 &amp; 2 complete
,,,,,,,,,,Bioinformatics,Sub-tag record
,,,,,,,,,,GIS Mapping,Sub-tag record
,,,,,,,,,,Archival Studies,Sub-tag record
REC-1466,PRJ-2026-8819,Investigation into Archival Studies and Modern Data Pipelines,Dr. Jane Mary Smith,Unknown,MIT,a.wright@berkeley.edu,2020-01-15,48,-$370.00,Cataloging,Na&iuml;ve Bayes test
REC-1467,INVALID_CODE,Proj A,m. davis,2012.0,"Berkeley, University of California",jdoe@illinois.edu,2018-11-05,21,FREE,GIS Mapping,Phase 1 &amp; 2 complete
REC-1468,INVALID_CODE,Comprehensive Digital Humanities Data Archival Research Initiative Phase 1,Dr. Johnson,2015,M.I.T.,smith@unlv.edu,2016-03-12,16,32787.7 USD,Python,Cost &lt; Budget
,,,,,,,,,,Machine Learning,Sub-tag record
,,,,,,,,,,Bioinformatics,Sub-tag record
,,,,,,,,,,Data Science,Sub-tag record
REC-1469,PRJ-2026-8819,Investigation into GIS Mapping and Modern Data Pipelines,m. davis,c2020,UNLV,contact@lab.org,2020-01-15,31,FREE,Python,Na&iuml;ve Bayes test
REC-1470,,Study on Bioinformatics,Bryan Stewart,2012,Massachusetts Institute of Technology,r.johnson@mit.edu,2016-03-12,44,FREE,GIS Mapping,Caf&eacute; study group
REC-1471,,Study on Cataloging,Christina Taylor,1882,Cal Berkeley,jdoe@illinois.edu,2021-07-22,4,-$192.00,GIS Mapping,Caf&eacute; study group
REC-1472,PRJ-2026-1001,Analysis of Archival Studies,Michael O'Brown,1882,university of illinois at urbana-champaign,a.wright@berkeley.edu,2099-12-31,14,-$262.00,Machine Learning,Phase 1 &amp; 2 complete
REC-1473,PRJ-2026-8819,Study on GIS Mapping,Jane Smith,2005,Univ. of Illinois (UIUC),jdoe@illinois.edu,2023-09-30,6,20060.56,Data Science,Caf&eacute; study group
REC-1474,prj-2026-1001,Comprehensive Digital Humanities Data Archival Research Project Phase 1,Dr. Brown,2022,UNLV,r.johnson@mit.edu,1900-01-01,18,-$221.00,Ethics,Phase 1 &amp; 2 complete
REC-1475,PRJ20261001,Proj A,Smith,Pending,UNLV,jdoe@illinois.edu,2016-03-12,4,-$445.00,Ethics,Caf&eacute; study group
REC-1476,PRJ-26-1001,Analysis of Archival Studies,Patricia Taylor-Garcia,,university of illinois at urbana-champaign,smith@unlv.edu,,37,-$331.00,GIS Mapping,Notes on &quot;UIUC&quot;
,,,,,,,,,,Metadata,Sub-tag record
,,,,,,,,,,Data Science,Sub-tag record
REC-1477,,Study on GIS Mapping,Kathryn Write,2012.0,Massachusetts Institute of Technology,smith@unlv.edu,2023-09-30,37,118002.06,Machine Learning,Phase 1 &amp; 2 complete
REC-1478,PRJ-26-1001,Analysis of Bioinformatics,Alexander Wright,,Urbana Champaign University of Illinois,r.johnson@mit.edu,2023-09-30,45,200207.96,Python,Caf&eacute; study group
REC-1479,PRJ-2026-1001,Study on Data Science,Kristina Tailor,Unknown,Cal Berkeley,duplicate.user@research.org,2020-01-15,47,169665.25 USD,Machine Learning,Caf&eacute; study group
REC-1480,INVALID_CODE,Study on Machine Learning,Kristina Tailor,c2020,U.N.L.V.,r.johnson@mit.edu,2020-01-15,26,112027.33 USD,Data Science,Phase 1 &amp; 2 complete
,,,,,,,,,,GIS Mapping,Sub-tag record
,,,,,,,,,,Python,Sub-tag record
,,,,,,,,,,Bioinformatics,Sub-tag record
REC-1481,PRJ-2026-9900,Comprehensive Digital Humanities Data Archival Research Project Phase 1,Dr. Doe,'15,Cal Berkeley,smith@unlv.edu,2099-12-31,34,-$207.00,Bioinformatics,Cost &lt; Budget
,,,,,,,,,,Machine Learning,Sub-tag record
,,,,,,,,,,Ethics,Sub-tag record
,,,,,,,,,,Metadata,Sub-tag record
REC-1482,PRJ-2026-8819,Proj A,Jane Smith,2050,UC Berkeley,contact@lab.org,2018-11-05,39,-$473.00,Cataloging,Notes on &quot;UIUC&quot;
REC-1483,INVALID_CODE,Study on GIS Mapping,Christina Taylor,Pending,"Berkeley, University of California",duplicate.user@research.org,2016-03-12,29,-$338.00,Ethics,Cost &lt; Budget
REC-1484,INVALID_CODE,Study on GIS Mapping,Kristina Tailor,1882,"Technology, Massachusetts Institute of",jdoe@illinois.edu,2021-07-22,39,FREE,Bioinformatics,Cost &lt; Budget
REC-1485,PRJ-2026-1001,Study on Python,Steven Miller,2020,"Las Vegas, University of Nevada",jdoe@illinois.edu,2099-12-31,40,155666.51,Cataloging,Caf&eacute; study group
REC-1486,PRJ-2026-4052,Study on Python,Kathryn Write,c. 2005,"Urbana-Champaign, University of Illinois",smith@unlv.edu,2099-12-31,40,"$74,979.16",Bioinformatics,Phase 1 &amp; 2 complete
REC-1487,INVALID_CODE,Comprehensive Digital Humanities Data Archival Research Project Phase 2,Dr. Smith,Pending,"Urbana-Champaign, University of Illinois",contact@lab.org,2018-11-05,38,62951.16 USD,Bioinformatics,Phase 1 &amp; 2 complete
REC-1488,PRJ-2026-4052,Analysis of Data Science,Alexander Wright,c2020,MIT,a.wright@berkeley.edu,2025-12-01,24,"$78,322.56",Machine Learning,Phase 1 &amp; 2 complete
REC-1489,PRJ20261001,Analysis of Ethics,Alexandr Wright,2012.0,Univ of Nevada Las Vegas,contact@lab.org,2020-01-15,5,8407.37,Ethics,Notes on &quot;UIUC&quot;
REC-1490,PRJ-26-1001,National Science Foundation Geospatial Analysis Infrastructure Project,Dr. Johnson,2022,"Berkeley, University of California",r.johnson@mit.edu,2023-09-30,36,FREE,Ethics,Cost &lt; Budget
,,,,,,,,,,Data Science,Sub-tag record
,,,,,,,,,,Cataloging,Sub-tag record
,,,,,,,,,,Metadata,Sub-tag record
REC-1491,PRJ20261001,Analysis of Cataloging,Michael O'Brown,c. 2005,university of illinois at urbana-champaign,a.wright@berkeley.edu,2025-12-01,24,80359.43 USD,Machine Learning,Na&iuml;ve Bayes test
REC-1492,PRJ-2026-9900,Proj A,Smith,2012,University of Illinois at Urbana-Champaign,a.wright@berkeley.edu,2021-07-22,24,94123.53 USD,Metadata,Caf&eacute; study group
REC-1493,PRJ20261001,Study on Python,Jeffrey Clarke,1882,University of Illinois at Urbana-Champaign,r.johnson@mit.edu,2021-07-22,26,"$42,424.58",GIS Mapping,Na&iuml;ve Bayes test
REC-1494,PRJ-2026-1001,Analysis of Metadata,Michael O'Brown,1882,UNLV,smith@unlv.edu,2020-01-15,4,FREE,Machine Learning,Cost &lt; Budget
REC-1495,PRJ-2026-8819,Comprehensive Digital Humanities Data Archival Research Initiative Phase 1,Dr. Doe,2012,MIT,r.johnson@mit.edu,,48,FREE,Metadata,Na&iuml;ve Bayes test
REC-1496,PRJ-2026-1001,Analysis of Python,Michael O'Brown,N/A,UNLV,smith@unlv.edu,2021-07-22,12,"$29,796.50",GIS Mapping,Na&iuml;ve Bayes test
REC-1497,PRJ-2026-4052,Analysis of Archival Studies,Alexander Wright,2020,Urbana Champaign University of Illinois,contact@lab.org,2020-01-15,44,165149.99,Archival Studies,Na&iuml;ve Bayes test
REC-1498,INVALID_CODE,Analysis of Ethics,Patricia Taylor-Garcia,Unknown,M.I.T.,contact@lab.org,2016-03-12,15,FREE,GIS Mapping,Notes on &quot;UIUC&quot;
REC-1499,prj-2026-1001,Investigation into Metadata and Modern Data Pipelines,m. davis,1882,Univ of Nevada Las Vegas,jdoe@illinois.edu,2099-12-31,40,-$418.00,Archival Studies,Na&iuml;ve Bayes test
REC-1500,PRJ-2026-8819,Investigation into Bioinformatics and Modern Data Pipelines,m. davis,c. 2005,M.I.T.,jdoe@illinois.edu,2099-12-31,7,"$18,040.95",Ethics,Notes on &quot;UIUC&quot;
REC-1501,PRJ-2026-9900,Study on Machine Learning,Geoffrey Clark,2020,Univ of Illinois Urbana Champaign,contact@lab.org,2025-12-01,19,45754.79,Metadata,Notes on &quot;UIUC&quot;
REC-1502,INVALID_CODE,Comprehensive Digital Humanities Data Archival Research Initiative Phase 1,Dr. Smith,2012.0,"Las Vegas, University of Nevada",a.wright@berkeley.edu,2016-03-12,12,FREE,Cataloging,Caf&eacute; study group
REC-1503,PRJ-2026-9900,Investigation into Ethics and Modern Data Pipelines,Jane Smith,c. 2005,MIT,r.johnson@mit.edu,1900-01-01,31,"$125,823.80",Metadata,Caf&eacute; study group
REC-1504,INVALID_CODE,National Science Foundation Geospatial Analysis Infrastructure Program,Dr. Smith,c. 2005,U.N.L.V.,a.wright@berkeley.edu,,4,"$12,810.93",Metadata,Cost &lt; Budget
REC-1505,PRJ-2026-9900,National Science Foundation Geospatial Analysis Infrastructure Program,Dr. Brown,c2020,Urbana Champaign University of Illinois,a.wright@berkeley.edu,2099-12-31,31,105927.31,Machine Learning,Phase 1 &amp; 2 complete
REC-1506,prj-2026-1001,Analysis of Archival Studies,Johnathan Doe,2005,University of Illinois at Urbana-Champaign,a.wright@berkeley.edu,2021-07-22,36,"$61,557.78",Data Science,Notes on &quot;UIUC&quot;
REC-1507,,Analysis of Bioinformatics,Patricia Taylor-Garcia,2005,Massachusetts Institute of Technology,smith@unlv.edu,1900-01-01,27,FREE,Cataloging,Caf&eacute; study group
REC-1508,PRJ-2026-9900,National Science Foundation Geospatial Analysis Infrastructure Program,Dr. Brown,2050,UIUC,contact@lab.org,,3,13419.77 USD,Cataloging,Caf&eacute; study group
,,,,,,,,,,Python,Sub-tag record
,,,,,,,,,,GIS Mapping,Sub-tag record
REC-1509,PRJ-26-1001,Proj A,m. davis,'15,university of illinois at urbana-champaign,a.wright@berkeley.edu,2023-09-30,14,FREE,Bioinformatics,Caf&eacute; study group
REC-1510,prj-2026-1001,Proj A,m. davis,2018,Massachusetts Institute of Technology,smith@unlv.edu,,7,FREE,Bioinformatics,Cost &lt; Budget
REC-1511,prj-2026-1001,Study on Machine Learning,Jeffrey Clarke,c. 2005,"University of California, Berkeley",smith@unlv.edu,2021-07-22,4,6878.35 USD,Bioinformatics,Na&iuml;ve Bayes test
REC-1512,PRJ20261001,Analysis of GIS Mapping,Robert Jhnson,2022,Univ of Illinois Urbana Champaign,a.wright@berkeley.edu,2099-12-31,45,100209.64 USD,GIS Mapping,Phase 1 &amp; 2 complete
REC-1513,PRJ-2026-8819,Analysis of Machine Learning,Michael O'Brown,'15,UIUC,a.wright@berkeley.edu,2018-11-05,12,FREE,Data Science,Phase 1 &amp; 2 complete
REC-1514,PRJ-2026-1001,Analysis of Ethics,Robert Johnson,c2020,Univ of Illinois Urbana Champaign,a.wright@berkeley.edu,2016-03-12,15,64296.92,Cataloging,Phase 1 &amp; 2 complete
REC-1515,PRJ-2026-9900,Study on Data Science,Jayne Smyth,1998,UNLV,jdoe@illinois.edu,2018-11-05,5,"$13,735.20",Python,Notes on &quot;UIUC&quot;
REC-1516,PRJ-2026-4052,Analysis of Ethics,Alexandr Wright,N/A,Massachusetts Institute of Technology,smith@unlv.edu,2025-12-01,28,"$96,935.39",Archival Studies,Cost &lt; Budget
REC-1517,PRJ-2026-9900,Analysis of GIS Mapping,Johnathan Doe,2012.0,Cal Berkeley,duplicate.user@research.org,1900-01-01,34,"$151,276.45",Metadata,Cost &lt; Budget
REC-1518,PRJ-26-1001,National Science Foundation Geospatial Analysis Infrastructure Project,Dr. Smith,c2020,UNLV,smith@unlv.edu,2020-01-15,45,132587.6,Archival Studies,Cost &lt; Budget
,,,,,,,,,,Bioinformatics,Sub-tag record
,,,,,,,,,,GIS Mapping,Sub-tag record
,,,,,,,,,,Python,Sub-tag record
REC-1519,prj-2026-1001,Analysis of Data Science,Alexander Wright,2015,"University of Nevada, Las Vegas",jdoe@illinois.edu,2021-07-22,42,FREE,GIS Mapping,Caf&eacute; study group
REC-1520,PRJ-2026-8819,Analysis of Data Science,Michael OBrown,Pending,"University of Nevada, Las Vegas",r.johnson@mit.edu,2023-09-30,5,15313.09 USD,GIS Mapping,Cost &lt; Budget
REC-1521,PRJ-2026-9900,Study on Python,Stephen Miller,2012,UNLV,jdoe@illinois.edu,2021-07-22,36,88736.8 USD,Machine Learning,Na&iuml;ve Bayes test
REC-1522,,Proj A,Smith,1998,Univ. of Illinois (UIUC),smith@unlv.edu,2021-07-22,30,110249.02,Cataloging,Notes on &quot;UIUC&quot;
REC-1523,prj-2026-1001,Analysis of Cataloging,Robert Jhnson,'15,"Las Vegas, University of Nevada",smith@unlv.edu,2099-12-31,26,FREE,Bioinformatics,Phase 1 &amp; 2 complete
REC-1524,,Proj A,Jane Smith,N/A,Massachusetts Institute of Technology,r.johnson@mit.edu,2020-01-15,19,50185.66,Bioinformatics,Na&iuml;ve Bayes test
REC-1525,PRJ-2026-1001,Proj A,Smith,1998,M.I.T.,smith@unlv.edu,2016-03-12,26,77333.39 USD,Python,Na&iuml;ve Bayes test
REC-1526,INVALID_CODE,Proj A,m. davis,2018,"Technology, Massachusetts Institute of",jdoe@illinois.edu,2020-01-15,19,72462.41,Archival Studies,Notes on &quot;UIUC&quot;
REC-1527,PRJ-26-1001,National Science Foundation Geospatial Analysis Infrastructure Program,Dr. Smith,2012,"Technology, Massachusetts Institute of",jdoe@illinois.edu,2016-03-12,32,FREE,Metadata,Notes on &quot;UIUC&quot;
REC-1528,,Study on Bioinformatics,Jane Smith,2050,Massachusetts Institute of Technology,jdoe@illinois.edu,2021-07-22,30,67758.41,Ethics,Caf&eacute; study group
REC-1529,PRJ-2026-8819,Investigation into GIS Mapping and Modern Data Pipelines,A. PROF. WILSON,2021,university of illinois at urbana-champaign,r.johnson@mit.edu,2023-09-30,28,"$100,716.76",Archival Studies,Notes on &quot;UIUC&quot;
REC-1530,PRJ-2026-8819,Study on Bioinformatics,Jayne Smyth,N/A,"University of California, Berkeley",a.wright@berkeley.edu,2020-01-15,11,FREE,Machine Learning,Cost &lt; Budget
REC-1531,prj-2026-1001,Proj A,A. PROF. WILSON,2018,Urbana Champaign University of Illinois,smith@unlv.edu,1900-01-01,42,FREE,Bioinformatics,Caf&eacute; study group
,,,,,,,,,,Machine Learning,Sub-tag record
REC-1532,PRJ-2026-4052,Comprehensive Digital Humanities Data Archival Research Initiative Phase 1,Dr. Smith,2050,University of Illinois at Urbana-Champaign,a.wright@berkeley.edu,2016-03-12,3,"$10,487.90",Ethics,Phase 1 &amp; 2 complete
REC-1533,INVALID_CODE,Study on GIS Mapping,Catherine Wright,Unknown,M.I.T.,contact@lab.org,2025-12-01,24,FREE,Bioinformatics,Cost &lt; Budget
REC-1534,INVALID_CODE,Investigation into Data Science and Modern Data Pipelines,A. PROF. WILSON,2021,UNLV,duplicate.user@research.org,2020-01-15,36,FREE,Archival Studies,Phase 1 &amp; 2 complete
REC-1535,PRJ20261001,Investigation into Data Science and Modern Data Pipelines,Jane Smith,2012.0,University of Illinois at Urbana-Champaign,r.johnson@mit.edu,2021-07-22,42,163039.01,Archival Studies,Na&iuml;ve Bayes test
REC-1536,PRJ-2026-1001,Study on Cataloging,Kristina Tailor,,Univ. of Illinois (UIUC),contact@lab.org,2020-01-15,22,-$339.00,Archival Studies,Caf&eacute; study group
REC-1537,PRJ-2026-4052,Study on Cataloging,Catherine Wright,1998,"University of Nevada, Las Vegas",jdoe@illinois.edu,1900-01-01,23,96782.75,GIS Mapping,Phase 1 &amp; 2 complete
REC-1538,PRJ-2026-4052,Investigation into Metadata and Modern Data Pipelines,Smith,c. 2005,university of illinois at urbana-champaign,contact@lab.org,2025-12-01,27,-$323.00,Cataloging,Caf&eacute; study group
REC-1539,PRJ-2026-9900,Comprehensive Digital Humanities Data Archival Research Initiative Phase 1,Dr. Smith,2021,university of illinois at urbana-champaign,contact@lab.org,2018-11-05,23,-$477.00,Ethics,Na&iuml;ve Bayes test
,,,,,,,,,,Cataloging,Sub-tag record
REC-1540,PRJ-2026-9900,Investigation into Python and Modern Data Pipelines,m. davis,,Univ. of Illinois (UIUC),contact@lab.org,2018-11-05,60,100.0,GIS Mapping,Caf&eacute; study group
REC-1541,PRJ-26-1001,Analysis of Metadata,Robert Johnson,'15,Cal Berkeley,jdoe@illinois.edu,2023-09-30,10,-$344.00,Cataloging,Na&iuml;ve Bayes test
REC-1542,PRJ-2026-9900,Proj A,Dr. Jane Mary Smith,2022,UNLV,smith@unlv.edu,2016-03-12,28,FREE,Ethics,Notes on &quot;UIUC&quot;
REC-1543,prj-2026-1001,Investigation into Bioinformatics and Modern Data Pipelines,Dr. Jane Mary Smith,c2020,U.N.L.V.,contact@lab.org,2023-09-30,38,FREE,Data Science,Notes on &quot;UIUC&quot;
REC-1544,prj-2026-1001,Comprehensive Digital Humanities Data Archival Research Project Phase 2,Dr. Brown,2022,UC Berkeley,a.wright@berkeley.edu,2020-01-15,15,"$55,589.35",Machine Learning,Notes on &quot;UIUC&quot;
REC-1545,PRJ-2026-8819,Analysis of Bioinformatics,Robert Johnson,2018,UIUC,a.wright@berkeley.edu,2016-03-12,44,110680.13 USD,Bioinformatics,Phase 1 &amp; 2 complete
REC-1546,INVALID_CODE,Analysis of Bioinformatics,Johnathan Doee,'15,M.I.T.,smith@unlv.edu,2018-11-05,44,116437.32 USD,Machine Learning,Caf&eacute; study group
REC-1547,PRJ20261001,Study on Ethics,Jayne Smyth,2015,"University of Nevada, Las Vegas",contact@lab.org,2023-09-30,14,37126.31 USD,Metadata,Phase 1 &amp; 2 complete
REC-1548,INVALID_CODE,Study on Ethics,Jeffrey Clarke,c2020,UIUC,jdoe@illinois.edu,,36,-$399.00,Machine Learning,Na&iuml;ve Bayes test
REC-1549,PRJ-2026-4052,Analysis of Metadata,Johnathan Doee,1882,University of Illinois at Urbana-Champaign,r.johnson@mit.edu,2016-03-12,44,-$231.00,Data Science,Notes on &quot;UIUC&quot;
REC-1550,PRJ-2026-9900,Study on Python,Jane Smith,2005,"Berkeley, University of California",jdoe@illinois.edu,2023-09-30,36,151698.91,Archival Studies,Phase 1 &amp; 2 complete
REC-1551,PRJ-2026-9900,Analysis of Python,Alexandr Wright,2012.0,"University of California, Berkeley",contact@lab.org,2018-11-05,15,FREE,Ethics,Phase 1 &amp; 2 complete
REC-1552,prj-2026-1001,Analysis of Metadata,Alexandr Wright,N/A,Cal Berkeley,r.johnson@mit.edu,1900-01-01,8,34673.77 USD,Metadata,Notes on &quot;UIUC&quot;
REC-1553,PRJ-2026-8819,Analysis of GIS Mapping,Johnathan Doe,2012.0,Urbana Champaign University of Illinois,contact@lab.org,1900-01-01,30,-$226.00,Ethics,Notes on &quot;UIUC&quot;
,,,,,,,,,,Machine Learning,Sub-tag record
REC-1554,PRJ-2026-9900,Proj A,Smith,c. 2005,U.N.L.V.,smith@unlv.edu,2023-09-30,17,"$44,810.25",Machine Learning,Phase 1 &amp; 2 complete
REC-1555,prj-2026-1001,Analysis of GIS Mapping,Alexander Wright,Unknown,UC Berkeley,r.johnson@mit.edu,,6,12073.45 USD,Ethics,Cost &lt; Budget
REC-1556,PRJ-2026-8819,Investigation into Metadata and Modern Data Pipelines,m. davis,,University of Illinois at Urbana-Champaign,smith@unlv.edu,1900-01-01,6,25531.95,Cataloging,Na&iuml;ve Bayes test
REC-1557,INVALID_CODE,Investigation into Metadata and Modern Data Pipelines,m. davis,Pending,U.N.L.V.,r.johnson@mit.edu,,8,34738.91 USD,Machine Learning,Notes on &quot;UIUC&quot;
REC-1558,,Study on Machine Learning,Jane Smith,2050,UIUC,r.johnson@mit.edu,2099-12-31,30,FREE,Ethics,Phase 1 &amp; 2 complete
REC-1559,PRJ-2026-9900,Study on Cataloging,Kathryn Write,N/A,University of Illinois at Urbana-Champaign,r.johnson@mit.edu,,31,-$215.00,Python,Na&iuml;ve Bayes test
REC-1560,PRJ-2026-4052,Analysis of Data Science,Alexandr Wright,Unknown,"Technology, Massachusetts Institute of",r.johnson@mit.edu,2025-12-01,10,23701.94 USD,Cataloging,Notes on &quot;UIUC&quot;
REC-1561,PRJ-2026-1001,Study on Bioinformatics,Christina Taylor,'15,Urbana Champaign University of Illinois,contact@lab.org,2099-12-31,6,-$335.00,Python,Na&iuml;ve Bayes test
REC-1562,INVALID_CODE,Study on Metadata,Jayne Smyth,2012.0,Massachusetts Institute of Technology,duplicate.user@research.org,2099-12-31,35,146843.55 USD,Archival Studies,Notes on &quot;UIUC&quot;
REC-1563,PRJ-26-1001,Study on GIS Mapping,Stephen Miller,Unknown,"University of Nevada, Las Vegas",r.johnson@mit.edu,1900-01-01,20,36521.7 USD,Archival Studies,Notes on &quot;UIUC&quot;
REC-1564,PRJ-2026-4052,Analysis of Bioinformatics,Michael OBrown,2012.0,University of Illinois at Urbana-Champaign,smith@unlv.edu,2021-07-22,28,77368.68,Metadata,Cost &lt; Budget
REC-1565,PRJ-2026-8819,Analysis of GIS Mapping,Robert Johnson,N/A,Univ of Illinois Urbana Champaign,a.wright@berkeley.edu,2025-12-01,27,"$51,144.83",Metadata,Caf&eacute; study group
REC-1566,PRJ-2026-1001,Analysis of Cataloging,Patricia Taylor-Garcia,c. 2005,"Urbana-Champaign, University of Illinois",contact@lab.org,1900-01-01,34,59426.72 USD,Metadata,Caf&eacute; study group
REC-1567,PRJ-2026-9900,Analysis of Machine Learning,Michael OBrown,2012,Univ of Nevada Las Vegas,a.wright@berkeley.edu,2099-12-31,35,FREE,Metadata,Phase 1 &amp; 2 complete
REC-1568,PRJ-2026-1001,Analysis of Data Science,Johnathan Doee,1998,Univ of Nevada Las Vegas,a.wright@berkeley.edu,2021-07-22,27,73491.07,Cataloging,Phase 1 &amp; 2 complete
REC-1569,PRJ-2026-4052,Analysis of Data Science,Patricia Taylor Garcia,N/A,"University of California, Berkeley",r.johnson@mit.edu,2023-09-30,25,FREE,Data Science,Cost &lt; Budget
REC-1570,PRJ-2026-4052,Analysis of Python,Johnathan Doee,'15,Urbana Champaign University of Illinois,contact@lab.org,1900-01-01,34,88085.29,Data Science,Notes on &quot;UIUC&quot;
REC-1571,prj-2026-1001,Analysis of Python,Patricia Taylor Garcia,,UC Berkeley,smith@unlv.edu,2021-07-22,9,-$161.00,Cataloging,Na&iuml;ve Bayes test
,,,,,,,,,,Ethics,Sub-tag record
,,,,,,,,,,Python,Sub-tag record
,,,,,,,,,,Archival Studies,Sub-tag record
REC-1572,,Study on Python,Jane Smith,Unknown,"Las Vegas, University of Nevada",smith@unlv.edu,2020-01-15,29,91393.12,Ethics,Phase 1 &amp; 2 complete
REC-1573,,National Science Foundation Geospatial Analysis Infrastructure Program,Dr. Johnson,N/A,Univ of Illinois Urbana Champaign,a.wright@berkeley.edu,,20,FREE,Data Science,Phase 1 &amp; 2 complete
REC-1574,INVALID_CODE,Analysis of Ethics,Robert Jhnson,2020,"University of California, Berkeley",contact@lab.org,,20,"$42,415.48",Cataloging,Caf&eacute; study group
REC-1575,prj-2026-1001,Study on Ethics,Brian Stuart,'15,Univ of Nevada Las Vegas,r.johnson@mit.edu,,5,15503.49,GIS Mapping,Phase 1 &amp; 2 complete
,,,,,,,,,,Metadata,Sub-tag record
REC-1576,PRJ-26-1001,Comprehensive Digital Humanities Data Archival Research Project Phase 2,Dr. Smith,1882,Urbana Champaign University of Illinois,r.johnson@mit.edu,2025-12-01,38,FREE,GIS Mapping,Phase 1 &amp; 2 complete
REC-1577,PRJ-2026-8819,Comprehensive Digital Humanities Data Archival Research Project Phase 1,Dr. Smith,2012,U.N.L.V.,r.johnson@mit.edu,2023-09-30,40,72773.13 USD,GIS Mapping,Phase 1 &amp; 2 complete
REC-1578,PRJ-2026-8819,Analysis of GIS Mapping,Robert Jhnson,2050,Urbana Champaign University of Illinois,a.wright@berkeley.edu,2099-12-31,30,78177.6 USD,Metadata,Notes on &quot;UIUC&quot;
REC-1579,prj-2026-1001,Proj A,Jane Smith,Unknown,UC Berkeley,smith@unlv.edu,2016-03-12,14,-$196.00,Bioinformatics,Cost &lt; Budget
,,,,,,,,,,Cataloging,Sub-tag record
REC-1580,PRJ-2026-4052,Proj A,m. davis,2021,University of Illinois at Urbana-Champaign,jdoe@illinois.edu,2016-03-12,8,-$106.00,Data Science,Phase 1 &amp; 2 complete
REC-1581,PRJ20261001,Study on Python,Bryan Stewart,1998,university of illinois at urbana-champaign,contact@lab.org,2020-01-15,12,-$454.00,Ethics,Cost &lt; Budget
REC-1582,PRJ-2026-8819,Study on Machine Learning,Jane Smith,'15,"Berkeley, University of California",a.wright@berkeley.edu,2016-03-12,30,79684.48,Cataloging,Notes on &quot;UIUC&quot;
REC-1583,PRJ-26-1001,Proj A,Smith,2012,Univ of Illinois Urbana Champaign,r.johnson@mit.edu,2018-11-05,26,"$111,018.93",Metadata,Na&iuml;ve Bayes test
REC-1584,prj-2026-1001,Analysis of Metadata,Robert Johnson,2022,"Technology, Massachusetts Institute of",r.johnson@mit.edu,2025-12-01,34,118496.63,Machine Learning,Phase 1 &amp; 2 complete
REC-1585,PRJ-2026-4052,Study on Metadata,Stephen Miller,2022,UNLV,a.wright@berkeley.edu,2018-11-05,20,38680.07,Metadata,Na&iuml;ve Bayes test
REC-1586,PRJ-26-1001,Investigation into Python and Modern Data Pipelines,Dr. Jane Mary Smith,Unknown,"Technology, Massachusetts Institute of",a.wright@berkeley.edu,2020-01-15,38,-$352.00,Cataloging,Notes on &quot;UIUC&quot;
REC-1587,PRJ-2026-1001,Proj A,Smith,2012,university of illinois at urbana-champaign,smith@unlv.edu,2025-12-01,11,"$46,889.84",Python,Na&iuml;ve Bayes test
REC-1588,PRJ-2026-1001,Analysis of Ethics,Patricia Taylor Garcia,2012,"Technology, Massachusetts Institute of",smith@unlv.edu,2020-01-15,48,"$92,603.03",Bioinformatics,Phase 1 &amp; 2 complete
REC-1589,PRJ-2026-8819,Comprehensive Digital Humanities Data Archival Research Project Phase 1,Dr. Smith,2020,UC Berkeley,contact@lab.org,2016-03-12,8,"$17,881.10",Bioinformatics,Notes on &quot;UIUC&quot;
REC-1590,PRJ20261001,Analysis of Metadata,Michael OBrown,'15,"University of California, Berkeley",r.johnson@mit.edu,2016-03-12,6,"$24,860.83",Metadata,Cost &lt; Budget
REC-1591,,Analysis of Bioinformatics,Johnathan Doee,1882,MIT,r.johnson@mit.edu,2023-09-30,13,"$30,101.28",Metadata,Notes on &quot;UIUC&quot;
REC-1592,PRJ-2026-4052,Analysis of Cataloging,Robert Johnson,2005,Massachusetts Institute of Technology,contact@lab.org,2099-12-31,44,119473.18 USD,Python,Caf&eacute; study group
REC-1593,PRJ-2026-1001,Proj A,Jane Smith,2020,Univ of Illinois Urbana Champaign,r.johnson@mit.edu,2021-07-22,9,-$105.00,GIS Mapping,Cost &lt; Budget
REC-1594,PRJ-2026-1001,Analysis of Data Science,Alexandr Wright,Class of 2018,"University of Nevada, Las Vegas",contact@lab.org,2099-12-31,8,"$34,644.22",GIS Mapping,Phase 1 &amp; 2 complete
REC-1595,PRJ-26-1001,Investigation into Cataloging and Modern Data Pipelines,A. PROF. WILSON,2012.0,Massachusetts Institute of Technology,jdoe@illinois.edu,1900-01-01,12,18852.67 USD,Data Science,Na&iuml;ve Bayes test
REC-1596,PRJ-2026-9900,Comprehensive Digital Humanities Data Archival Research Project Phase 2,Dr. Doe,2020,MIT,jdoe@illinois.edu,2021-07-22,13,-$364.00,Ethics,Notes on &quot;UIUC&quot;
REC-1597,PRJ-2026-1001,Comprehensive Digital Humanities Data Archival Research Project Phase 2,Dr. Brown,'15,UNLV,a.wright@berkeley.edu,1900-01-01,42,FREE,Archival Studies,Notes on &quot;UIUC&quot;
REC-1598,PRJ-26-1001,Study on GIS Mapping,Jayne Smyth,2020,"Berkeley, University of California",a.wright@berkeley.edu,2020-01-15,20,64590.7,Metadata,Cost &lt; Budget
REC-1599,PRJ20261001,Investigation into Archival Studies and Modern Data Pipelines,Dr. Jane Mary Smith,2022,MIT,contact@lab.org,2016-03-12,28,-$448.00,Python,Cost &lt; Budget
REC-1600,PRJ-2026-1001,Comprehensive Digital Humanities Data Archival Research Project Phase 1,Dr. Johnson,,"Technology, Massachusetts Institute of",jdoe@illinois.edu,2021-07-22,60,100.0,Bioinformatics,Na&iuml;ve Bayes test
REC-1601,PRJ20261001,Study on Archival Studies,Steven Miller,2012.0,university of illinois at urbana-champaign,contact@lab.org,2018-11-05,9,38271.43 USD,Cataloging,Phase 1 &amp; 2 complete
REC-1602,PRJ-2026-4052,Investigation into Machine Learning and Modern Data Pipelines,Dr. Jane Mary Smith,Unknown,UNLV,a.wright@berkeley.edu,2023-09-30,12,FREE,Python,Caf&eacute; study group
REC-1603,PRJ-2026-1001,Study on Data Science,Bryan Stewart,N/A,U.N.L.V.,smith@unlv.edu,2021-07-22,46,127363.01,Machine Learning,Phase 1 &amp; 2 complete
REC-1604,PRJ-2026-9900,Analysis of Machine Learning,Johnathan Doee,Pending,"Las Vegas, University of Nevada",contact@lab.org,2023-09-30,8,33478.96 USD,GIS Mapping,Notes on &quot;UIUC&quot;
REC-1605,INVALID_CODE,Analysis of Bioinformatics,Michael OBrown,Unknown,M.I.T.,smith@unlv.edu,2025-12-01,3,-$201.00,Metadata,Na&iuml;ve Bayes test
,,,,,,,,,,Python,Sub-tag record
,,,,,,,,,,Archival Studies,Sub-tag record
,,,,,,,,,,Bioinformatics,Sub-tag record
REC-1606,PRJ-2026-4052,Comprehensive Digital Humanities Data Archival Research Project Phase 2,Dr. Smith,2022,MIT,r.johnson@mit.edu,1900-01-01,3,FREE,Machine Learning,Cost &lt; Budget
REC-1607,INVALID_CODE,Study on Cataloging,Stephen Miller,1882,"Technology, Massachusetts Institute of",contact@lab.org,2021-07-22,15,-$107.00,Python,Cost &lt; Budget
REC-1608,INVALID_CODE,Study on Ethics,Geoffrey Clark,Unknown,Univ of Illinois Urbana Champaign,a.wright@berkeley.edu,1900-01-01,37,102769.26,Metadata,Cost &lt; Budget
REC-1609,prj-2026-1001,Proj A,m. davis,2005,"Berkeley, University of California",a.wright@berkeley.edu,1900-01-01,9,"$40,374.81",Data Science,Cost &lt; Budget
REC-1610,prj-2026-1001,Proj A,Smith,,MIT,jdoe@illinois.edu,1900-01-01,32,"$100,952.44",Archival Studies,Notes on &quot;UIUC&quot;
REC-1611,PRJ-26-1001,Study on Archival Studies,Geoffrey Clark,c2020,"Technology, Massachusetts Institute of",duplicate.user@research.org,2021-07-22,45,103207.37 USD,Data Science,Na&iuml;ve Bayes test
REC-1612,PRJ-26-1001,Proj A,Smith,2012.0,Univ. of Illinois (UIUC),contact@lab.org,2025-12-01,30,66764.8 USD,Bioinformatics,Notes on &quot;UIUC&quot;
REC-1613,PRJ-2026-8819,Study on Bioinformatics,Brian Stuart,c2020,UIUC,contact@lab.org,1900-01-01,11,-$300.00,GIS Mapping,Notes on &quot;UIUC&quot;
REC-1614,PRJ-2026-8819,Analysis of Machine Learning,Patricia Taylor Garcia,N/A,University of Illinois at Urbana-Champaign,duplicate.user@research.org,2016-03-12,8,"$25,723.05",Metadata,Na&iuml;ve Bayes test
REC-1615,INVALID_CODE,Proj A,Dr. Jane Mary Smith,'15,"University of Nevada, Las Vegas",smith@unlv.edu,2023-09-30,12,-$152.00,Machine Learning,Phase 1 &amp; 2 complete
REC-1616,PRJ-2026-9900,Study on Metadata,Steven Miller,2020,university of illinois at urbana-champaign,r.johnson@mit.edu,1900-01-01,4,10964.94 USD,Machine Learning,Phase 1 &amp; 2 complete
REC-1617,PRJ-2026-8819,Analysis of Python,Robert Jhnson,2005,MIT,jdoe@illinois.edu,2016-03-12,25,-$407.00,Metadata,Phase 1 &amp; 2 complete
REC-1618,,Comprehensive Digital Humanities Data Archival Research Project Phase 2,Dr. Smith,2015,Cal Berkeley,contact@lab.org,2020-01-15,10,"$41,957.17",Cataloging,Notes on &quot;UIUC&quot;
REC-1619,PRJ-26-1001,Study on Metadata,Christina Taylor,Class of 2018,Univ of Nevada Las Vegas,jdoe@illinois.edu,,34,95478.32 USD,GIS Mapping,Cost &lt; Budget
REC-1620,prj-2026-1001,Analysis of GIS Mapping,Michael O'Brown,2021,Massachusetts Institute of Technology,contact@lab.org,2020-01-15,34,95214.11 USD,GIS Mapping,Notes on &quot;UIUC&quot;
REC-1621,PRJ-26-1001,National Science Foundation Geospatial Analysis Infrastructure Project,Dr. Smith,N/A,Massachusetts Institute of Technology,r.johnson@mit.edu,2018-11-05,5,21871.46,GIS Mapping,Caf&eacute; study group
REC-1622,PRJ-2026-8819,Comprehensive Digital Humanities Data Archival Research Project Phase 1,Dr. Brown,2005,Univ of Illinois Urbana Champaign,a.wright@berkeley.edu,2025-12-01,45,FREE,Machine Learning,Notes on &quot;UIUC&quot;
REC-1623,PRJ-2026-9900,Study on Python,Geoffrey Clark,Pending,Urbana Champaign University of Illinois,r.johnson@mit.edu,,41,FREE,GIS Mapping,Phase 1 &amp; 2 complete
REC-1624,PRJ-2026-9900,Study on Bioinformatics,Bryan Stewart,c. 2005,"Technology, Massachusetts Institute of",smith@unlv.edu,2016-03-12,20,"$55,274.23",Python,Caf&eacute; study group
REC-1625,prj-2026-1001,Investigation into Data Science and Modern Data Pipelines,Jane Smith,2050,University of Illinois at Urbana-Champaign,a.wright@berkeley.edu,2020-01-15,37,"$157,401.83",Data Science,Caf&eacute; study group
REC-1626,INVALID_CODE,Study on Bioinformatics,Kathryn Write,Class of 2018,"Las Vegas, University of Nevada",r.johnson@mit.edu,2018-11-05,34,113456.71 USD,Archival Studies,Na&iuml;ve Bayes test
REC-1627,PRJ-2026-1001,Proj A,Smith,2012,University of Illinois at Urbana-Champaign,duplicate.user@research.org,2020-01-15,47,FREE,Cataloging,Phase 1 &amp; 2 complete
REC-1628,PRJ-2026-4052,Comprehensive Digital Humanities Data Archival Research Project Phase 1,Dr. Smith,2018,Univ of Nevada Las Vegas,r.johnson@mit.edu,2023-09-30,27,FREE,Archival Studies,Cost &lt; Budget
REC-1629,,Study on Metadata,Steven Miller,N/A,UC Berkeley,jdoe@illinois.edu,,45,133664.02,Archival Studies,Notes on &quot;UIUC&quot;
REC-1630,PRJ-2026-9900,Analysis of GIS Mapping,Johnathan Doee,2012.0,university of illinois at urbana-champaign,smith@unlv.edu,2018-11-05,6,FREE,Bioinformatics,Phase 1 &amp; 2 complete
REC-1631,prj-2026-1001,Analysis of Cataloging,Robert Jhnson,,UC Berkeley,r.johnson@mit.edu,2099-12-31,9,FREE,Bioinformatics,Notes on &quot;UIUC&quot;
REC-1632,PRJ-2026-8819,Proj A,A. PROF. WILSON,1998,Massachusetts Institute of Technology,a.wright@berkeley.edu,2023-09-30,12,"$34,594.35",Cataloging,Na&iuml;ve Bayes test
REC-1633,PRJ-2026-4052,Study on Data Science,Kathryn Write,,M.I.T.,r.johnson@mit.edu,,16,-$320.00,Data Science,Phase 1 &amp; 2 complete
REC-1634,PRJ-2026-9900,Proj A,Dr. Jane Mary Smith,c2020,"Urbana-Champaign, University of Illinois",a.wright@berkeley.edu,2023-09-30,41,-$352.00,Machine Learning,Notes on &quot;UIUC&quot;
REC-1635,prj-2026-1001,Study on Machine Learning,Kristina Tailor,2021,"University of Nevada, Las Vegas",jdoe@illinois.edu,2021-07-22,20,-$458.00,Bioinformatics,Phase 1 &amp; 2 complete
REC-1636,PRJ-26-1001,Investigation into Cataloging and Modern Data Pipelines,Smith,1998,M.I.T.,smith@unlv.edu,2023-09-30,3,-$458.00,GIS Mapping,Na&iuml;ve Bayes test
REC-1637,PRJ-2026-8819,Analysis of Machine Learning,Michael OBrown,2005,UIUC,a.wright@berkeley.edu,2016-03-12,4,8130.18,Metadata,Caf&eacute; study group
REC-1638,PRJ20261001,Study on Archival Studies,Brian Stuart,2015,UC Berkeley,smith@unlv.edu,2018-11-05,39,138065.41,Ethics,Phase 1 &amp; 2 complete
REC-1639,,Analysis of Machine Learning,Michael O'Brown,c. 2005,"Las Vegas, University of Nevada",r.johnson@mit.edu,2023-09-30,32,49301.86,Python,Caf&eacute; study group
REC-1640,PRJ-26-1001,Proj A,Smith,N/A,Univ. of Illinois (UIUC),smith@unlv.edu,2099-12-31,47,207733.97,Machine Learning,Phase 1 &amp; 2 complete
REC-1641,PRJ-2026-8819,Analysis of GIS Mapping,Robert Johnson,Pending,"Berkeley, University of California",contact@lab.org,2023-09-30,28,91488.42,Data Science,Cost &lt; Budget
REC-1642,prj-2026-1001,National Science Foundation Geospatial Analysis Infrastructure Program,Dr. Smith,2050,MIT,r.johnson@mit.edu,2018-11-05,46,FREE,GIS Mapping,Phase 1 &amp; 2 complete
REC-1643,prj-2026-1001,Analysis of Machine Learning,Patricia Taylor Garcia,2015,"Las Vegas, University of Nevada",smith@unlv.edu,2018-11-05,3,"$8,372.91",Python,Phase 1 &amp; 2 complete
,,,,,,,,,,GIS Mapping,Sub-tag record
REC-1644,prj-2026-1001,Analysis of Metadata,Johnathan Doe,N/A,Urbana Champaign University of Illinois,jdoe@illinois.edu,2021-07-22,25,56154.64 USD,Machine Learning,Phase 1 &amp; 2 complete
REC-1645,PRJ-2026-8819,National Science Foundation Geospatial Analysis Infrastructure Project,Dr. Johnson,2005,"Las Vegas, University of Nevada",r.johnson@mit.edu,2021-07-22,38,79745.64,Archival Studies,Cost &lt; Budget
REC-1646,,Analysis of Bioinformatics,Robert Johnson,2022,Univ of Illinois Urbana Champaign,r.johnson@mit.edu,2025-12-01,32,88368.54 USD,Ethics,Caf&eacute; study group
REC-1647,,Study on Metadata,Kathryn Write,'15,Cal Berkeley,contact@lab.org,2025-12-01,39,"$161,203.21",Bioinformatics,Notes on &quot;UIUC&quot;
REC-1648,PRJ-2026-1001,Analysis of Archival Studies,Robert Johnson,Pending,"University of California, Berkeley",jdoe@illinois.edu,2023-09-30,9,-$346.00,Data Science,Phase 1 &amp; 2 complete
REC-1649,PRJ20261001,Study on Ethics,Christina Taylor,1998,"Urbana-Champaign, University of Illinois",contact@lab.org,2020-01-15,43,174440.98,Data Science,Notes on &quot;UIUC&quot;
REC-1650,,Proj A,A. PROF. WILSON,2015,university of illinois at urbana-champaign,jdoe@illinois.edu,2018-11-05,33,-$327.00,Machine Learning,Notes on &quot;UIUC&quot;
REC-1651,prj-2026-1001,National Science Foundation Geospatial Analysis Infrastructure Program,Dr. Brown,2012,UIUC,contact@lab.org,2099-12-31,12,FREE,Cataloging,Na&iuml;ve Bayes test
REC-1652,PRJ-2026-4052,Analysis of Ethics,Alexander Wright,Unknown,Urbana Champaign University of Illinois,r.johnson@mit.edu,2099-12-31,28,"$74,408.95",Bioinformatics,Cost &lt; Budget
REC-1653,prj-2026-1001,Analysis of Machine Learning,Johnathan Doee,c2020,UC Berkeley,duplicate.user@research.org,2016-03-12,25,109709.74 USD,Archival Studies,Na&iuml;ve Bayes test
REC-1654,PRJ-2026-9900,Comprehensive Digital Humanities Data Archival Research Project Phase 2,Dr. Smith,,U.N.L.V.,contact@lab.org,2025-12-01,7,FREE,Python,Na&iuml;ve Bayes test
REC-1655,INVALID_CODE,Investigation into GIS Mapping and Modern Data Pipelines,Jane Smith,2020,Massachusetts Institute of Technology,a.wright@berkeley.edu,2099-12-31,39,-$497.00,GIS Mapping,Na&iuml;ve Bayes test
REC-1656,PRJ-2026-8819,Analysis of Python,Patricia Taylor-Garcia,c2020,UC Berkeley,jdoe@illinois.edu,2021-07-22,34,146291.86 USD,Cataloging,Phase 1 &amp; 2 complete
REC-1657,prj-2026-1001,Analysis of Metadata,Johnathan Doe,N/A,Massachusetts Institute of Technology,jdoe@illinois.edu,2018-11-05,7,19772.1,Data Science,Phase 1 &amp; 2 complete
REC-1658,,Analysis of Archival Studies,Patricia Taylor Garcia,2022,Massachusetts Institute of Technology,contact@lab.org,2021-07-22,31,FREE,Metadata,Notes on &quot;UIUC&quot;
REC-1659,PRJ-2026-9900,Proj A,A. PROF. WILSON,2015,UC Berkeley,jdoe@illinois.edu,2016-03-12,26,-$379.00,Python,Notes on &quot;UIUC&quot;
REC-1660,,Analysis of Cataloging,Alexandr Wright,Unknown,UC Berkeley,r.johnson@mit.edu,2020-01-15,43,"$113,019.25",Metadata,Phase 1 &amp; 2 complete
REC-1661,PRJ-26-1001,Comprehensive Digital Humanities Data Archival Research Project Phase 1,Dr. Smith,2012,M.I.T.,contact@lab.org,2016-03-12,21,89603.22,Python,Notes on &quot;UIUC&quot;
REC-1662,,Study on Machine Learning,Stephen Miller,2050,"Berkeley, University of California",contact@lab.org,2023-09-30,37,"$132,924.49",GIS Mapping,Caf&eacute; study group
REC-1663,PRJ-2026-8819,Study on GIS Mapping,Jayne Smyth,c. 2005,Urbana Champaign University of Illinois,jdoe@illinois.edu,2021-07-22,24,"$102,540.55",Machine Learning,Na&iuml;ve Bayes test
REC-1664,PRJ-2026-8819,Study on Bioinformatics,Geoffrey Clark,2020,Cal Berkeley,a.wright@berkeley.edu,2023-09-30,34,102775.64,GIS Mapping,Phase 1 &amp; 2 complete
REC-1665,PRJ-2026-1001,Analysis of Data Science,Johnathan Doe,1882,Urbana Champaign University of Illinois,a.wright@berkeley.edu,,27,96830.68 USD,Ethics,Caf&eacute; study group
REC-1666,PRJ-2026-9900,Analysis of Python,Johnathan Doee,1998,U.N.L.V.,jdoe@illinois.edu,2021-07-22,17,-$390.00,Cataloging,Phase 1 &amp; 2 complete
,,,,,,,,,,Data Science,Sub-tag record
REC-1667,PRJ-2026-9900,Study on Metadata,Jayne Smyth,2018,"Las Vegas, University of Nevada",contact@lab.org,2023-09-30,33,"$114,600.70",Cataloging,Notes on &quot;UIUC&quot;
,,,,,,,,,,Archival Studies,Sub-tag record
,,,,,,,,,,Python,Sub-tag record
,,,,,,,,,,Bioinformatics,Sub-tag record
REC-1668,PRJ-2026-9900,National Science Foundation Geospatial Analysis Infrastructure Program,Dr. Doe,2012.0,"Las Vegas, University of Nevada",r.johnson@mit.edu,,37,"$111,382.44",Bioinformatics,Cost &lt; Budget
REC-1669,PRJ-2026-9900,Proj A,Dr. Jane Mary Smith,,Univ. of Illinois (UIUC),contact@lab.org,2018-11-05,12,FREE,Archival Studies,Cost &lt; Budget
REC-1670,PRJ-2026-4052,Study on Data Science,Jayne Smyth,Class of 2018,Univ of Nevada Las Vegas,r.johnson@mit.edu,2016-03-12,27,80623.96 USD,Data Science,Cost &lt; Budget
REC-1671,,Analysis of Bioinformatics,Michael OBrown,2018,"Berkeley, University of California",jdoe@illinois.edu,2025-12-01,24,102434.31,Cataloging,Phase 1 &amp; 2 complete
REC-1672,INVALID_CODE,Study on Bioinformatics,Geoffrey Clark,2018,"Technology, Massachusetts Institute of",contact@lab.org,2023-09-30,39,-$233.00,Bioinformatics,Na&iuml;ve Bayes test
REC-1673,,Proj A,Jane Smith,Class of 2018,Univ of Nevada Las Vegas,smith@unlv.edu,2023-09-30,5,16733.21,GIS Mapping,Cost &lt; Budget
REC-1674,PRJ20261001,Study on Python,Jayne Smyth,2005,Univ of Nevada Las Vegas,jdoe@illinois.edu,2016-03-12,25,-$211.00,Machine Learning,Caf&eacute; study group
REC-1675,prj-2026-1001,Comprehensive Digital Humanities Data Archival Research Project Phase 1,Dr. Johnson,2005,MIT,r.johnson@mit.edu,2099-12-31,14,-$435.00,Data Science,Notes on &quot;UIUC&quot;
,,,,,,,,,,Metadata,Sub-tag record
REC-1676,prj-2026-1001,Proj A,A. PROF. WILSON,2012,"Berkeley, University of California",r.johnson@mit.edu,2016-03-12,5,16508.68,Ethics,Cost &lt; Budget
REC-1677,INVALID_CODE,Proj A,Smith,1998,"University of Nevada, Las Vegas",r.johnson@mit.edu,2018-11-05,12,-$284.00,Bioinformatics,Caf&eacute; study group
REC-1678,prj-2026-1001,Comprehensive Digital Humanities Data Archival Research Initiative Phase 1,Dr. Brown,2015,Cal Berkeley,jdoe@illinois.edu,2020-01-15,41,87512.0,Ethics,Na&iuml;ve Bayes test
REC-1679,INVALID_CODE,National Science Foundation Geospatial Analysis Infrastructure Program,Dr. Doe,2018,UC Berkeley,smith@unlv.edu,2018-11-05,17,-$422.00,Bioinformatics,Phase 1 &amp; 2 complete
REC-1680,PRJ-2026-9900,Study on Archival Studies,Bryan Stewart,,"University of California, Berkeley",r.johnson@mit.edu,2023-09-30,26,57009.47,Machine Learning,Notes on &quot;UIUC&quot;
REC-1681,PRJ-2026-4052,Analysis of Bioinformatics,Robert Johnson,2020,U.N.L.V.,contact@lab.org,2025-12-01,31,FREE,Metadata,Caf&eacute; study group
REC-1682,PRJ-26-1001,Analysis of Metadata,Robert Johnson,Class of 2018,Cal Berkeley,r.johnson@mit.edu,2018-11-05,35,-$353.00,Cataloging,Phase 1 &amp; 2 complete
REC-1683,PRJ-2026-4052,Analysis of Machine Learning,Robert Jhnson,Class of 2018,"Technology, Massachusetts Institute of",a.wright@berkeley.edu,2020-01-15,4,"$14,280.56",Ethics,Phase 1 &amp; 2 complete
REC-1684,PRJ-2026-4052,Proj A,m. davis,1882,Massachusetts Institute of Technology,r.johnson@mit.edu,2025-12-01,42,"$76,579.25",Archival Studies,Cost &lt; Budget
,,,,,,,,,,Bioinformatics,Sub-tag record
,,,,,,,,,,Python,Sub-tag record
REC-1685,,Investigation into GIS Mapping and Modern Data Pipelines,m. davis,2005,Univ. of Illinois (UIUC),contact@lab.org,2018-11-05,40,131165.79 USD,Archival Studies,Notes on &quot;UIUC&quot;
REC-1686,PRJ-2026-1001,Analysis of GIS Mapping,Alexander Wright,2012,Univ of Illinois Urbana Champaign,r.johnson@mit.edu,,30,70673.15 USD,Metadata,Na&iuml;ve Bayes test
REC-1687,PRJ-26-1001,Analysis of Cataloging,Johnathan Doe,,"Technology, Massachusetts Institute of",contact@lab.org,2018-11-05,10,23635.29 USD,Metadata,Cost &lt; Budget
REC-1688,PRJ-2026-4052,National Science Foundation Geospatial Analysis Infrastructure Project,Dr. Johnson,2012,Univ of Illinois Urbana Champaign,smith@unlv.edu,2021-07-22,13,"$20,566.65",Ethics,Na&iuml;ve Bayes test
REC-1689,INVALID_CODE,Analysis of Data Science,Johnathan Doee,1998,U.N.L.V.,contact@lab.org,2099-12-31,32,"$76,314.39",Machine Learning,Na&iuml;ve Bayes test
REC-1690,PRJ-26-1001,Investigation into Archival Studies and Modern Data Pipelines,m. davis,2022,university of illinois at urbana-champaign,jdoe@illinois.edu,2018-11-05,23,45314.18,Ethics,Notes on &quot;UIUC&quot;
REC-1691,PRJ-26-1001,Study on Data Science,Christina Taylor,2021,"Technology, Massachusetts Institute of",contact@lab.org,2021-07-22,43,"$69,097.07",Bioinformatics,Na&iuml;ve Bayes test
REC-1692,PRJ-2026-8819,Analysis of Metadata,Michael OBrown,2005,M.I.T.,r.johnson@mit.edu,2021-07-22,16,"$24,153.49",Cataloging,Phase 1 &amp; 2 complete
REC-1693,PRJ-26-1001,Analysis of GIS Mapping,Johnathan Doee,c2020,Cal Berkeley,smith@unlv.edu,2099-12-31,14,FREE,Archival Studies,Na&iuml;ve Bayes test
REC-1694,INVALID_CODE,Investigation into Python and Modern Data Pipelines,m. davis,2021,"Las Vegas, University of Nevada",r.johnson@mit.edu,2099-12-31,30,55423.73 USD,Machine Learning,Cost &lt; Budget
REC-1695,PRJ-2026-1001,Comprehensive Digital Humanities Data Archival Research Project Phase 2,Dr. Brown,Unknown,M.I.T.,smith@unlv.edu,2023-09-30,29,48789.88,Python,Cost &lt; Budget
REC-1696,PRJ20261001,Investigation into Archival Studies and Modern Data Pipelines,m. davis,Class of 2018,Massachusetts Institute of Technology,r.johnson@mit.edu,2021-07-22,5,12127.66 USD,Metadata,Cost &lt; Budget
REC-1697,PRJ-2026-1001,Analysis of Python,Johnathan Doe,1882,Univ. of Illinois (UIUC),duplicate.user@research.org,1900-01-01,24,-$132.00,Ethics,Phase 1 &amp; 2 complete
REC-1698,prj-2026-1001,Analysis of Metadata,Patricia Taylor-Garcia,c2020,"Berkeley, University of California",smith@unlv.edu,2020-01-15,16,FREE,Data Science,Cost &lt; Budget
REC-1699,PRJ-2026-1001,Study on Bioinformatics,Brian Stuart,2018,M.I.T.,r.johnson@mit.edu,2021-07-22,10,39389.88 USD,Metadata,Notes on &quot;UIUC&quot;
REC-1700,PRJ-2026-1001,Comprehensive Digital Humanities Data Archival Research Project Phase 1,Dr. Smith,,university of illinois at urbana-champaign,a.wright@berkeley.edu,2016-03-12,12,-$300.00,GIS Mapping,Na&iuml;ve Bayes test
REC-1701,PRJ-2026-4052,National Science Foundation Geospatial Analysis Infrastructure Project,Dr. Brown,'15,University of Illinois at Urbana-Champaign,smith@unlv.edu,2023-09-30,21,FREE,Ethics,Na&iuml;ve Bayes test
REC-1702,PRJ20261001,Comprehensive Digital Humanities Data Archival Research Initiative Phase 1,Dr. Brown,,"Berkeley, University of California",jdoe@illinois.edu,1900-01-01,48,FREE,Data Science,Cost &lt; Budget
REC-1703,PRJ-26-1001,Investigation into Archival Studies and Modern Data Pipelines,Jane Smith,2050,M.I.T.,r.johnson@mit.edu,2020-01-15,13,27599.59 USD,Machine Learning,Phase 1 &amp; 2 complete
REC-1704,PRJ20261001,Analysis of Archival Studies,Robert Johnson,2050,"University of California, Berkeley",jdoe@illinois.edu,2023-09-30,24,"$96,071.29",Bioinformatics,Caf&eacute; study group
REC-1705,PRJ-26-1001,Study on Ethics,Geoffrey Clark,1882,M.I.T.,smith@unlv.edu,2099-12-31,8,34109.53 USD,Bioinformatics,Caf&eacute; study group
REC-1706,PRJ-2026-1001,Analysis of Machine Learning,Johnathan Doee,1998,UIUC,jdoe@illinois.edu,1900-01-01,36,-$314.00,GIS Mapping,Caf&eacute; study group
REC-1707,PRJ-2026-8819,Study on GIS Mapping,Catherine Wright,c. 2005,"University of California, Berkeley",r.johnson@mit.edu,2020-01-15,16,62535.06,GIS Mapping,Cost &lt; Budget
REC-1708,PRJ-2026-1001,Investigation into Cataloging and Modern Data Pipelines,m. davis,2005,Univ. of Illinois (UIUC),a.wright@berkeley.edu,2025-12-01,33,"$56,137.75",Cataloging,Caf&eacute; study group
REC-1709,PRJ-2026-8819,Analysis of Python,Johnathan Doe,2018,Univ of Illinois Urbana Champaign,contact@lab.org,2018-11-05,17,"$43,092.83",GIS Mapping,Cost &lt; Budget
REC-1710,prj-2026-1001,National Science Foundation Geospatial Analysis Infrastructure Project,Dr. Brown,2012.0,"Las Vegas, University of Nevada",a.wright@berkeley.edu,,15,FREE,Cataloging,Na&iuml;ve Bayes test
REC-1711,INVALID_CODE,Comprehensive Digital Humanities Data Archival Research Initiative Phase 1,Dr. Doe,2021,UC Berkeley,contact@lab.org,2025-12-01,40,-$442.00,Cataloging,Na&iuml;ve Bayes test
REC-1712,PRJ-2026-1001,Analysis of Cataloging,Johnathan Doe,2022,university of illinois at urbana-champaign,a.wright@berkeley.edu,2025-12-01,6,11465.55 USD,Archival Studies,Phase 1 &amp; 2 complete
REC-1713,INVALID_CODE,National Science Foundation Geospatial Analysis Infrastructure Project,Dr. Johnson,2012,Univ of Illinois Urbana Champaign,a.wright@berkeley.edu,2099-12-31,36,"$88,232.97",Cataloging,Cost &lt; Budget
REC-1714,PRJ-2026-4052,Analysis of Bioinformatics,Patricia Taylor-Garcia,Pending,"Berkeley, University of California",r.johnson@mit.edu,,14,22062.41,Python,Caf&eacute; study group
REC-1715,PRJ-2026-9900,Proj A,Jane Smith,2012.0,Massachusetts Institute of Technology,jdoe@illinois.edu,2099-12-31,3,9775.7,Python,Cost &lt; Budget
REC-1716,INVALID_CODE,National Science Foundation Geospatial Analysis Infrastructure Project,Dr. Smith,2018,Univ of Nevada Las Vegas,a.wright@berkeley.edu,2016-03-12,6,"$26,480.53",Archival Studies,Cost &lt; Budget
REC-1717,PRJ-2026-1001,Investigation into Metadata and Modern Data Pipelines,m. davis,2021,"Berkeley, University of California",duplicate.user@research.org,2020-01-15,11,"$19,233.21",Data Science,Notes on &quot;UIUC&quot;
,,,,,,,,,,Python,Sub-tag record
,,,,,,,,,,Ethics,Sub-tag record
,,,,,,,,,,GIS Mapping,Sub-tag record
REC-1718,PRJ-2026-8819,National Science Foundation Geospatial Analysis Infrastructure Project,Dr. Doe,c. 2005,University of Illinois at Urbana-Champaign,r.johnson@mit.edu,2025-12-01,60,100.0 USD,Data Science,Na&iuml;ve Bayes test
REC-1719,PRJ-2026-1001,Study on Ethics,Stephen Miller,Class of 2018,Univ. of Illinois (UIUC),a.wright@berkeley.edu,2023-09-30,35,"$95,471.41",Ethics,Na&iuml;ve Bayes test
REC-1720,PRJ20261001,Comprehensive Digital Humanities Data Archival Research Initiative Phase 1,Dr. Smith,2050,MIT,jdoe@illinois.edu,2018-11-05,14,FREE,Data Science,Phase 1 &amp; 2 complete
REC-1721,prj-2026-1001,Analysis of Python,Johnathan Doee,2020,MIT,smith@unlv.edu,2021-07-22,27,FREE,Python,Notes on &quot;UIUC&quot;
REC-1722,PRJ20261001,Investigation into Cataloging and Modern Data Pipelines,Jane Smith,2005,Urbana Champaign University of Illinois,r.johnson@mit.edu,2023-09-30,40,-$330.00,Metadata,Phase 1 &amp; 2 complete
REC-1723,PRJ-26-1001,Study on Ethics,Brian Stuart,1998,UC Berkeley,a.wright@berkeley.edu,2023-09-30,35,110419.18,Cataloging,Notes on &quot;UIUC&quot;
REC-1724,PRJ-2026-8819,National Science Foundation Geospatial Analysis Infrastructure Program,Dr. Doe,2018,Univ of Nevada Las Vegas,contact@lab.org,2099-12-31,23,60187.51 USD,Data Science,Notes on &quot;UIUC&quot;
REC-1725,PRJ-26-1001,Comprehensive Digital Humanities Data Archival Research Initiative Phase 1,Dr. Smith,2005,University of Illinois at Urbana-Champaign,r.johnson@mit.edu,2018-11-05,22,-$195.00,Archival Studies,Notes on &quot;UIUC&quot;
REC-1726,PRJ-26-1001,Investigation into Bioinformatics and Modern Data Pipelines,A. PROF. WILSON,2012,M.I.T.,r.johnson@mit.edu,2099-12-31,17,-$155.00,GIS Mapping,Caf&eacute; study group
REC-1727,,Proj A,A. PROF. WILSON,2005,"University of California, Berkeley",contact@lab.org,2021-07-22,11,"$38,392.41",GIS Mapping,Na&iuml;ve Bayes test
REC-1728,PRJ-2026-8819,Analysis of Metadata,Patricia Taylor Garcia,2015,MIT,smith@unlv.edu,2023-09-30,18,73319.16 USD,Cataloging,Cost &lt; Budget
REC-1729,PRJ20261001,Analysis of Python,Alexander Wright,Unknown,University of Illinois at Urbana-Champaign,jdoe@illinois.edu,,33,115675.25 USD,Machine Learning,Caf&eacute; study group
REC-1730,INVALID_CODE,Proj A,Jane Smith,c. 2005,Massachusetts Institute of Technology,a.wright@berkeley.edu,,45,-$113.00,Metadata,Phase 1 &amp; 2 complete
REC-1731,PRJ-2026-8819,Analysis of Ethics,Patricia Taylor Garcia,c2020,University of Illinois at Urbana-Champaign,smith@unlv.edu,2099-12-31,22,61736.44,Metadata,Notes on &quot;UIUC&quot;
REC-1732,INVALID_CODE,Investigation into GIS Mapping and Modern Data Pipelines,Jane Smith,Unknown,Massachusetts Institute of Technology,duplicate.user@research.org,2020-01-15,36,144097.11 USD,Python,Notes on &quot;UIUC&quot;
REC-1733,INVALID_CODE,Study on Data Science,Christina Taylor,c. 2005,UIUC,contact@lab.org,2099-12-31,45,"$121,729.96",GIS Mapping,Phase 1 &amp; 2 complete
REC-1734,,Study on Archival Studies,Bryan Stewart,2012.0,"University of California, Berkeley",r.johnson@mit.edu,2025-12-01,30,92854.05 USD,Machine Learning,Phase 1 &amp; 2 complete
REC-1735,INVALID_CODE,Analysis of GIS Mapping,Johnathan Doee,,Urbana Champaign University of Illinois,a.wright@berkeley.edu,2016-03-12,10,41036.9 USD,Python,Caf&eacute; study group
REC-1736,prj-2026-1001,Comprehensive Digital Humanities Data Archival Research Initiative Phase 1,Dr. Brown,2015,"Las Vegas, University of Nevada",smith@unlv.edu,2025-12-01,1,"$750,000.00",Python,Caf&eacute; study group
REC-1737,PRJ-2026-8819,Study on Cataloging,Bryan Stewart,2020,UIUC,smith@unlv.edu,2099-12-31,25,-$224.00,Ethics,Caf&eacute; study group
REC-1738,INVALID_CODE,Investigation into Machine Learning and Modern Data Pipelines,Smith,2018,U.N.L.V.,jdoe@illinois.edu,,43,161155.44 USD,Metadata,Phase 1 &amp; 2 complete
REC-1739,,National Science Foundation Geospatial Analysis Infrastructure Program,Dr. Smith,1998,Univ of Illinois Urbana Champaign,r.johnson@mit.edu,,6,15736.25 USD,Bioinformatics,Notes on &quot;UIUC&quot;
REC-1740,prj-2026-1001,Comprehensive Digital Humanities Data Archival Research Initiative Phase 1,Dr. Doe,2018,"University of California, Berkeley",smith@unlv.edu,2023-09-30,4,FREE,Archival Studies,Phase 1 &amp; 2 complete
REC-1741,PRJ-2026-4052,Comprehensive Digital Humanities Data Archival Research Project Phase 2,Dr. Smith,2015,"University of Nevada, Las Vegas",smith@unlv.edu,2023-09-30,40,-$268.00,Archival Studies,Na&iuml;ve Bayes test
REC-1742,PRJ-2026-9900,Study on Python,Jeffrey Clarke,2022,MIT,a.wright@berkeley.edu,,19,-$140.00,Ethics,Notes on &quot;UIUC&quot;
REC-1743,PRJ20261001,Comprehensive Digital Humanities Data Archival Research Project Phase 2,Dr. Smith,2012.0,"University of California, Berkeley",r.johnson@mit.edu,2099-12-31,40,80008.12,Bioinformatics,Phase 1 &amp; 2 complete
REC-1744,INVALID_CODE,Study on Archival Studies,Geoffrey Clark,c2020,"University of Nevada, Las Vegas",smith@unlv.edu,2018-11-05,16,-$248.00,Metadata,Phase 1 &amp; 2 complete
REC-1745,PRJ-26-1001,Investigation into Bioinformatics and Modern Data Pipelines,A. PROF. WILSON,N/A,Urbana Champaign University of Illinois,r.johnson@mit.edu,2025-12-01,46,201513.04,Ethics,Phase 1 &amp; 2 complete
REC-1746,PRJ-2026-8819,Investigation into Bioinformatics and Modern Data Pipelines,Jane Smith,'15,MIT,a.wright@berkeley.edu,2020-01-15,37,147615.16 USD,Machine Learning,Caf&eacute; study group
REC-1747,PRJ-2026-9900,Investigation into Bioinformatics and Modern Data Pipelines,A. PROF. WILSON,1998,"Technology, Massachusetts Institute of",contact@lab.org,2020-01-15,8,26389.64 USD,Python,Na&iuml;ve Bayes test
REC-1748,INVALID_CODE,Analysis of Archival Studies,Michael O'Brown,2012.0,university of illinois at urbana-champaign,duplicate.user@research.org,,13,FREE,Cataloging,Na&iuml;ve Bayes test
REC-1749,PRJ20261001,Comprehensive Digital Humanities Data Archival Research Initiative Phase 1,Dr. Doe,2015,university of illinois at urbana-champaign,a.wright@berkeley.edu,2021-07-22,18,70024.69 USD,Machine Learning,Na&iuml;ve Bayes test
REC-1750,PRJ-2026-1001,Comprehensive Digital Humanities Data Archival Research Project Phase 2,Dr. Doe,2020,MIT,duplicate.user@research.org,1900-01-01,27,46199.61 USD,Ethics,Na&iuml;ve Bayes test
REC-1751,prj-2026-1001,Study on Ethics,Christina Taylor,Pending,University of Illinois at Urbana-Champaign,jdoe@illinois.edu,1900-01-01,48,205544.15 USD,Machine Learning,Phase 1 &amp; 2 complete
REC-1752,PRJ-2026-8819,Study on Machine Learning,Stephen Miller,2012.0,UIUC,r.johnson@mit.edu,2021-07-22,9,"$22,410.69",Archival Studies,Caf&eacute; study group
REC-1753,prj-2026-1001,Analysis of Archival Studies,Patricia Taylor Garcia,Pending,UNLV,contact@lab.org,2016-03-12,21,33134.25,GIS Mapping,Notes on &quot;UIUC&quot;
REC-1754,PRJ-2026-8819,National Science Foundation Geospatial Analysis Infrastructure Project,Dr. Doe,Unknown,"Las Vegas, University of Nevada",r.johnson@mit.edu,2020-01-15,27,FREE,GIS Mapping,Notes on &quot;UIUC&quot;
,,,,,,,,,,Metadata,Sub-tag record
REC-1755,PRJ-26-1001,Study on Ethics,Jeffrey Clarke,c2020,"University of California, Berkeley",smith@unlv.edu,2020-01-15,23,70610.28 USD,Archival Studies,Na&iuml;ve Bayes test
REC-1756,PRJ-26-1001,Analysis of Archival Studies,Alexandr Wright,2015,Massachusetts Institute of Technology,jdoe@illinois.edu,2021-07-22,12,"$28,019.36",Python,Cost &lt; Budget
REC-1757,PRJ-2026-4052,Proj A,m. davis,2012.0,Urbana Champaign University of Illinois,a.wright@berkeley.edu,2025-12-01,38,-$140.00,Data Science,Na&iuml;ve Bayes test
REC-1758,PRJ-2026-9900,Proj A,A. PROF. WILSON,Class of 2018,"University of Nevada, Las Vegas",smith@unlv.edu,2021-07-22,41,94188.89,Cataloging,Caf&eacute; study group
REC-1759,PRJ20261001,Study on Data Science,Stephen Miller,2012,Urbana Champaign University of Illinois,contact@lab.org,2099-12-31,6,"$14,739.45",Machine Learning,Phase 1 &amp; 2 complete
REC-1760,PRJ20261001,Proj A,Smith,1882,Univ of Illinois Urbana Champaign,contact@lab.org,2023-09-30,1,"$750,000.00",Archival Studies,Na&iuml;ve Bayes test
REC-1761,prj-2026-1001,Analysis of Archival Studies,Alexander Wright,Class of 2018,University of Illinois at Urbana-Champaign,contact@lab.org,2099-12-31,33,100405.82,Ethics,Notes on &quot;UIUC&quot;
REC-1762,PRJ-2026-8819,Analysis of Ethics,Patricia Taylor Garcia,'15,"University of California, Berkeley",jdoe@illinois.edu,2099-12-31,35,FREE,Bioinformatics,Phase 1 &amp; 2 complete
REC-1763,PRJ-2026-4052,National Science Foundation Geospatial Analysis Infrastructure Program,Dr. Smith,1882,UNLV,smith@unlv.edu,2021-07-22,22,-$341.00,GIS Mapping,Notes on &quot;UIUC&quot;
REC-1764,PRJ-2026-8819,Analysis of Python,Alexander Wright,1998,UIUC,smith@unlv.edu,2020-01-15,33,114195.57 USD,GIS Mapping,Cost &lt; Budget
REC-1765,PRJ-26-1001,Analysis of GIS Mapping,Patricia Taylor Garcia,2022,U.N.L.V.,r.johnson@mit.edu,2099-12-31,28,"$106,066.40",Bioinformatics,Cost &lt; Budget
REC-1766,PRJ-2026-9900,Study on Metadata,Kathryn Write,Class of 2018,MIT,duplicate.user@research.org,2021-07-22,26,40846.96 USD,Python,Cost &lt; Budget
REC-1767,PRJ-26-1001,Analysis of Archival Studies,Michael O'Brown,2021,Univ of Nevada Las Vegas,smith@unlv.edu,2099-12-31,5,19218.42 USD,Archival Studies,Na&iuml;ve Bayes test
REC-1768,prj-2026-1001,Analysis of Bioinformatics,Patricia Taylor-Garcia,2021,"Urbana-Champaign, University of Illinois",r.johnson@mit.edu,,21,FREE,Machine Learning,Cost &lt; Budget
REC-1769,,Comprehensive Digital Humanities Data Archival Research Project Phase 2,Dr. Brown,2050,Univ. of Illinois (UIUC),smith@unlv.edu,2018-11-05,39,122450.46,GIS Mapping,Caf&eacute; study group
REC-1770,PRJ-2026-9900,Study on Machine Learning,Stephen Miller,2012.0,UNLV,a.wright@berkeley.edu,2020-01-15,32,FREE,GIS Mapping,Cost &lt; Budget
REC-1771,PRJ-2026-1001,Comprehensive Digital Humanities Data Archival Research Project Phase 2,Dr. Smith,N/A,Univ of Illinois Urbana Champaign,a.wright@berkeley.edu,,35,-$323.00,Ethics,Phase 1 &amp; 2 complete
REC-1772,PRJ-2026-4052,Comprehensive Digital Humanities Data Archival Research Initiative Phase 1,Dr. Brown,c. 2005,UC Berkeley,jdoe@illinois.edu,,35,"$141,361.43",Archival Studies,Phase 1 &amp; 2 complete
REC-1773,PRJ-26-1001,Analysis of Bioinformatics,Johnathan Doe,Pending,Univ of Nevada Las Vegas,smith@unlv.edu,2018-11-05,24,68691.39 USD,Bioinformatics,Notes on &quot;UIUC&quot;
REC-1774,PRJ-26-1001,National Science Foundation Geospatial Analysis Infrastructure Project,Dr. Smith,2015,Massachusetts Institute of Technology,duplicate.user@research.org,1900-01-01,17,55303.2,Cataloging,Notes on &quot;UIUC&quot;
REC-1775,PRJ-2026-1001,Comprehensive Digital Humanities Data Archival Research Project Phase 2,Dr. Doe,1998,Univ. of Illinois (UIUC),jdoe@illinois.edu,,5,-$278.00,Python,Na&iuml;ve Bayes test
REC-1776,PRJ-2026-9900,Comprehensive Digital Humanities Data Archival Research Project Phase 2,Dr. Doe,'15,Urbana Champaign University of Illinois,r.johnson@mit.edu,2021-07-22,31,57949.24 USD,Cataloging,Cost &lt; Budget
,,,,,,,,,,Bioinformatics,Sub-tag record
,,,,,,,,,,Data Science,Sub-tag record
,,,,,,,,,,Ethics,Sub-tag record
REC-1777,PRJ-2026-8819,Proj A,m. davis,2050,Massachusetts Institute of Technology,jdoe@illinois.edu,,10,FREE,Archival Studies,Na&iuml;ve Bayes test
REC-1778,PRJ-26-1001,National Science Foundation Geospatial Analysis Infrastructure Program,Dr. Johnson,1998,Urbana Champaign University of Illinois,contact@lab.org,2099-12-31,32,49549.96 USD,Bioinformatics,Cost &lt; Budget
REC-1779,PRJ-2026-9900,Study on GIS Mapping,Jeffrey Clarke,N/A,university of illinois at urbana-champaign,r.johnson@mit.edu,2018-11-05,4,17415.71,Python,Caf&eacute; study group
REC-1780,PRJ-2026-8819,Study on Metadata,Stephen Miller,2015,UC Berkeley,smith@unlv.edu,2099-12-31,16,65584.56,Bioinformatics,Phase 1 &amp; 2 complete
REC-1781,PRJ-2026-8819,Analysis of Ethics,Robert Jhnson,2005,Univ. of Illinois (UIUC),jdoe@illinois.edu,2016-03-12,28,94526.25,Data Science,Caf&eacute; study group
REC-1782,,Study on Archival Studies,Jeffrey Clarke,2022,"Urbana-Champaign, University of Illinois",jdoe@illinois.edu,1900-01-01,13,"$25,668.73",Cataloging,Na&iuml;ve Bayes test
REC-1783,PRJ20261001,Study on Machine Learning,Catherine Wright,Pending,M.I.T.,contact@lab.org,2020-01-15,3,7302.88 USD,GIS Mapping,Na&iuml;ve Bayes test
REC-1784,PRJ-2026-9900,Analysis of Python,Patricia Taylor-Garcia,2021,Cal Berkeley,contact@lab.org,2020-01-15,12,"$26,119.87",Bioinformatics,Notes on &quot;UIUC&quot;
REC-1785,PRJ-26-1001,Comprehensive Digital Humanities Data Archival Research Project Phase 2,Dr. Smith,Class of 2018,"University of Nevada, Las Vegas",r.johnson@mit.edu,2099-12-31,39,174054.22,Metadata,Na&iuml;ve Bayes test
REC-1786,INVALID_CODE,Comprehensive Digital Humanities Data Archival Research Initiative Phase 1,Dr. Brown,2050,Univ. of Illinois (UIUC),jdoe@illinois.edu,2016-03-12,3,"$5,786.59",Cataloging,Notes on &quot;UIUC&quot;
REC-1787,INVALID_CODE,Analysis of Archival Studies,Robert Jhnson,2012.0,M.I.T.,contact@lab.org,2099-12-31,19,"$59,615.13",Ethics,Notes on &quot;UIUC&quot;
REC-1788,,Comprehensive Digital Humanities Data Archival Research Project Phase 2,Dr. Johnson,c. 2005,Univ of Nevada Las Vegas,a.wright@berkeley.edu,2099-12-31,24,90955.39,Bioinformatics,Phase 1 &amp; 2 complete
,,,,,,,,,,Data Science,Sub-tag record
,,,,,,,,,,GIS Mapping,Sub-tag record
REC-1789,PRJ-2026-8819,Analysis of Archival Studies,Johnathan Doee,2021,Univ of Illinois Urbana Champaign,r.johnson@mit.edu,2025-12-01,38,"$169,211.53",Ethics,Cost &lt; Budget
REC-1790,PRJ-2026-1001,Analysis of Ethics,Robert Johnson,2022,Urbana Champaign University of Illinois,smith@unlv.edu,2021-07-22,12,-$368.00,Python,Cost &lt; Budget
,,,,,,,,,,Cataloging,Sub-tag record
,,,,,,,,,,Ethics,Sub-tag record
,,,,,,,,,,GIS Mapping,Sub-tag record
REC-1791,,Analysis of Metadata,Patricia Taylor Garcia,2012,Cal Berkeley,smith@unlv.edu,1900-01-01,28,-$315.00,Archival Studies,Notes on &quot;UIUC&quot;
REC-1792,prj-2026-1001,Comprehensive Digital Humanities Data Archival Research Initiative Phase 1,Dr. Doe,2020,University of Illinois at Urbana-Champaign,contact@lab.org,2021-07-22,7,11743.67 USD,Archival Studies,Na&iuml;ve Bayes test
REC-1793,PRJ-26-1001,Analysis of Metadata,Michael OBrown,c2020,"Technology, Massachusetts Institute of",smith@unlv.edu,2018-11-05,20,38426.42 USD,Metadata,Notes on &quot;UIUC&quot;
REC-1794,prj-2026-1001,Analysis of GIS Mapping,Robert Jhnson,2015,UNLV,contact@lab.org,,41,119446.45 USD,Machine Learning,Phase 1 &amp; 2 complete
REC-1795,PRJ-2026-4052,Investigation into Machine Learning and Modern Data Pipelines,Jane Smith,2018,Univ of Nevada Las Vegas,r.johnson@mit.edu,2099-12-31,48,171566.92 USD,Cataloging,Caf&eacute; study group
REC-1796,INVALID_CODE,Study on Python,Jane Smith,Unknown,"University of Nevada, Las Vegas",a.wright@berkeley.edu,2016-03-12,20,80539.5,Ethics,Phase 1 &amp; 2 complete
REC-1797,PRJ20261001,Comprehensive Digital Humanities Data Archival Research Initiative Phase 1,Dr. Brown,2020,U.N.L.V.,duplicate.user@research.org,2021-07-22,40,112052.04,Archival Studies,Na&iuml;ve Bayes test
REC-1798,PRJ-2026-4052,Investigation into Ethics and Modern Data Pipelines,A. PROF. WILSON,2021,"Urbana-Champaign, University of Illinois",jdoe@illinois.edu,2018-11-05,46,-$315.00,Data Science,Notes on &quot;UIUC&quot;
REC-1799,INVALID_CODE,National Science Foundation Geospatial Analysis Infrastructure Program,Dr. Brown,,UC Berkeley,duplicate.user@research.org,1900-01-01,14,22014.07,Bioinformatics,Phase 1 &amp; 2 complete
REC-1800,prj-2026-1001,Study on GIS Mapping,Kristina Tailor,2012.0,U.N.L.V.,smith@unlv.edu,2099-12-31,47,210227.57,Metadata,Phase 1 &amp; 2 complete
REC-1801,PRJ20261001,Analysis of Ethics,Alexander Wright,c2020,UNLV,smith@unlv.edu,2018-11-05,37,FREE,GIS Mapping,Cost &lt; Budget
REC-1802,PRJ-2026-9900,Study on Bioinformatics,Kristina Tailor,Unknown,UNLV,a.wright@berkeley.edu,2023-09-30,31,FREE,Python,Caf&eacute; study group
REC-1803,,Study on GIS Mapping,Jayne Smyth,1882,"University of California, Berkeley",contact@lab.org,2020-01-15,7,"$14,671.01",Bioinformatics,Caf&eacute; study group
REC-1804,PRJ-2026-4052,Comprehensive Digital Humanities Data Archival Research Initiative Phase 1,Dr. Doe,2012.0,"Berkeley, University of California",a.wright@berkeley.edu,2023-09-30,8,FREE,Data Science,Na&iuml;ve Bayes test
REC-1805,PRJ-2026-9900,Analysis of GIS Mapping,Alexandr Wright,Unknown,University of Illinois at Urbana-Champaign,smith@unlv.edu,2021-07-22,16,30978.08,Data Science,Caf&eacute; study group
REC-1806,INVALID_CODE,Proj A,m. davis,2005,"Technology, Massachusetts Institute of",contact@lab.org,1900-01-01,26,101667.23,Python,Cost &lt; Budget
REC-1807,,Analysis of Machine Learning,Patricia Taylor-Garcia,c. 2005,Univ. of Illinois (UIUC),smith@unlv.edu,2020-01-15,35,-$260.00,Cataloging,Phase 1 &amp; 2 complete
REC-1808,PRJ20261001,National Science Foundation Geospatial Analysis Infrastructure Program,Dr. Doe,2050,Univ of Nevada Las Vegas,a.wright@berkeley.edu,2099-12-31,13,20362.49 USD,Data Science,Na&iuml;ve Bayes test
REC-1809,prj-2026-1001,Comprehensive Digital Humanities Data Archival Research Project Phase 2,Dr. Brown,2012.0,university of illinois at urbana-champaign,r.johnson@mit.edu,2016-03-12,48,FREE,Cataloging,Na&iuml;ve Bayes test
REC-1810,INVALID_CODE,Investigation into Ethics and Modern Data Pipelines,Dr. Jane Mary Smith,2012,UNLV,contact@lab.org,2020-01-15,40,"$97,735.03",Data Science,Na&iuml;ve Bayes test
REC-1811,PRJ-2026-9900,Comprehensive Digital Humanities Data Archival Research Project Phase 1,Dr. Smith,2020,Cal Berkeley,smith@unlv.edu,2021-07-22,14,"$56,101.06",Archival Studies,Na&iuml;ve Bayes test
REC-1812,PRJ20261001,Study on Bioinformatics,Jeffrey Clarke,c2020,UC Berkeley,a.wright@berkeley.edu,2020-01-15,22,56440.36 USD,Archival Studies,Cost &lt; Budget
REC-1813,PRJ-26-1001,Study on Cataloging,Steven Miller,2012.0,"University of Nevada, Las Vegas",jdoe@illinois.edu,2099-12-31,4,"$16,551.62",Data Science,Phase 1 &amp; 2 complete
REC-1814,PRJ-26-1001,Comprehensive Digital Humanities Data Archival Research Project Phase 2,Dr. Smith,,University of Illinois at Urbana-Champaign,duplicate.user@research.org,1900-01-01,39,"$124,413.67",Cataloging,Cost &lt; Budget
REC-1815,PRJ-26-1001,Proj A,Jane Smith,2021,U.N.L.V.,smith@unlv.edu,2020-01-15,14,42307.81 USD,Ethics,Caf&eacute; study group
,,,,,,,,,,Machine Learning,Sub-tag record
REC-1816,PRJ-2026-4052,Comprehensive Digital Humanities Data Archival Research Project Phase 1,Dr. Johnson,2005,U.N.L.V.,smith@unlv.edu,2099-12-31,42,178919.89 USD,Ethics,Notes on &quot;UIUC&quot;
REC-1817,PRJ20261001,Proj A,m. davis,2012,UNLV,smith@unlv.edu,2021-07-22,6,25498.99 USD,Machine Learning,Caf&eacute; study group
REC-1818,INVALID_CODE,Study on Ethics,Christina Taylor,2050,UC Berkeley,contact@lab.org,,11,FREE,Bioinformatics,Notes on &quot;UIUC&quot;
REC-1819,,Proj A,m. davis,2015,M.I.T.,r.johnson@mit.edu,2099-12-31,34,152213.31,Data Science,Na&iuml;ve Bayes test
REC-1820,PRJ-2026-1001,Study on GIS Mapping,Stephen Miller,2050,UC Berkeley,r.johnson@mit.edu,,22,58403.49,Data Science,Phase 1 &amp; 2 complete
REC-1821,PRJ-2026-9900,Proj A,A. PROF. WILSON,2012.0,"University of California, Berkeley",jdoe@illinois.edu,2018-11-05,17,"$61,832.94",Archival Studies,Caf&eacute; study group
REC-1822,prj-2026-1001,Analysis of Data Science,Alexander Wright,c2020,"Urbana-Champaign, University of Illinois",jdoe@illinois.edu,2016-03-12,24,106876.94 USD,Python,Notes on &quot;UIUC&quot;
REC-1823,INVALID_CODE,Proj A,Smith,2012,Cal Berkeley,r.johnson@mit.edu,2023-09-30,44,163235.63,Data Science,Notes on &quot;UIUC&quot;
REC-1824,INVALID_CODE,Investigation into Bioinformatics and Modern Data Pipelines,m. davis,Unknown,Urbana Champaign University of Illinois,jdoe@illinois.edu,2016-03-12,47,"$101,939.42",Archival Studies,Caf&eacute; study group
REC-1825,prj-2026-1001,Study on Metadata,Stephen Miller,c2020,Univ of Nevada Las Vegas,r.johnson@mit.edu,2023-09-30,28,FREE,Ethics,Phase 1 &amp; 2 complete
REC-1826,PRJ-2026-1001,Proj A,Jane Smith,Unknown,M.I.T.,smith@unlv.edu,1900-01-01,47,FREE,Python,Notes on &quot;UIUC&quot;
REC-1827,PRJ-2026-1001,Proj A,Jane Smith,1998,"University of California, Berkeley",r.johnson@mit.edu,2016-03-12,19,81044.87,Data Science,Notes on &quot;UIUC&quot;
REC-1828,PRJ-26-1001,Investigation into Metadata and Modern Data Pipelines,m. davis,2020,"University of California, Berkeley",smith@unlv.edu,2099-12-31,7,-$370.00,Metadata,Phase 1 &amp; 2 complete
REC-1829,PRJ-2026-1001,Analysis of Data Science,Alexander Wright,2020,Univ of Illinois Urbana Champaign,contact@lab.org,2020-01-15,12,FREE,Data Science,Cost &lt; Budget
,,,,,,,,,,Bioinformatics,Sub-tag record
REC-1830,INVALID_CODE,Study on Data Science,Stephen Miller,1882,UC Berkeley,a.wright@berkeley.edu,2023-09-30,18,-$228.00,Archival Studies,Na&iuml;ve Bayes test
REC-1831,INVALID_CODE,Investigation into Archival Studies and Modern Data Pipelines,Jane Smith,2022,"University of Nevada, Las Vegas",smith@unlv.edu,2023-09-30,4,11180.84,Archival Studies,Notes on &quot;UIUC&quot;
REC-1832,INVALID_CODE,Investigation into Cataloging and Modern Data Pipelines,A. PROF. WILSON,2012.0,Univ. of Illinois (UIUC),a.wright@berkeley.edu,1900-01-01,31,135070.8 USD,Python,Caf&eacute; study group
REC-1833,PRJ-2026-9900,Proj A,Jane Smith,1998,"University of Nevada, Las Vegas",contact@lab.org,2025-12-01,29,76109.05,Metadata,Caf&eacute; study group
REC-1834,PRJ-26-1001,Investigation into Ethics and Modern Data Pipelines,Smith,N/A,"Las Vegas, University of Nevada",smith@unlv.edu,,36,100632.65 USD,Bioinformatics,Notes on &quot;UIUC&quot;
,,,,,,,,,,Metadata,Sub-tag record
REC-1835,PRJ20261001,National Science Foundation Geospatial Analysis Infrastructure Program,Dr. Doe,1998,UC Berkeley,r.johnson@mit.edu,2021-07-22,34,-$371.00,Data Science,Notes on &quot;UIUC&quot;
REC-1836,PRJ-26-1001,Study on Data Science,Jayne Smyth,c. 2005,"Urbana-Champaign, University of Illinois",r.johnson@mit.edu,2021-07-22,22,88484.78,Python,Notes on &quot;UIUC&quot;
REC-1837,PRJ-2026-8819,Proj A,m. davis,'15,"Las Vegas, University of Nevada",contact@lab.org,2020-01-15,37,156535.7 USD,Ethics,Notes on &quot;UIUC&quot;
REC-1838,PRJ-2026-8819,Proj A,Dr. Jane Mary Smith,Pending,Univ. of Illinois (UIUC),jdoe@illinois.edu,1900-01-01,13,-$452.00,Python,Caf&eacute; study group
REC-1839,PRJ-26-1001,Investigation into Metadata and Modern Data Pipelines,A. PROF. WILSON,Unknown,University of Illinois at Urbana-Champaign,contact@lab.org,2025-12-01,7,-$253.00,Metadata,Phase 1 &amp; 2 complete
REC-1840,PRJ-2026-1001,Study on Python,Kristina Tailor,2020,"Las Vegas, University of Nevada",a.wright@berkeley.edu,1900-01-01,19,39445.32,Data Science,Notes on &quot;UIUC&quot;
REC-1841,PRJ-26-1001,Proj A,Dr. Jane Mary Smith,'15,"University of Nevada, Las Vegas",a.wright@berkeley.edu,2016-03-12,45,"$129,341.82",Data Science,Cost &lt; Budget
REC-1842,INVALID_CODE,Analysis of Data Science,Alexandr Wright,c2020,"Las Vegas, University of Nevada",a.wright@berkeley.edu,1900-01-01,20,71811.37,Ethics,Phase 1 &amp; 2 complete
REC-1843,prj-2026-1001,Proj A,m. davis,Class of 2018,U.N.L.V.,a.wright@berkeley.edu,2023-09-30,45,78947.37,Machine Learning,Phase 1 &amp; 2 complete
REC-1844,PRJ-2026-8819,Study on Machine Learning,Stephen Miller,2020,"University of Nevada, Las Vegas",jdoe@illinois.edu,2021-07-22,3,11007.96,Machine Learning,Phase 1 &amp; 2 complete
REC-1845,PRJ-2026-8819,Analysis of Archival Studies,Alexander Wright,2021,UNLV,jdoe@illinois.edu,2021-07-22,48,"$209,000.44",Cataloging,Phase 1 &amp; 2 complete
REC-1846,PRJ20261001,Analysis of Bioinformatics,Johnathan Doe,,UNLV,smith@unlv.edu,2020-01-15,46,"$150,670.06",Ethics,Caf&eacute; study group
REC-1847,PRJ-2026-9900,Study on Cataloging,Jayne Smyth,2022,Univ of Nevada Las Vegas,contact@lab.org,2018-11-05,23,FREE,GIS Mapping,Phase 1 &amp; 2 complete
REC-1848,,Proj A,A. PROF. WILSON,Class of 2018,"Technology, Massachusetts Institute of",smith@unlv.edu,2016-03-12,13,"$22,021.48",Data Science,Cost &lt; Budget
REC-1849,PRJ-2026-4052,Proj A,Smith,c. 2005,university of illinois at urbana-champaign,r.johnson@mit.edu,2023-09-30,33,86173.9,Python,Cost &lt; Budget
REC-1850,PRJ-26-1001,Analysis of Data Science,Michael O'Brown,N/A,U.N.L.V.,a.wright@berkeley.edu,1900-01-01,32,FREE,Bioinformatics,Caf&eacute; study group
REC-1851,INVALID_CODE,Investigation into Metadata and Modern Data Pipelines,Smith,2022,Massachusetts Institute of Technology,jdoe@illinois.edu,2020-01-15,14,"$30,113.74",Metadata,Notes on &quot;UIUC&quot;
REC-1852,,Comprehensive Digital Humanities Data Archival Research Project Phase 2,Dr. Johnson,Unknown,University of Illinois at Urbana-Champaign,r.johnson@mit.edu,2023-09-30,41,150518.69 USD,Metadata,Notes on &quot;UIUC&quot;
REC-1853,prj-2026-1001,Proj A,Smith,c. 2005,university of illinois at urbana-champaign,contact@lab.org,2020-01-15,34,132969.45 USD,GIS Mapping,Notes on &quot;UIUC&quot;
REC-1854,prj-2026-1001,Analysis of Bioinformatics,Patricia Taylor-Garcia,2021,Cal Berkeley,contact@lab.org,2025-12-01,11,28695.73 USD,Python,Cost &lt; Budget
,,,,,,,,,,Bioinformatics,Sub-tag record
,,,,,,,,,,Machine Learning,Sub-tag record
REC-1855,PRJ-26-1001,Analysis of Python,Patricia Taylor-Garcia,Class of 2018,M.I.T.,contact@lab.org,2021-07-22,43,FREE,Cataloging,Notes on &quot;UIUC&quot;
REC-1856,PRJ-2026-8819,Analysis of Data Science,Robert Johnson,,UNLV,a.wright@berkeley.edu,2025-12-01,32,105849.58,Cataloging,Phase 1 &amp; 2 complete
,,,,,,,,,,GIS Mapping,Sub-tag record
,,,,,,,,,,Python,Sub-tag record
REC-1857,PRJ-26-1001,Analysis of Data Science,Patricia Taylor-Garcia,2012,M.I.T.,jdoe@illinois.edu,2025-12-01,12,46212.63,Python,Na&iuml;ve Bayes test
REC-1858,,Analysis of Machine Learning,Michael O'Brown,2018,"Las Vegas, University of Nevada",smith@unlv.edu,,27,"$74,762.30",Cataloging,Cost &lt; Budget
REC-1859,PRJ20261001,Analysis of Bioinformatics,Patricia Taylor Garcia,2012.0,university of illinois at urbana-champaign,smith@unlv.edu,1900-01-01,31,"$117,036.93",Archival Studies,Na&iuml;ve Bayes test
REC-1860,PRJ-26-1001,National Science Foundation Geospatial Analysis Infrastructure Project,Dr. Doe,'15,MIT,smith@unlv.edu,2016-03-12,23,72627.68,Bioinformatics,Phase 1 &amp; 2 complete
REC-1861,prj-2026-1001,Study on Python,Kristina Tailor,2005,Massachusetts Institute of Technology,jdoe@illinois.edu,2025-12-01,5,"$20,748.89",Metadata,Na&iuml;ve Bayes test
REC-1862,PRJ-2026-4052,Proj A,Smith,2021,Univ. of Illinois (UIUC),smith@unlv.edu,2025-12-01,29,"$73,390.86",Ethics,Cost &lt; Budget
REC-1863,PRJ20261001,Study on Bioinformatics,Brian Stuart,1882,Univ. of Illinois (UIUC),smith@unlv.edu,2020-01-15,19,"$41,461.58",Ethics,Phase 1 &amp; 2 complete
REC-1864,PRJ-2026-9900,Study on Cataloging,Jane Smith,2018,M.I.T.,duplicate.user@research.org,2020-01-15,23,61239.24 USD,Archival Studies,Notes on &quot;UIUC&quot;
,,,,,,,,,,Data Science,Sub-tag record
,,,,,,,,,,Python,Sub-tag record
REC-1865,PRJ-2026-9900,Proj A,A. PROF. WILSON,2050,Urbana Champaign University of Illinois,duplicate.user@research.org,2099-12-31,8,25958.0,Metadata,Phase 1 &amp; 2 complete
REC-1866,,Proj A,Jane Smith,'15,Cal Berkeley,r.johnson@mit.edu,1900-01-01,41,FREE,GIS Mapping,Notes on &quot;UIUC&quot;
REC-1867,INVALID_CODE,Investigation into GIS Mapping and Modern Data Pipelines,Smith,Pending,University of Illinois at Urbana-Champaign,contact@lab.org,2021-07-22,27,FREE,GIS Mapping,Notes on &quot;UIUC&quot;
REC-1868,prj-2026-1001,Analysis of Python,Alexander Wright,2018,MIT,smith@unlv.edu,2021-07-22,3,FREE,Cataloging,Na&iuml;ve Bayes test
REC-1869,,Investigation into Python and Modern Data Pipelines,m. davis,2005,Massachusetts Institute of Technology,a.wright@berkeley.edu,2023-09-30,9,"$37,379.13",Data Science,Notes on &quot;UIUC&quot;
REC-1870,PRJ-2026-4052,Comprehensive Digital Humanities Data Archival Research Initiative Phase 1,Dr. Smith,c2020,MIT,smith@unlv.edu,2016-03-12,15,66192.31,Data Science,Cost &lt; Budget
,,,,,,,,,,GIS Mapping,Sub-tag record
,,,,,,,,,,Bioinformatics,Sub-tag record
REC-1871,PRJ20261001,Study on GIS Mapping,Jayne Smyth,1998,MIT,jdoe@illinois.edu,2020-01-15,18,-$455.00,GIS Mapping,Phase 1 &amp; 2 complete
REC-1872,PRJ-2026-1001,Study on Machine Learning,Christina Taylor,1998,Univ. of Illinois (UIUC),a.wright@berkeley.edu,2016-03-12,32,"$87,592.73",Data Science,Caf&eacute; study group
REC-1873,prj-2026-1001,Study on Archival Studies,Geoffrey Clark,Class of 2018,Urbana Champaign University of Illinois,duplicate.user@research.org,2021-07-22,3,"$13,462.54",Bioinformatics,Notes on &quot;UIUC&quot;
REC-1874,PRJ20261001,Investigation into Data Science and Modern Data Pipelines,Jane Smith,2020,U.N.L.V.,a.wright@berkeley.edu,,26,-$174.00,Python,Notes on &quot;UIUC&quot;
REC-1875,PRJ20261001,Investigation into Bioinformatics and Modern Data Pipelines,Jane Smith,2012.0,MIT,smith@unlv.edu,,30,52780.1,Python,Caf&eacute; study group
REC-1876,,National Science Foundation Geospatial Analysis Infrastructure Program,Dr. Brown,2005,"Berkeley, University of California",r.johnson@mit.edu,2020-01-15,43,FREE,Metadata,Na&iuml;ve Bayes test
REC-1877,PRJ-2026-4052,Analysis of Bioinformatics,Robert Jhnson,,Univ of Illinois Urbana Champaign,contact@lab.org,2016-03-12,45,FREE,Python,Cost &lt; Budget
REC-1878,PRJ-2026-9900,Investigation into Python and Modern Data Pipelines,Smith,c2020,"Berkeley, University of California",a.wright@berkeley.edu,2025-12-01,9,19597.0 USD,Cataloging,Caf&eacute; study group
REC-1879,PRJ-2026-9900,Study on Archival Studies,Bryan Stewart,2020,Univ. of Illinois (UIUC),r.johnson@mit.edu,1900-01-01,37,FREE,GIS Mapping,Cost &lt; Budget
,,,,,,,,,,Machine Learning,Sub-tag record
REC-1880,INVALID_CODE,Analysis of Machine Learning,Michael O'Brown,Class of 2018,university of illinois at urbana-champaign,jdoe@illinois.edu,2025-12-01,60,100.0,Cataloging,Caf&eacute; study group
REC-1881,PRJ-2026-1001,National Science Foundation Geospatial Analysis Infrastructure Project,Dr. Brown,Unknown,UC Berkeley,contact@lab.org,2099-12-31,25,39828.02 USD,Bioinformatics,Phase 1 &amp; 2 complete
REC-1882,PRJ-2026-4052,Study on Python,Catherine Wright,2015,M.I.T.,a.wright@berkeley.edu,2099-12-31,8,"$17,889.35",Python,Cost &lt; Budget
REC-1883,PRJ-2026-9900,Analysis of Data Science,Alexander Wright,'15,UNLV,a.wright@berkeley.edu,1900-01-01,1,"$750,000.00",Archival Studies,Phase 1 &amp; 2 complete
REC-1884,PRJ-2026-1001,Study on GIS Mapping,Brian Stuart,c2020,UC Berkeley,contact@lab.org,2023-09-30,36,107038.69 USD,Metadata,Na&iuml;ve Bayes test
REC-1885,PRJ-2026-9900,Study on Bioinformatics,Geoffrey Clark,2022,Univ of Illinois Urbana Champaign,jdoe@illinois.edu,2099-12-31,27,FREE,Data Science,Caf&eacute; study group
REC-1886,PRJ20261001,Comprehensive Digital Humanities Data Archival Research Project Phase 2,Dr. Doe,2050,UNLV,smith@unlv.edu,2018-11-05,11,-$388.00,Python,Phase 1 &amp; 2 complete
,,,,,,,,,,Bioinformatics,Sub-tag record
,,,,,,,,,,Data Science,Sub-tag record
REC-1887,INVALID_CODE,National Science Foundation Geospatial Analysis Infrastructure Program,Dr. Smith,2018,M.I.T.,contact@lab.org,2018-11-05,45,115781.75 USD,Cataloging,Phase 1 &amp; 2 complete
REC-1888,,Analysis of Machine Learning,Johnathan Doee,2005,UC Berkeley,a.wright@berkeley.edu,2025-12-01,7,FREE,Machine Learning,Na&iuml;ve Bayes test
REC-1889,PRJ-2026-1001,Study on GIS Mapping,Steven Miller,c2020,Univ. of Illinois (UIUC),duplicate.user@research.org,,45,-$104.00,Metadata,Phase 1 &amp; 2 complete
REC-1890,PRJ20261001,National Science Foundation Geospatial Analysis Infrastructure Program,Dr. Doe,1998,Urbana Champaign University of Illinois,a.wright@berkeley.edu,2021-07-22,38,-$136.00,Metadata,Phase 1 &amp; 2 complete
REC-1891,PRJ-26-1001,Analysis of Machine Learning,Johnathan Doee,2005,UC Berkeley,a.wright@berkeley.edu,2021-07-22,30,48861.8,Data Science,Cost &lt; Budget
REC-1892,INVALID_CODE,Analysis of Cataloging,Patricia Taylor Garcia,Unknown,Univ. of Illinois (UIUC),contact@lab.org,2020-01-15,21,"$62,819.41",Data Science,Notes on &quot;UIUC&quot;
REC-1893,prj-2026-1001,Proj A,Smith,2018,Univ. of Illinois (UIUC),a.wright@berkeley.edu,2099-12-31,37,122687.84,Archival Studies,Cost &lt; Budget
REC-1894,PRJ-26-1001,Proj A,m. davis,c. 2005,M.I.T.,a.wright@berkeley.edu,,7,15783.45,GIS Mapping,Na&iuml;ve Bayes test
REC-1895,PRJ-2026-9900,Analysis of Python,Patricia Taylor-Garcia,2050,"University of Nevada, Las Vegas",r.johnson@mit.edu,2025-12-01,20,45834.61 USD,Cataloging,Na&iuml;ve Bayes test
REC-1896,,Analysis of Python,Patricia Taylor Garcia,1882,"Berkeley, University of California",a.wright@berkeley.edu,2020-01-15,21,FREE,Python,Phase 1 &amp; 2 complete
REC-1897,,Analysis of Bioinformatics,Robert Jhnson,Class of 2018,M.I.T.,a.wright@berkeley.edu,2025-12-01,7,15803.25 USD,Bioinformatics,Notes on &quot;UIUC&quot;
REC-1898,prj-2026-1001,Study on GIS Mapping,Jayne Smyth,Pending,M.I.T.,contact@lab.org,,20,33059.58 USD,Archival Studies,Na&iuml;ve Bayes test
REC-1899,PRJ-2026-1001,Study on Python,Kathryn Write,2022,Univ of Illinois Urbana Champaign,r.johnson@mit.edu,2016-03-12,38,FREE,Bioinformatics,Phase 1 &amp; 2 complete
REC-1900,prj-2026-1001,Analysis of Data Science,Johnathan Doe,2021,University of Illinois at Urbana-Champaign,contact@lab.org,2023-09-30,17,-$484.00,Ethics,Caf&eacute; study group
REC-1901,PRJ-2026-8819,Comprehensive Digital Humanities Data Archival Research Project Phase 2,Dr. Doe,1882,University of Illinois at Urbana-Champaign,smith@unlv.edu,1900-01-01,4,"$17,453.68",GIS Mapping,Notes on &quot;UIUC&quot;
REC-1902,PRJ-2026-8819,Proj A,Smith,2012,"Technology, Massachusetts Institute of",contact@lab.org,2020-01-15,3,6648.94,Bioinformatics,Notes on &quot;UIUC&quot;
REC-1903,PRJ-2026-8819,Proj A,Jane Smith,N/A,university of illinois at urbana-champaign,a.wright@berkeley.edu,1900-01-01,4,12495.18,Archival Studies,Na&iuml;ve Bayes test
REC-1904,PRJ20261001,Investigation into Python and Modern Data Pipelines,A. PROF. WILSON,Unknown,University of Illinois at Urbana-Champaign,a.wright@berkeley.edu,2021-07-22,7,23120.02 USD,Bioinformatics,Cost &lt; Budget
REC-1905,INVALID_CODE,Analysis of Bioinformatics,Michael OBrown,2012,Univ of Nevada Las Vegas,smith@unlv.edu,2099-12-31,39,"$87,056.53",Data Science,Phase 1 &amp; 2 complete
REC-1906,INVALID_CODE,Investigation into Python and Modern Data Pipelines,A. PROF. WILSON,2015,Massachusetts Institute of Technology,a.wright@berkeley.edu,2018-11-05,17,39225.2,Metadata,Caf&eacute; study group
REC-1907,PRJ-2026-1001,Analysis of Ethics,Alexander Wright,2018,Urbana Champaign University of Illinois,r.johnson@mit.edu,2021-07-22,13,-$125.00,Ethics,Phase 1 &amp; 2 complete
REC-1908,PRJ-2026-8819,Comprehensive Digital Humanities Data Archival Research Project Phase 2,Dr. Brown,2022,"Las Vegas, University of Nevada",r.johnson@mit.edu,2021-07-22,36,"$61,212.12",Metadata,Caf&eacute; study group
REC-1909,PRJ-2026-9900,National Science Foundation Geospatial Analysis Infrastructure Program,Dr. Brown,2012,UIUC,duplicate.user@research.org,2018-11-05,20,FREE,Archival Studies,Phase 1 &amp; 2 complete
REC-1910,PRJ-26-1001,Comprehensive Digital Humanities Data Archival Research Project Phase 2,Dr. Doe,2005,"Berkeley, University of California",jdoe@illinois.edu,2020-01-15,4,"$12,010.96",Metadata,Cost &lt; Budget
REC-1911,PRJ20261001,Study on Metadata,Kathryn Write,2012.0,"University of Nevada, Las Vegas",r.johnson@mit.edu,2021-07-22,10,FREE,Data Science,Caf&eacute; study group
REC-1912,,Study on GIS Mapping,Kathryn Write,,MIT,a.wright@berkeley.edu,,32,-$281.00,Bioinformatics,Caf&eacute; study group
REC-1913,PRJ-2026-9900,Comprehensive Digital Humanities Data Archival Research Project Phase 2,Dr. Brown,Unknown,"University of California, Berkeley",jdoe@illinois.edu,2018-11-05,22,40625.39 USD,GIS Mapping,Na&iuml;ve Bayes test
REC-1914,INVALID_CODE,Comprehensive Digital Humanities Data Archival Research Initiative Phase 1,Dr. Smith,1998,M.I.T.,smith@unlv.edu,2020-01-15,11,37919.35,Metadata,Caf&eacute; study group
REC-1915,PRJ-26-1001,Study on GIS Mapping,Stephen Miller,c2020,M.I.T.,a.wright@berkeley.edu,2021-07-22,6,FREE,Machine Learning,Caf&eacute; study group
REC-1916,PRJ-2026-4052,Comprehensive Digital Humanities Data Archival Research Project Phase 1,Dr. Johnson,Pending,U.N.L.V.,a.wright@berkeley.edu,2023-09-30,38,111390.32 USD,Cataloging,Cost &lt; Budget
,,,,,,,,,,GIS Mapping,Sub-tag record
,,,,,,,,,,Archival Studies,Sub-tag record
REC-1917,PRJ-2026-9900,Analysis of Metadata,Johnathan Doe,Class of 2018,"Berkeley, University of California",contact@lab.org,,28,-$335.00,Python,Cost &lt; Budget
REC-1918,PRJ20261001,Comprehensive Digital Humanities Data Archival Research Project Phase 1,Dr. Johnson,2050,"University of California, Berkeley",a.wright@berkeley.edu,1900-01-01,38,-$359.00,Bioinformatics,Na&iuml;ve Bayes test
,,,,,,,,,,Python,Sub-tag record
REC-1919,INVALID_CODE,Proj A,Dr. Jane Mary Smith,2020,Urbana Champaign University of Illinois,r.johnson@mit.edu,2021-07-22,3,FREE,Cataloging,Phase 1 &amp; 2 complete
REC-1920,PRJ-2026-1001,Investigation into Bioinformatics and Modern Data Pipelines,Jane Smith,2015,Urbana Champaign University of Illinois,smith@unlv.edu,2023-09-30,17,FREE,Archival Studies,Caf&eacute; study group
REC-1921,,Study on Python,Jane Smith,2012.0,Cal Berkeley,r.johnson@mit.edu,,23,-$366.00,Cataloging,Cost &lt; Budget
REC-1922,PRJ-2026-1001,Analysis of GIS Mapping,Johnathan Doee,,UNLV,a.wright@berkeley.edu,2023-09-30,12,FREE,Cataloging,Cost &lt; Budget
REC-1923,prj-2026-1001,Investigation into Machine Learning and Modern Data Pipelines,Jane Smith,c2020,"Technology, Massachusetts Institute of",r.johnson@mit.edu,2018-11-05,33,"$143,400.67",Data Science,Notes on &quot;UIUC&quot;
REC-1924,PRJ-26-1001,Proj A,m. davis,Unknown,"Technology, Massachusetts Institute of",r.johnson@mit.edu,2018-11-05,34,145639.22 USD,Bioinformatics,Cost &lt; Budget
REC-1925,PRJ-26-1001,Proj A,Jane Smith,2005,Cal Berkeley,contact@lab.org,1900-01-01,8,"$31,108.66",Bioinformatics,Phase 1 &amp; 2 complete
REC-1926,prj-2026-1001,Proj A,Smith,Unknown,University of Illinois at Urbana-Champaign,smith@unlv.edu,2025-12-01,8,12970.32,Data Science,Cost &lt; Budget
REC-1927,PRJ-2026-4052,Study on Cataloging,Jane Smith,c2020,UIUC,a.wright@berkeley.edu,2023-09-30,36,-$245.00,Archival Studies,Na&iuml;ve Bayes test
REC-1928,PRJ-2026-1001,National Science Foundation Geospatial Analysis Infrastructure Project,Dr. Doe,Unknown,Univ of Illinois Urbana Champaign,r.johnson@mit.edu,1900-01-01,47,137145.1 USD,Ethics,Cost &lt; Budget
REC-1929,PRJ-26-1001,National Science Foundation Geospatial Analysis Infrastructure Program,Dr. Johnson,2012,"Technology, Massachusetts Institute of",r.johnson@mit.edu,2021-07-22,48,"$94,351.55",Metadata,Notes on &quot;UIUC&quot;
,,,,,,,,,,Machine Learning,Sub-tag record
REC-1930,PRJ-2026-9900,Proj A,Jane Smith,c. 2005,"Las Vegas, University of Nevada",contact@lab.org,2099-12-31,44,-$473.00,Cataloging,Caf&eacute; study group
REC-1931,PRJ-2026-1001,Proj A,Smith,1998,Massachusetts Institute of Technology,jdoe@illinois.edu,2023-09-30,34,98277.4 USD,Python,Caf&eacute; study group
REC-1932,PRJ-2026-1001,Investigation into Python and Modern Data Pipelines,Jane Smith,2050,UNLV,smith@unlv.edu,2020-01-15,34,140303.14,Metadata,Cost &lt; Budget
REC-1933,PRJ-26-1001,Analysis of GIS Mapping,Alexander Wright,2005,Urbana Champaign University of Illinois,jdoe@illinois.edu,2025-12-01,3,-$203.00,Python,Na&iuml;ve Bayes test
REC-1934,PRJ20261001,National Science Foundation Geospatial Analysis Infrastructure Project,Dr. Brown,1998,UC Berkeley,jdoe@illinois.edu,,32,52273.31,Machine Learning,Cost &lt; Budget
,,,,,,,,,,Archival Studies,Sub-tag record
,,,,,,,,,,Bioinformatics,Sub-tag record
,,,,,,,,,,Cataloging,Sub-tag record
REC-1935,PRJ-2026-1001,Investigation into Cataloging and Modern Data Pipelines,A. PROF. WILSON,2012,UC Berkeley,r.johnson@mit.edu,2021-07-22,19,FREE,Cataloging,Na&iuml;ve Bayes test
,,,,,,,,,,Bioinformatics,Sub-tag record
,,,,,,,,,,Data Science,Sub-tag record
REC-1936,,Investigation into Machine Learning and Modern Data Pipelines,Smith,1882,"Berkeley, University of California",jdoe@illinois.edu,2023-09-30,34,FREE,Ethics,Na&iuml;ve Bayes test
REC-1937,,Comprehensive Digital Humanities Data Archival Research Project Phase 2,Dr. Smith,1882,Massachusetts Institute of Technology,smith@unlv.edu,2021-07-22,8,FREE,Data Science,Phase 1 &amp; 2 complete
REC-1938,PRJ-2026-8819,Study on GIS Mapping,Stephen Miller,'15,UIUC,a.wright@berkeley.edu,1900-01-01,26,46613.14,Ethics,Notes on &quot;UIUC&quot;
REC-1939,PRJ-2026-8819,Study on Machine Learning,Jane Smith,2012,University of Illinois at Urbana-Champaign,r.johnson@mit.edu,2018-11-05,35,-$338.00,Archival Studies,Caf&eacute; study group
REC-1940,,Comprehensive Digital Humanities Data Archival Research Initiative Phase 1,Dr. Smith,2012.0,university of illinois at urbana-champaign,smith@unlv.edu,2023-09-30,42,"$164,351.29",Metadata,Phase 1 &amp; 2 complete
REC-1941,PRJ-2026-1001,Analysis of Ethics,Patricia Taylor Garcia,Unknown,Urbana Champaign University of Illinois,r.johnson@mit.edu,2025-12-01,30,-$497.00,Cataloging,Caf&eacute; study group
REC-1942,PRJ20261001,Analysis of Archival Studies,Michael O'Brown,2020,UC Berkeley,smith@unlv.edu,,44,"$114,690.95",Data Science,Caf&eacute; study group
,,,,,,,,,,Python,Sub-tag record
REC-1943,PRJ-2026-4052,Study on Python,Christina Taylor,2015,"Technology, Massachusetts Institute of",a.wright@berkeley.edu,2020-01-15,38,-$169.00,Ethics,Phase 1 &amp; 2 complete
REC-1944,INVALID_CODE,National Science Foundation Geospatial Analysis Infrastructure Project,Dr. Smith,c. 2005,"Urbana-Champaign, University of Illinois",contact@lab.org,2023-09-30,6,FREE,Bioinformatics,Phase 1 &amp; 2 complete
REC-1945,prj-2026-1001,Analysis of Bioinformatics,Patricia Taylor Garcia,,university of illinois at urbana-champaign,a.wright@berkeley.edu,2023-09-30,21,"$52,148.49",Ethics,Caf&eacute; study group
REC-1946,PRJ-2026-9900,Study on GIS Mapping,Jeffrey Clarke,c. 2005,UNLV,smith@unlv.edu,2018-11-05,22,-$486.00,Machine Learning,Notes on &quot;UIUC&quot;
REC-1947,PRJ-2026-4052,Comprehensive Digital Humanities Data Archival Research Project Phase 1,Dr. Johnson,2018,Massachusetts Institute of Technology,a.wright@berkeley.edu,2025-12-01,11,-$102.00,Archival Studies,Cost &lt; Budget
REC-1948,,Study on Bioinformatics,Catherine Wright,2021,"Berkeley, University of California",contact@lab.org,2021-07-22,14,-$458.00,Data Science,Phase 1 &amp; 2 complete
REC-1949,,Proj A,Jane Smith,2012,"University of California, Berkeley",jdoe@illinois.edu,2023-09-30,15,FREE,Bioinformatics,Na&iuml;ve Bayes test
,,,,,,,,,,Cataloging,Sub-tag record
REC-1950,prj-2026-1001,Comprehensive Digital Humanities Data Archival Research Project Phase 2,Dr. Johnson,2050,Massachusetts Institute of Technology,contact@lab.org,2023-09-30,10,36207.13,Archival Studies,Notes on &quot;UIUC&quot;
REC-1951,PRJ-2026-4052,Study on Cataloging,Jayne Smyth,2022,Univ of Nevada Las Vegas,contact@lab.org,2021-07-22,17,"$76,405.39",Bioinformatics,Notes on &quot;UIUC&quot;
REC-1952,PRJ-2026-1001,Analysis of Machine Learning,Michael OBrown,2015,UC Berkeley,jdoe@illinois.edu,1900-01-01,31,"$59,927.68",Python,Phase 1 &amp; 2 complete
REC-1953,PRJ-2026-9900,Investigation into Ethics and Modern Data Pipelines,m. davis,1998,MIT,smith@unlv.edu,1900-01-01,45,FREE,GIS Mapping,Cost &lt; Budget
REC-1954,PRJ20261001,Proj A,Smith,Pending,"Technology, Massachusetts Institute of",jdoe@illinois.edu,,10,FREE,Metadata,Cost &lt; Budget
REC-1955,PRJ20261001,Proj A,Smith,Pending,UC Berkeley,smith@unlv.edu,2021-07-22,27,62340.8 USD,Metadata,Cost &lt; Budget
REC-1956,PRJ-2026-4052,Study on Bioinformatics,Stephen Miller,1882,"University of Nevada, Las Vegas",smith@unlv.edu,2023-09-30,47,-$258.00,Data Science,Cost &lt; Budget
REC-1957,,Study on Machine Learning,Bryan Stewart,'15,"University of Nevada, Las Vegas",smith@unlv.edu,,36,"$54,364.05",Ethics,Notes on &quot;UIUC&quot;
REC-1958,INVALID_CODE,Proj A,A. PROF. WILSON,1998,M.I.T.,r.johnson@mit.edu,2023-09-30,43,-$389.00,Machine Learning,Cost &lt; Budget
REC-1959,PRJ20261001,Proj A,m. davis,2018,UNLV,r.johnson@mit.edu,2021-07-22,17,-$108.00,Machine Learning,Na&iuml;ve Bayes test
REC-1960,PRJ-2026-4052,Analysis of Data Science,Michael OBrown,Pending,Urbana Champaign University of Illinois,jdoe@illinois.edu,,17,FREE,Data Science,Caf&eacute; study group
REC-1961,PRJ20261001,National Science Foundation Geospatial Analysis Infrastructure Project,Dr. Smith,2021,"Technology, Massachusetts Institute of",contact@lab.org,2021-07-22,18,"$60,035.80",Ethics,Phase 1 &amp; 2 complete
REC-1962,PRJ20261001,Analysis of GIS Mapping,Johnathan Doee,2005,"Berkeley, University of California",jdoe@illinois.edu,2021-07-22,9,-$217.00,GIS Mapping,Caf&eacute; study group
REC-1963,PRJ-2026-4052,Study on Python,Catherine Wright,1882,MIT,jdoe@illinois.edu,2016-03-12,13,"$28,634.56",Cataloging,Cost &lt; Budget
REC-1964,PRJ-2026-1001,Analysis of Archival Studies,Michael OBrown,Pending,"Urbana-Champaign, University of Illinois",smith@unlv.edu,2018-11-05,22,88093.26 USD,Machine Learning,Notes on &quot;UIUC&quot;
REC-1965,PRJ-2026-4052,Analysis of Metadata,Robert Jhnson,2018,U.N.L.V.,a.wright@berkeley.edu,2018-11-05,12,32941.9 USD,Metadata,Notes on &quot;UIUC&quot;
REC-1966,PRJ20261001,National Science Foundation Geospatial Analysis Infrastructure Program,Dr. Johnson,1882,UIUC,smith@unlv.edu,1900-01-01,31,72463.31,Data Science,Notes on &quot;UIUC&quot;
REC-1967,PRJ-2026-8819,Analysis of Ethics,Robert Jhnson,2020,MIT,jdoe@illinois.edu,2016-03-12,37,"$160,901.45",Bioinformatics,Notes on &quot;UIUC&quot;
REC-1968,,Analysis of Ethics,Johnathan Doe,2022,"University of Nevada, Las Vegas",jdoe@illinois.edu,,38,-$375.00,GIS Mapping,Phase 1 &amp; 2 complete
REC-1969,PRJ-2026-8819,Comprehensive Digital Humanities Data Archival Research Project Phase 2,Dr. Doe,N/A,"Urbana-Champaign, University of Illinois",smith@unlv.edu,2021-07-22,42,118735.8 USD,Ethics,Phase 1 &amp; 2 complete
REC-1970,PRJ-2026-1001,Study on Archival Studies,Christina Taylor,Class of 2018,UIUC,r.johnson@mit.edu,2016-03-12,45,"$160,769.28",Metadata,Phase 1 &amp; 2 complete
REC-1971,PRJ-26-1001,Study on Archival Studies,Jane Smith,Pending,Univ of Illinois Urbana Champaign,contact@lab.org,2016-03-12,12,53582.5,Machine Learning,Na&iuml;ve Bayes test
REC-1972,,Comprehensive Digital Humanities Data Archival Research Initiative Phase 1,Dr. Johnson,2020,UIUC,smith@unlv.edu,2099-12-31,7,13662.12,Data Science,Cost &lt; Budget
REC-1973,PRJ-2026-1001,National Science Foundation Geospatial Analysis Infrastructure Program,Dr. Brown,,"Urbana-Champaign, University of Illinois",jdoe@illinois.edu,2016-03-12,18,47406.37,Ethics,Phase 1 &amp; 2 complete
REC-1974,PRJ-2026-8819,National Science Foundation Geospatial Analysis Infrastructure Program,Dr. Doe,2050,Massachusetts Institute of Technology,a.wright@berkeley.edu,2023-09-30,23,"$60,000.07",Metadata,Na&iuml;ve Bayes test
REC-1975,INVALID_CODE,Proj A,Smith,2018,M.I.T.,smith@unlv.edu,,4,-$194.00,Data Science,Caf&eacute; study group
REC-1976,,Comprehensive Digital Humanities Data Archival Research Project Phase 1,Dr. Smith,Class of 2018,Massachusetts Institute of Technology,jdoe@illinois.edu,,19,FREE,Archival Studies,Phase 1 &amp; 2 complete
REC-1977,INVALID_CODE,Proj A,Jane Smith,1998,Massachusetts Institute of Technology,jdoe@illinois.edu,2023-09-30,7,13471.52 USD,GIS Mapping,Notes on &quot;UIUC&quot;
REC-1978,INVALID_CODE,Analysis of GIS Mapping,Alexander Wright,'15,"Technology, Massachusetts Institute of",smith@unlv.edu,2020-01-15,36,"$100,536.02",GIS Mapping,Cost &lt; Budget
REC-1979,prj-2026-1001,Study on Bioinformatics,Catherine Wright,c2020,"Las Vegas, University of Nevada",r.johnson@mit.edu,2016-03-12,17,62277.33,Metadata,Notes on &quot;UIUC&quot;
REC-1980,prj-2026-1001,Comprehensive Digital Humanities Data Archival Research Project Phase 1,Dr. Doe,Unknown,university of illinois at urbana-champaign,a.wright@berkeley.edu,2023-09-30,36,"$108,563.36",Machine Learning,Na&iuml;ve Bayes test
REC-1981,PRJ-26-1001,National Science Foundation Geospatial Analysis Infrastructure Project,Dr. Doe,,"University of California, Berkeley",r.johnson@mit.edu,2020-01-15,47,79175.74,Data Science,Caf&eacute; study group
,,,,,,,,,,GIS Mapping,Sub-tag record
,,,,,,,,,,Machine Learning,Sub-tag record
,,,,,,,,,,Bioinformatics,Sub-tag record
REC-1982,PRJ-2026-4052,Analysis of Python,Michael O'Brown,,Urbana Champaign University of Illinois,r.johnson@mit.edu,1900-01-01,9,-$332.00,Machine Learning,Notes on &quot;UIUC&quot;
REC-1983,PRJ20261001,Study on Cataloging,Bryan Stewart,2020,UC Berkeley,smith@unlv.edu,2021-07-22,23,"$103,461.61",Data Science,Notes on &quot;UIUC&quot;
REC-1984,PRJ20261001,Study on Ethics,Jane Smith,c. 2005,M.I.T.,jdoe@illinois.edu,,36,"$150,316.98",Cataloging,Caf&eacute; study group
REC-1985,,Study on Python,Jane Smith,2021,"Technology, Massachusetts Institute of",contact@lab.org,2016-03-12,24,70003.66 USD,GIS Mapping,Notes on &quot;UIUC&quot;
REC-1986,PRJ-26-1001,Study on Data Science,Christina Taylor,1998,Cal Berkeley,contact@lab.org,2020-01-15,41,"$70,222.26",GIS Mapping,Phase 1 &amp; 2 complete
REC-1987,PRJ-2026-8819,Study on Cataloging,Brian Stuart,,Massachusetts Institute of Technology,jdoe@illinois.edu,1900-01-01,13,-$408.00,Machine Learning,Notes on &quot;UIUC&quot;
REC-1988,prj-2026-1001,Analysis of Python,Robert Jhnson,2020,"Technology, Massachusetts Institute of",jdoe@illinois.edu,2020-01-15,5,"$19,943.75",Python,Na&iuml;ve Bayes test
REC-1989,PRJ-2026-4052,Analysis of Bioinformatics,Robert Johnson,2018,"Technology, Massachusetts Institute of",jdoe@illinois.edu,2020-01-15,4,FREE,Data Science,Caf&eacute; study group
REC-1990,PRJ-2026-4052,Analysis of Machine Learning,Patricia Taylor Garcia,c2020,University of Illinois at Urbana-Champaign,a.wright@berkeley.edu,2025-12-01,14,53238.97,Python,Notes on &quot;UIUC&quot;
REC-1991,INVALID_CODE,Study on Metadata,Catherine Wright,2050,"Technology, Massachusetts Institute of",a.wright@berkeley.edu,,36,143790.29,Data Science,Notes on &quot;UIUC&quot;
REC-1992,PRJ-26-1001,Study on Ethics,Steven Miller,,University of Illinois at Urbana-Champaign,smith@unlv.edu,2023-09-30,45,-$169.00,Cataloging,Notes on &quot;UIUC&quot;
REC-1993,PRJ-2026-1001,Analysis of Machine Learning,Patricia Taylor-Garcia,2021,"Urbana-Champaign, University of Illinois",a.wright@berkeley.edu,2016-03-12,39,"$126,458.70",GIS Mapping,Na&iuml;ve Bayes test
REC-1994,INVALID_CODE,Analysis of Archival Studies,Johnathan Doe,2050,Univ of Nevada Las Vegas,a.wright@berkeley.edu,1900-01-01,44,-$481.00,Archival Studies,Cost &lt; Budget
REC-1995,PRJ-2026-9900,Study on Ethics,Brian Stuart,2050,U.N.L.V.,contact@lab.org,2020-01-15,21,-$258.00,Cataloging,Cost &lt; Budget
REC-1996,INVALID_CODE,Analysis of Cataloging,Michael OBrown,2022,"Las Vegas, University of Nevada",a.wright@berkeley.edu,,47,-$342.00,Machine Learning,Phase 1 &amp; 2 complete
REC-1997,,Investigation into Data Science and Modern Data Pipelines,m. davis,1998,UIUC,smith@unlv.edu,2021-07-22,41,FREE,Ethics,Cost &lt; Budget
REC-1998,PRJ-2026-8819,Analysis of GIS Mapping,Alexander Wright,2012.0,University of Illinois at Urbana-Champaign,jdoe@illinois.edu,1900-01-01,12,32624.31,Metadata,Cost &lt; Budget
REC-1999,PRJ-2026-9900,Investigation into Machine Learning and Modern Data Pipelines,Dr. Jane Mary Smith,c2020,UC Berkeley,jdoe@illinois.edu,2016-03-12,30,FREE,Ethics,Na&iuml;ve Bayes test
REC-2000,,Comprehensive Digital Humanities Data Archival Research Project Phase 1,Dr. Johnson,1998,Univ of Nevada Las Vegas,a.wright@berkeley.edu,2020-01-15,22,89084.39,Data Science,Notes on &quot;UIUC&quot;
REC-2001,INVALID_CODE,Study on Cataloging,Steven Miller,2015,University of Illinois at Urbana-Champaign,contact@lab.org,1900-01-01,6,11102.11 USD,Machine Learning,Caf&eacute; study group
REC-2002,,Study on Python,Kristina Tailor,2018,University of Illinois at Urbana-Champaign,a.wright@berkeley.edu,2016-03-12,8,-$137.00,Python,Na&iuml;ve Bayes test
REC-2003,INVALID_CODE,Study on Metadata,Kathryn Write,1998,"University of California, Berkeley",a.wright@berkeley.edu,2020-01-15,17,58012.65,Archival Studies,Phase 1 &amp; 2 complete
,,,,,,,,,,Ethics,Sub-tag record
,,,,,,,,,,GIS Mapping,Sub-tag record
REC-2004,INVALID_CODE,Comprehensive Digital Humanities Data Archival Research Project Phase 2,Dr. Brown,Pending,"Urbana-Champaign, University of Illinois",a.wright@berkeley.edu,2020-01-15,4,"$12,665.57",Archival Studies,Na&iuml;ve Bayes test
REC-2005,PRJ-2026-1001,Proj A,m. davis,2020,UC Berkeley,r.johnson@mit.edu,1900-01-01,19,FREE,Archival Studies,Na&iuml;ve Bayes test
REC-2006,PRJ-2026-4052,Analysis of Python,Johnathan Doe,2005,U.N.L.V.,a.wright@berkeley.edu,2099-12-31,32,FREE,Machine Learning,Na&iuml;ve Bayes test
REC-2007,PRJ-2026-8819,Analysis of Cataloging,Johnathan Doee,2012,"Technology, Massachusetts Institute of",r.johnson@mit.edu,2099-12-31,25,FREE,Machine Learning,Caf&eacute; study group
REC-2008,PRJ-26-1001,Comprehensive Digital Humanities Data Archival Research Initiative Phase 1,Dr. Johnson,2018,UC Berkeley,smith@unlv.edu,2016-03-12,21,"$63,646.92",GIS Mapping,Notes on &quot;UIUC&quot;
REC-2009,PRJ-2026-8819,Study on GIS Mapping,Steven Miller,c2020,Univ of Illinois Urbana Champaign,jdoe@illinois.edu,2099-12-31,13,"$55,191.65",Machine Learning,Caf&eacute; study group
,,,,,,,,,,Archival Studies,Sub-tag record
REC-2010,PRJ-26-1001,Analysis of GIS Mapping,Johnathan Doe,N/A,"University of California, Berkeley",contact@lab.org,2099-12-31,30,FREE,Ethics,Na&iuml;ve Bayes test
REC-2011,PRJ-2026-9900,Analysis of Metadata,Johnathan Doe,c. 2005,"Berkeley, University of California",r.johnson@mit.edu,2099-12-31,47,153494.23 USD,Machine Learning,Phase 1 &amp; 2 complete
REC-2012,PRJ-2026-8819,Investigation into Data Science and Modern Data Pipelines,m. davis,2012,M.I.T.,contact@lab.org,2016-03-12,27,"$84,290.27",Metadata,Cost &lt; Budget
REC-2013,PRJ-2026-1001,Analysis of Python,Michael O'Brown,2020,UIUC,r.johnson@mit.edu,2025-12-01,9,32042.18 USD,Machine Learning,Na&iuml;ve Bayes test
REC-2014,PRJ-2026-1001,Analysis of Metadata,Johnathan Doe,2050,UNLV,a.wright@berkeley.edu,,46,106055.41 USD,Ethics,Na&iuml;ve Bayes test
REC-2015,PRJ-2026-9900,Comprehensive Digital Humanities Data Archival Research Project Phase 2,Dr. Smith,2018,Univ. of Illinois (UIUC),jdoe@illinois.edu,,41,149660.38,GIS Mapping,Caf&eacute; study group
REC-2016,PRJ-2026-4052,Analysis of Python,Patricia Taylor-Garcia,,Cal Berkeley,jdoe@illinois.edu,2023-09-30,37,"$111,836.37",Archival Studies,Cost &lt; Budget
REC-2017,PRJ-2026-9900,Study on Cataloging,Geoffrey Clark,c2020,"Berkeley, University of California",a.wright@berkeley.edu,,42,119952.81 USD,Machine Learning,Notes on &quot;UIUC&quot;
REC-2018,INVALID_CODE,Investigation into Ethics and Modern Data Pipelines,m. davis,1882,Massachusetts Institute of Technology,contact@lab.org,,12,FREE,Cataloging,Caf&eacute; study group
REC-2019,PRJ-2026-9900,Investigation into Ethics and Modern Data Pipelines,Smith,2015,"University of California, Berkeley",smith@unlv.edu,2025-12-01,4,13962.84,Bioinformatics,Phase 1 &amp; 2 complete
REC-2020,PRJ-2026-4052,Investigation into Python and Modern Data Pipelines,A. PROF. WILSON,2018,UC Berkeley,duplicate.user@research.org,2020-01-15,14,53691.92,GIS Mapping,Cost &lt; Budget
REC-2021,PRJ-2026-8819,National Science Foundation Geospatial Analysis Infrastructure Project,Dr. Doe,Pending,Massachusetts Institute of Technology,smith@unlv.edu,2025-12-01,43,FREE,GIS Mapping,Na&iuml;ve Bayes test
REC-2022,PRJ-26-1001,Proj A,Jane Smith,c2020,UNLV,jdoe@illinois.edu,2020-01-15,33,67111.96,Metadata,Na&iuml;ve Bayes test
REC-2023,PRJ-2026-4052,Proj A,A. PROF. WILSON,,UNLV,r.johnson@mit.edu,2021-07-22,48,128335.58,Archival Studies,Na&iuml;ve Bayes test
,,,,,,,,,,GIS Mapping,Sub-tag record
,,,,,,,,,,Cataloging,Sub-tag record
,,,,,,,,,,Ethics,Sub-tag record
REC-2024,prj-2026-1001,National Science Foundation Geospatial Analysis Infrastructure Project,Dr. Smith,Unknown,UNLV,r.johnson@mit.edu,2021-07-22,43,-$395.00,Archival Studies,Phase 1 &amp; 2 complete
,,,,,,,,,,Ethics,Sub-tag record
REC-2025,PRJ-2026-4052,Analysis of Python,Johnathan Doee,2012,UC Berkeley,jdoe@illinois.edu,2025-12-01,8,19805.9 USD,Python,Notes on &quot;UIUC&quot;
REC-2026,,Analysis of Metadata,Johnathan Doee,1998,U.N.L.V.,a.wright@berkeley.edu,2018-11-05,31,"$125,695.02",GIS Mapping,Notes on &quot;UIUC&quot;
,,,,,,,,,,Metadata,Sub-tag record
,,,,,,,,,,Python,Sub-tag record
,,,,,,,,,,Bioinformatics,Sub-tag record
REC-2027,,Study on Machine Learning,Geoffrey Clark,2012.0,"Urbana-Champaign, University of Illinois",a.wright@berkeley.edu,2018-11-05,38,FREE,Data Science,Na&iuml;ve Bayes test
REC-2028,INVALID_CODE,Comprehensive Digital Humanities Data Archival Research Project Phase 2,Dr. Johnson,,"University of Nevada, Las Vegas",r.johnson@mit.edu,2020-01-15,38,149237.16 USD,Python,Notes on &quot;UIUC&quot;
REC-2029,PRJ20261001,Investigation into Ethics and Modern Data Pipelines,m. davis,'15,Univ of Nevada Las Vegas,smith@unlv.edu,2025-12-01,45,105247.86,Bioinformatics,Na&iuml;ve Bayes test
REC-2030,PRJ-2026-4052,National Science Foundation Geospatial Analysis Infrastructure Project,Dr. Johnson,2005,"Las Vegas, University of Nevada",r.johnson@mit.edu,2018-11-05,4,"$7,633.50",Data Science,Caf&eacute; study group
REC-2031,PRJ-2026-8819,Analysis of Cataloging,Patricia Taylor Garcia,2012,UC Berkeley,smith@unlv.edu,2018-11-05,7,14875.22,Data Science,Cost &lt; Budget
REC-2032,,Analysis of Metadata,Robert Johnson,'15,Univ of Illinois Urbana Champaign,contact@lab.org,1900-01-01,48,142650.63 USD,Cataloging,Caf&eacute; study group
REC-2033,PRJ-26-1001,Investigation into Archival Studies and Modern Data Pipelines,m. davis,2022,"Technology, Massachusetts Institute of",smith@unlv.edu,,21,"$44,676.50",Metadata,Notes on &quot;UIUC&quot;
REC-2034,prj-2026-1001,Study on Machine Learning,Kristina Tailor,1998,Univ. of Illinois (UIUC),jdoe@illinois.edu,2018-11-05,3,-$225.00,Archival Studies,Phase 1 &amp; 2 complete
REC-2035,INVALID_CODE,Analysis of Archival Studies,Michael O'Brown,2015,U.N.L.V.,a.wright@berkeley.edu,,14,54050.76,Python,Phase 1 &amp; 2 complete
REC-2036,PRJ-2026-1001,National Science Foundation Geospatial Analysis Infrastructure Project,Dr. Johnson,Unknown,Univ of Nevada Las Vegas,smith@unlv.edu,2025-12-01,35,138250.14 USD,Ethics,Notes on &quot;UIUC&quot;
REC-2037,PRJ-2026-8819,Analysis of Ethics,Johnathan Doee,Pending,UIUC,a.wright@berkeley.edu,2018-11-05,15,FREE,Metadata,Caf&eacute; study group
REC-2038,INVALID_CODE,Study on Metadata,Jeffrey Clarke,2050,UC Berkeley,smith@unlv.edu,2020-01-15,23,-$138.00,Cataloging,Phase 1 &amp; 2 complete
REC-2039,PRJ-2026-9900,Analysis of Python,Michael O'Brown,2012,U.N.L.V.,contact@lab.org,2025-12-01,20,55072.52 USD,Archival Studies,Na&iuml;ve Bayes test
REC-2040,PRJ-26-1001,Investigation into Metadata and Modern Data Pipelines,Jane Smith,2012,"Las Vegas, University of Nevada",contact@lab.org,2023-09-30,34,"$113,343.71",Archival Studies,Cost &lt; Budget
REC-2041,PRJ-2026-9900,Proj A,Smith,2020,MIT,r.johnson@mit.edu,2099-12-31,10,21427.12,Ethics,Na&iuml;ve Bayes test
REC-2042,,Analysis of Machine Learning,Michael OBrown,2012.0,Univ. of Illinois (UIUC),jdoe@illinois.edu,2021-07-22,5,-$350.00,Archival Studies,Notes on &quot;UIUC&quot;
REC-2043,INVALID_CODE,Investigation into Cataloging and Modern Data Pipelines,Dr. Jane Mary Smith,2012.0,"University of California, Berkeley",contact@lab.org,2016-03-12,20,FREE,Machine Learning,Phase 1 &amp; 2 complete
REC-2044,PRJ-2026-9900,National Science Foundation Geospatial Analysis Infrastructure Program,Dr. Smith,2012.0,university of illinois at urbana-champaign,smith@unlv.edu,2018-11-05,44,-$483.00,Data Science,Phase 1 &amp; 2 complete
REC-2045,PRJ-2026-1001,Study on GIS Mapping,Jeffrey Clarke,1998,"University of California, Berkeley",smith@unlv.edu,1900-01-01,46,"$150,900.93",Machine Learning,Caf&eacute; study group
REC-2046,PRJ20261001,Analysis of Metadata,Robert Jhnson,2021,Univ. of Illinois (UIUC),jdoe@illinois.edu,1900-01-01,11,-$494.00,Machine Learning,Caf&eacute; study group
REC-2047,PRJ-2026-1001,Study on Machine Learning,Jayne Smyth,2005,Univ. of Illinois (UIUC),duplicate.user@research.org,2099-12-31,45,-$489.00,Cataloging,Notes on &quot;UIUC&quot;
REC-2048,INVALID_CODE,Analysis of Cataloging,Alexander Wright,'15,"Urbana-Champaign, University of Illinois",a.wright@berkeley.edu,2025-12-01,45,91643.09,Machine Learning,Notes on &quot;UIUC&quot;
REC-2049,,Analysis of Machine Learning,Patricia Taylor Garcia,2015,"Las Vegas, University of Nevada",a.wright@berkeley.edu,2020-01-15,39,FREE,GIS Mapping,Cost &lt; Budget
REC-2050,PRJ-2026-1001,Proj A,Jane Smith,2012.0,U.N.L.V.,jdoe@illinois.edu,2021-07-22,11,-$354.00,Machine Learning,Na&iuml;ve Bayes test
REC-2051,PRJ-26-1001,Analysis of GIS Mapping,Robert Jhnson,N/A,Urbana Champaign University of Illinois,contact@lab.org,,11,"$23,496.42",Machine Learning,Cost &lt; Budget
REC-2052,PRJ-2026-8819,Analysis of Archival Studies,Johnathan Doee,N/A,"Urbana-Champaign, University of Illinois",contact@lab.org,2099-12-31,20,-$417.00,Machine Learning,Notes on &quot;UIUC&quot;
,,,,,,,,,,Bioinformatics,Sub-tag record
,,,,,,,,,,Cataloging,Sub-tag record
,,,,,,,,,,GIS Mapping,Sub-tag record
REC-2053,PRJ-26-1001,Study on Metadata,Kathryn Write,,"Las Vegas, University of Nevada",jdoe@illinois.edu,2025-12-01,13,"$51,782.94",GIS Mapping,Cost &lt; Budget
REC-2054,PRJ20261001,Study on Data Science,Steven Miller,2012.0,Cal Berkeley,a.wright@berkeley.edu,2099-12-31,22,74111.82,Python,Cost &lt; Budget
REC-2055,PRJ-2026-8819,National Science Foundation Geospatial Analysis Infrastructure Program,Dr. Johnson,2012,UIUC,jdoe@illinois.edu,2023-09-30,10,"$16,323.71",Ethics,Caf&eacute; study group
REC-2056,prj-2026-1001,Study on Bioinformatics,Jayne Smyth,2012,"Berkeley, University of California",a.wright@berkeley.edu,2018-11-05,36,"$58,603.33",Python,Caf&eacute; study group
REC-2057,PRJ-2026-4052,Proj A,Smith,c. 2005,Univ of Illinois Urbana Champaign,a.wright@berkeley.edu,2021-07-22,31,"$55,954.98",Cataloging,Na&iuml;ve Bayes test
REC-2058,PRJ20261001,Comprehensive Digital Humanities Data Archival Research Project Phase 1,Dr. Smith,2012.0,"Las Vegas, University of Nevada",r.johnson@mit.edu,2023-09-30,14,FREE,Bioinformatics,Notes on &quot;UIUC&quot;
,,,,,,,,,,Metadata,Sub-tag record
,,,,,,,,,,Archival Studies,Sub-tag record
,,,,,,,,,,GIS Mapping,Sub-tag record
REC-2059,PRJ-2026-4052,National Science Foundation Geospatial Analysis Infrastructure Program,Dr. Brown,Class of 2018,"Technology, Massachusetts Institute of",smith@unlv.edu,,45,FREE,Metadata,Phase 1 &amp; 2 complete
REC-2060,PRJ-2026-4052,Investigation into Bioinformatics and Modern Data Pipelines,Dr. Jane Mary Smith,2022,"Technology, Massachusetts Institute of",contact@lab.org,,47,"$190,878.70",Bioinformatics,Notes on &quot;UIUC&quot;
,,,,,,,,,,Ethics,Sub-tag record
,,,,,,,,,,Cataloging,Sub-tag record
REC-2061,PRJ20261001,Study on Data Science,Geoffrey Clark,2021,university of illinois at urbana-champaign,contact@lab.org,2099-12-31,5,7794.72,Ethics,Phase 1 &amp; 2 complete
REC-2062,PRJ-26-1001,Study on GIS Mapping,Christina Taylor,2015,UC Berkeley,jdoe@illinois.edu,2020-01-15,41,-$252.00,Archival Studies,Phase 1 &amp; 2 complete
REC-2063,PRJ20261001,Investigation into Ethics and Modern Data Pipelines,A. PROF. WILSON,2020,"University of Nevada, Las Vegas",contact@lab.org,2018-11-05,38,"$142,489.37",Bioinformatics,Caf&eacute; study group
REC-2064,PRJ-2026-9900,Study on GIS Mapping,Steven Miller,Unknown,"Urbana-Champaign, University of Illinois",r.johnson@mit.edu,2021-07-22,30,-$442.00,GIS Mapping,Notes on &quot;UIUC&quot;
REC-2065,PRJ-2026-8819,Study on Data Science,Brian Stuart,Class of 2018,university of illinois at urbana-champaign,a.wright@berkeley.edu,2016-03-12,35,-$187.00,Bioinformatics,Notes on &quot;UIUC&quot;
REC-2066,PRJ-2026-4052,Study on Data Science,Stephen Miller,2021,Univ of Nevada Las Vegas,contact@lab.org,2021-07-22,42,-$358.00,Archival Studies,Cost &lt; Budget
REC-2067,prj-2026-1001,Analysis of Archival Studies,Johnathan Doee,1882,University of Illinois at Urbana-Champaign,contact@lab.org,,7,30880.67 USD,GIS Mapping,Phase 1 &amp; 2 complete
REC-2068,PRJ20261001,Analysis of Archival Studies,Michael O'Brown,,U.N.L.V.,smith@unlv.edu,,3,"$9,351.90",GIS Mapping,Cost &lt; Budget
REC-2069,PRJ-2026-4052,Study on Archival Studies,Kathryn Write,2005,university of illinois at urbana-champaign,a.wright@berkeley.edu,2023-09-30,44,FREE,Archival Studies,Na&iuml;ve Bayes test
REC-2070,PRJ20261001,National Science Foundation Geospatial Analysis Infrastructure Project,Dr. Doe,1882,"Technology, Massachusetts Institute of",smith@unlv.edu,1900-01-01,45,193079.02 USD,Data Science,Na&iuml;ve Bayes test
REC-2071,PRJ-2026-4052,National Science Foundation Geospatial Analysis Infrastructure Project,Dr. Smith,2012,U.N.L.V.,r.johnson@mit.edu,1900-01-01,5,-$428.00,Archival Studies,Phase 1 &amp; 2 complete
REC-2072,INVALID_CODE,Comprehensive Digital Humanities Data Archival Research Initiative Phase 1,Dr. Doe,2012.0,Massachusetts Institute of Technology,a.wright@berkeley.edu,2020-01-15,41,175425.93,Bioinformatics,Cost &lt; Budget
REC-2073,PRJ20261001,Investigation into Cataloging and Modern Data Pipelines,A. PROF. WILSON,N/A,Cal Berkeley,duplicate.user@research.org,,31,-$273.00,Metadata,Cost &lt; Budget
REC-2074,PRJ-2026-1001,Analysis of Cataloging,Patricia Taylor-Garcia,Class of 2018,"Technology, Massachusetts Institute of",smith@unlv.edu,,17,39061.83 USD,Ethics,Na&iuml;ve Bayes test
REC-2075,,Analysis of Bioinformatics,Alexandr Wright,Class of 2018,Univ. of Illinois (UIUC),smith@unlv.edu,2099-12-31,30,"$46,984.94",Machine Learning,Na&iuml;ve Bayes test
REC-2076,INVALID_CODE,Analysis of Cataloging,Johnathan Doe,2005,U.N.L.V.,smith@unlv.edu,2018-11-05,29,121316.49,Cataloging,Notes on &quot;UIUC&quot;
REC-2077,PRJ-2026-8819,Study on Ethics,Jeffrey Clarke,c2020,Univ of Illinois Urbana Champaign,jdoe@illinois.edu,2025-12-01,34,"$65,753.75",Bioinformatics,Cost &lt; Budget
REC-2078,INVALID_CODE,Comprehensive Digital Humanities Data Archival Research Project Phase 2,Dr. Smith,Class of 2018,"Las Vegas, University of Nevada",duplicate.user@research.org,1900-01-01,33,"$138,260.99",Metadata,Phase 1 &amp; 2 complete
REC-2079,,National Science Foundation Geospatial Analysis Infrastructure Project,Dr. Smith,2015,"Berkeley, University of California",a.wright@berkeley.edu,2020-01-15,31,-$153.00,Python,Phase 1 &amp; 2 complete
REC-2080,PRJ-2026-9900,Analysis of GIS Mapping,Robert Johnson,N/A,"Berkeley, University of California",contact@lab.org,1900-01-01,22,94400.45 USD,Machine Learning,Na&iuml;ve Bayes test
REC-2081,PRJ-2026-4052,National Science Foundation Geospatial Analysis Infrastructure Project,Dr. Johnson,c. 2005,Univ of Nevada Las Vegas,jdoe@illinois.edu,2018-11-05,41,"$145,081.33",Archival Studies,Na&iuml;ve Bayes test
REC-2082,PRJ-2026-4052,National Science Foundation Geospatial Analysis Infrastructure Program,Dr. Doe,2012.0,"Urbana-Champaign, University of Illinois",a.wright@berkeley.edu,1900-01-01,41,-$302.00,Python,Phase 1 &amp; 2 complete
REC-2083,PRJ-26-1001,Analysis of Metadata,Robert Johnson,,Univ of Illinois Urbana Champaign,r.johnson@mit.edu,2016-03-12,6,-$254.00,GIS Mapping,Caf&eacute; study group
REC-2084,,Comprehensive Digital Humanities Data Archival Research Project Phase 1,Dr. Doe,c2020,"Las Vegas, University of Nevada",r.johnson@mit.edu,1900-01-01,6,14883.74 USD,Data Science,Caf&eacute; study group
REC-2085,,National Science Foundation Geospatial Analysis Infrastructure Program,Dr. Johnson,Unknown,U.N.L.V.,r.johnson@mit.edu,2016-03-12,22,FREE,Ethics,Na&iuml;ve Bayes test
REC-2086,PRJ-2026-8819,Study on Python,Kathryn Write,c2020,Univ of Nevada Las Vegas,smith@unlv.edu,1900-01-01,6,10951.18,Python,Cost &lt; Budget
REC-2087,prj-2026-1001,Analysis of Bioinformatics,Johnathan Doee,2005,UIUC,smith@unlv.edu,2020-01-15,33,118201.01 USD,Metadata,Caf&eacute; study group
REC-2088,PRJ-2026-4052,National Science Foundation Geospatial Analysis Infrastructure Program,Dr. Smith,2021,University of Illinois at Urbana-Champaign,r.johnson@mit.edu,2018-11-05,35,138104.98,Ethics,Cost &lt; Budget
REC-2089,PRJ20261001,Proj A,Smith,Unknown,Univ of Illinois Urbana Champaign,a.wright@berkeley.edu,2099-12-31,8,-$283.00,Data Science,Na&iuml;ve Bayes test
REC-2090,PRJ-2026-4052,Comprehensive Digital Humanities Data Archival Research Project Phase 2,Dr. Brown,Class of 2018,"Technology, Massachusetts Institute of",a.wright@berkeley.edu,2020-01-15,6,12670.04,Archival Studies,Phase 1 &amp; 2 complete
REC-2091,PRJ-2026-1001,National Science Foundation Geospatial Analysis Infrastructure Program,Dr. Doe,2050,U.N.L.V.,contact@lab.org,2099-12-31,43,86275.67,Metadata,Na&iuml;ve Bayes test
REC-2092,PRJ-26-1001,Comprehensive Digital Humanities Data Archival Research Project Phase 1,Dr. Doe,2012,"Berkeley, University of California",r.johnson@mit.edu,2023-09-30,30,67901.82,Archival Studies,Phase 1 &amp; 2 complete
REC-2093,PRJ-2026-8819,Comprehensive Digital Humanities Data Archival Research Project Phase 2,Dr. Doe,2021,university of illinois at urbana-champaign,smith@unlv.edu,2099-12-31,42,159434.1 USD,Machine Learning,Cost &lt; Budget
REC-2094,PRJ20261001,Proj A,m. davis,'15,"University of Nevada, Las Vegas",smith@unlv.edu,2020-01-15,38,FREE,Archival Studies,Phase 1 &amp; 2 complete
REC-2095,PRJ-2026-9900,National Science Foundation Geospatial Analysis Infrastructure Project,Dr. Smith,2020,"Urbana-Champaign, University of Illinois",a.wright@berkeley.edu,2016-03-12,43,89572.69 USD,Cataloging,Cost &lt; Budget
REC-2096,prj-2026-1001,Comprehensive Digital Humanities Data Archival Research Initiative Phase 1,Dr. Doe,2012,Cal Berkeley,smith@unlv.edu,2016-03-12,47,"$181,585.33",Bioinformatics,Phase 1 &amp; 2 complete
REC-2097,PRJ-2026-8819,Investigation into Ethics and Modern Data Pipelines,m. davis,2020,"University of California, Berkeley",r.johnson@mit.edu,2023-09-30,45,196494.05,Data Science,Cost &lt; Budget
REC-2098,PRJ-2026-4052,Analysis of Machine Learning,Alexander Wright,1998,M.I.T.,contact@lab.org,2016-03-12,41,-$333.00,Ethics,Cost &lt; Budget
REC-2099,,National Science Foundation Geospatial Analysis Infrastructure Project,Dr. Brown,2050,UC Berkeley,contact@lab.org,,47,154937.91,Python,Notes on &quot;UIUC&quot;
REC-2100,prj-2026-1001,Investigation into Metadata and Modern Data Pipelines,A. PROF. WILSON,Class of 2018,Univ of Illinois Urbana Champaign,smith@unlv.edu,1900-01-01,8,-$376.00,Bioinformatics,Notes on &quot;UIUC&quot;
REC-2101,PRJ20261001,Comprehensive Digital Humanities Data Archival Research Initiative Phase 1,Dr. Doe,1998,Univ. of Illinois (UIUC),smith@unlv.edu,2020-01-15,39,FREE,Ethics,Na&iuml;ve Bayes test
REC-2102,,Proj A,Smith,1998,UC Berkeley,contact@lab.org,2016-03-12,16,"$32,053.60",Data Science,Na&iuml;ve Bayes test
,,,,,,,,,,Metadata,Sub-tag record
REC-2103,INVALID_CODE,Analysis of Data Science,Michael O'Brown,,university of illinois at urbana-champaign,a.wright@berkeley.edu,2018-11-05,35,-$443.00,Archival Studies,Phase 1 &amp; 2 complete
REC-2104,prj-2026-1001,Proj A,Smith,1998,"Las Vegas, University of Nevada",jdoe@illinois.edu,2016-03-12,21,FREE,Machine Learning,Notes on &quot;UIUC&quot;
REC-2105,PRJ-26-1001,Study on Ethics,Kathryn Write,1998,Univ. of Illinois (UIUC),a.wright@berkeley.edu,2018-11-05,60,$100.00,Bioinformatics,Phase 1 &amp; 2 complete
REC-2106,PRJ-26-1001,Analysis of GIS Mapping,Johnathan Doee,2050,UNLV,jdoe@illinois.edu,2016-03-12,45,120141.1,Data Science,Phase 1 &amp; 2 complete
REC-2107,PRJ20261001,Proj A,Dr. Jane Mary Smith,2012,university of illinois at urbana-champaign,jdoe@illinois.edu,,42,-$237.00,Archival Studies,Cost &lt; Budget
REC-2108,PRJ-2026-9900,Study on Python,Bryan Stewart,1998,"Berkeley, University of California",contact@lab.org,2023-09-30,37,-$418.00,Bioinformatics,Na&iuml;ve Bayes test
REC-2109,PRJ-2026-4052,Proj A,Smith,N/A,"Berkeley, University of California",contact@lab.org,2099-12-31,45,-$137.00,Python,Na&iuml;ve Bayes test
REC-2110,PRJ-2026-1001,Investigation into Python and Modern Data Pipelines,Jane Smith,2050,university of illinois at urbana-champaign,a.wright@berkeley.edu,2021-07-22,8,15184.83,Ethics,Notes on &quot;UIUC&quot;
REC-2111,PRJ-26-1001,Analysis of Machine Learning,Robert Jhnson,2015,"Berkeley, University of California",contact@lab.org,2020-01-15,26,65177.92,Machine Learning,Phase 1 &amp; 2 complete
REC-2112,PRJ-2026-8819,Investigation into Archival Studies and Modern Data Pipelines,m. davis,2022,university of illinois at urbana-champaign,a.wright@berkeley.edu,2018-11-05,44,138788.21,Bioinformatics,Phase 1 &amp; 2 complete
REC-2113,PRJ-2026-4052,Analysis of Metadata,Robert Jhnson,Unknown,Univ. of Illinois (UIUC),contact@lab.org,2099-12-31,19,69597.35,Metadata,Phase 1 &amp; 2 complete
REC-2114,PRJ-26-1001,Study on GIS Mapping,Brian Stuart,Unknown,U.N.L.V.,jdoe@illinois.edu,1900-01-01,39,75059.7,Data Science,Na&iuml;ve Bayes test
REC-2115,PRJ20261001,Study on Bioinformatics,Kristina Tailor,c. 2005,"University of Nevada, Las Vegas",jdoe@illinois.edu,2020-01-15,20,80857.1 USD,Ethics,Notes on &quot;UIUC&quot;
REC-2116,,Analysis of GIS Mapping,Alexander Wright,2018,University of Illinois at Urbana-Champaign,contact@lab.org,2020-01-15,48,"$137,177.85",Bioinformatics,Notes on &quot;UIUC&quot;
REC-2117,PRJ-26-1001,Study on Ethics,Catherine Wright,2015,U.N.L.V.,jdoe@illinois.edu,,39,"$102,000.78",Archival Studies,Phase 1 &amp; 2 complete
REC-2118,PRJ-26-1001,Study on Metadata,Kristina Tailor,2020,"Technology, Massachusetts Institute of",jdoe@illinois.edu,2021-07-22,39,"$74,431.22",Bioinformatics,Caf&eacute; study group
,,,,,,,,,,Python,Sub-tag record
REC-2119,,Study on GIS Mapping,Jane Smith,,university of illinois at urbana-champaign,r.johnson@mit.edu,2025-12-01,44,-$367.00,Ethics,Cost &lt; Budget
REC-2120,PRJ-2026-4052,Analysis of GIS Mapping,Robert Jhnson,Unknown,Univ of Nevada Las Vegas,a.wright@berkeley.edu,,15,-$142.00,Machine Learning,Notes on &quot;UIUC&quot;
REC-2121,PRJ-2026-9900,Study on Metadata,Jeffrey Clarke,1882,U.N.L.V.,a.wright@berkeley.edu,2020-01-15,21,44940.15,Ethics,Phase 1 &amp; 2 complete
REC-2122,,Analysis of Metadata,Patricia Taylor-Garcia,,"Technology, Massachusetts Institute of",r.johnson@mit.edu,1900-01-01,31,-$212.00,GIS Mapping,Phase 1 &amp; 2 complete
REC-2123,INVALID_CODE,National Science Foundation Geospatial Analysis Infrastructure Project,Dr. Doe,2005,"Las Vegas, University of Nevada",smith@unlv.edu,2023-09-30,37,60765.05,GIS Mapping,Caf&eacute; study group
,,,,,,,,,,Data Science,Sub-tag record
,,,,,,,,,,Cataloging,Sub-tag record
REC-2124,PRJ-2026-8819,National Science Foundation Geospatial Analysis Infrastructure Project,Dr. Brown,2012.0,UNLV,a.wright@berkeley.edu,2021-07-22,3,-$270.00,Python,Na&iuml;ve Bayes test
REC-2125,PRJ-2026-4052,Study on GIS Mapping,Jayne Smyth,2021,University of Illinois at Urbana-Champaign,jdoe@illinois.edu,2018-11-05,27,"$48,175.13",GIS Mapping,Caf&eacute; study group
REC-2126,PRJ-26-1001,Proj A,m. davis,2015,UIUC,contact@lab.org,2021-07-22,20,"$71,917.96",Data Science,Cost &lt; Budget
REC-2127,PRJ-2026-1001,Study on Archival Studies,Kristina Tailor,2050,UNLV,jdoe@illinois.edu,2020-01-15,47,"$200,075.17",Python,Caf&eacute; study group
REC-2128,PRJ-26-1001,Analysis of Python,Michael O'Brown,Class of 2018,UC Berkeley,contact@lab.org,2016-03-12,34,61189.09 USD,Metadata,Caf&eacute; study group
REC-2129,PRJ-2026-9900,Proj A,A. PROF. WILSON,2050,U.N.L.V.,jdoe@illinois.edu,2018-11-05,1,-$210.00,Data Science,Phase 1 &amp; 2 complete
REC-2130,INVALID_CODE,Analysis of GIS Mapping,Alexandr Wright,2022,U.N.L.V.,smith@unlv.edu,2016-03-12,21,-$253.00,Machine Learning,Na&iuml;ve Bayes test
REC-2131,PRJ-26-1001,Analysis of Metadata,Patricia Taylor-Garcia,2012.0,"Berkeley, University of California",smith@unlv.edu,2025-12-01,27,"$46,223.60",Archival Studies,Notes on &quot;UIUC&quot;
REC-2132,PRJ20261001,Study on Bioinformatics,Kristina Tailor,2018,"Berkeley, University of California",a.wright@berkeley.edu,2099-12-31,47,196756.85 USD,Metadata,Cost &lt; Budget
REC-2133,PRJ-2026-9900,Analysis of GIS Mapping,Michael O'Brown,2050,"Las Vegas, University of Nevada",r.johnson@mit.edu,2016-03-12,32,FREE,Data Science,Phase 1 &amp; 2 complete
REC-2134,PRJ-26-1001,Analysis of Data Science,Michael O'Brown,Unknown,university of illinois at urbana-champaign,a.wright@berkeley.edu,2023-09-30,14,33006.5 USD,Metadata,Notes on &quot;UIUC&quot;
REC-2135,PRJ-2026-4052,Study on Metadata,Kristina Tailor,2012,"University of Nevada, Las Vegas",jdoe@illinois.edu,2016-03-12,44,184143.99 USD,Data Science,Phase 1 &amp; 2 complete
REC-2136,prj-2026-1001,Comprehensive Digital Humanities Data Archival Research Project Phase 1,Dr. Doe,1882,"Berkeley, University of California",contact@lab.org,2021-07-22,10,17651.59 USD,Metadata,Phase 1 &amp; 2 complete
REC-2137,,Study on Python,Geoffrey Clark,c. 2005,MIT,contact@lab.org,,39,"$159,202.34",Bioinformatics,Caf&eacute; study group
REC-2138,INVALID_CODE,National Science Foundation Geospatial Analysis Infrastructure Program,Dr. Doe,2012,"Urbana-Champaign, University of Illinois",smith@unlv.edu,2020-01-15,12,34472.63,Machine Learning,Phase 1 &amp; 2 complete
REC-2139,PRJ20261001,National Science Foundation Geospatial Analysis Infrastructure Program,Dr. Brown,2022,University of Illinois at Urbana-Champaign,duplicate.user@research.org,2018-11-05,13,-$103.00,Bioinformatics,Phase 1 &amp; 2 complete
REC-2140,PRJ-2026-4052,Analysis of Metadata,Johnathan Doe,2012.0,university of illinois at urbana-champaign,contact@lab.org,,3,-$148.00,Machine Learning,Na&iuml;ve Bayes test
REC-2141,PRJ-26-1001,Investigation into Ethics and Modern Data Pipelines,Jane Smith,1882,UNLV,contact@lab.org,2099-12-31,47,-$364.00,Python,Caf&eacute; study group
,,,,,,,,,,Cataloging,Sub-tag record
REC-2142,,Proj A,A. PROF. WILSON,c2020,"Berkeley, University of California",smith@unlv.edu,2099-12-31,20,49901.93,Machine Learning,Notes on &quot;UIUC&quot;
REC-2143,PRJ-2026-9900,Analysis of Archival Studies,Michael O'Brown,2015,UIUC,contact@lab.org,2023-09-30,17,FREE,GIS Mapping,Na&iuml;ve Bayes test
,,,,,,,,,,Ethics,Sub-tag record
REC-2144,PRJ-2026-9900,Proj A,Dr. Jane Mary Smith,2021,"University of California, Berkeley",r.johnson@mit.edu,2016-03-12,3,FREE,GIS Mapping,Notes on &quot;UIUC&quot;
REC-2145,PRJ-2026-4052,Analysis of Metadata,Michael O'Brown,Unknown,MIT,smith@unlv.edu,2021-07-22,5,FREE,Bioinformatics,Cost &lt; Budget
REC-2146,PRJ-26-1001,National Science Foundation Geospatial Analysis Infrastructure Program,Dr. Smith,c2020,Univ of Nevada Las Vegas,jdoe@illinois.edu,2021-07-22,25,-$149.00,Cataloging,Caf&eacute; study group
REC-2147,PRJ20261001,Analysis of Metadata,Johnathan Doe,2020,Cal Berkeley,jdoe@illinois.edu,2023-09-30,5,FREE,Ethics,Caf&eacute; study group
REC-2148,prj-2026-1001,Analysis of Data Science,Johnathan Doe,2012,Univ of Nevada Las Vegas,contact@lab.org,2018-11-05,13,"$25,382.59",Cataloging,Na&iuml;ve Bayes test
REC-2149,INVALID_CODE,Study on Ethics,Kathryn Write,2012.0,"Urbana-Champaign, University of Illinois",r.johnson@mit.edu,1900-01-01,5,13247.47 USD,Machine Learning,Caf&eacute; study group
REC-2150,prj-2026-1001,Proj A,Dr. Jane Mary Smith,2050,"Las Vegas, University of Nevada",r.johnson@mit.edu,2016-03-12,28,124294.51,Cataloging,Caf&eacute; study group
REC-2151,PRJ-2026-8819,Analysis of Data Science,Alexandr Wright,c2020,"Las Vegas, University of Nevada",smith@unlv.edu,2020-01-15,10,FREE,Bioinformatics,Caf&eacute; study group
REC-2152,,Analysis of Ethics,Patricia Taylor-Garcia,Class of 2018,UNLV,jdoe@illinois.edu,,34,-$451.00,Bioinformatics,Phase 1 &amp; 2 complete
REC-2153,PRJ-2026-9900,Analysis of Machine Learning,Michael O'Brown,2050,Cal Berkeley,r.johnson@mit.edu,2021-07-22,18,74917.52,Metadata,Na&iuml;ve Bayes test
REC-2154,PRJ-2026-9900,Comprehensive Digital Humanities Data Archival Research Initiative Phase 1,Dr. Smith,2012,"Berkeley, University of California",r.johnson@mit.edu,2016-03-12,48,-$355.00,Python,Notes on &quot;UIUC&quot;
REC-2155,PRJ-26-1001,National Science Foundation Geospatial Analysis Infrastructure Program,Dr. Johnson,2050,Massachusetts Institute of Technology,a.wright@berkeley.edu,2099-12-31,20,73304.74,Python,Caf&eacute; study group
REC-2156,,Analysis of Archival Studies,Robert Jhnson,c2020,Univ of Nevada Las Vegas,contact@lab.org,1900-01-01,20,FREE,Python,Phase 1 &amp; 2 complete
REC-2157,prj-2026-1001,Study on Data Science,Bryan Stewart,c. 2005,UC Berkeley,contact@lab.org,,14,-$173.00,Python,Phase 1 &amp; 2 complete
REC-2158,PRJ-2026-1001,Investigation into GIS Mapping and Modern Data Pipelines,m. davis,2021,UIUC,smith@unlv.edu,2099-12-31,26,-$160.00,Bioinformatics,Cost &lt; Budget
REC-2159,INVALID_CODE,Study on GIS Mapping,Jeffrey Clarke,2050,"Berkeley, University of California",smith@unlv.edu,2018-11-05,22,"$47,090.40",Bioinformatics,Cost &lt; Budget
REC-2160,PRJ20261001,Analysis of Data Science,Robert Jhnson,1882,University of Illinois at Urbana-Champaign,jdoe@illinois.edu,,12,"$51,549.16",Ethics,Cost &lt; Budget
REC-2161,PRJ-2026-8819,Investigation into Ethics and Modern Data Pipelines,Smith,2005,UNLV,r.johnson@mit.edu,1900-01-01,19,43722.38 USD,Cataloging,Na&iuml;ve Bayes test
,,,,,,,,,,Metadata,Sub-tag record
,,,,,,,,,,Bioinformatics,Sub-tag record
REC-2162,PRJ20261001,Study on Python,Christina Taylor,2012,Univ. of Illinois (UIUC),a.wright@berkeley.edu,2020-01-15,46,FREE,Data Science,Na&iuml;ve Bayes test
REC-2163,PRJ-2026-4052,Study on Data Science,Geoffrey Clark,2022,U.N.L.V.,contact@lab.org,2016-03-12,36,"$125,094.81",Archival Studies,Cost &lt; Budget
,,,,,,,,,,Metadata,Sub-tag record
REC-2164,prj-2026-1001,Analysis of Python,Johnathan Doee,1998,MIT,jdoe@illinois.edu,2021-07-22,10,FREE,Ethics,Na&iuml;ve Bayes test
REC-2165,PRJ-26-1001,Study on Data Science,Catherine Wright,2021,Urbana Champaign University of Illinois,contact@lab.org,2025-12-01,28,"$56,784.86",Metadata,Notes on &quot;UIUC&quot;
REC-2166,PRJ-2026-9900,Proj A,Jane Smith,2012.0,U.N.L.V.,smith@unlv.edu,2020-01-15,47,179190.95 USD,Cataloging,Notes on &quot;UIUC&quot;
REC-2167,INVALID_CODE,Analysis of Archival Studies,Johnathan Doee,2012.0,"University of Nevada, Las Vegas",smith@unlv.edu,1900-01-01,5,"$14,543.14",Ethics,Phase 1 &amp; 2 complete
REC-2168,,Proj A,Smith,Unknown,Massachusetts Institute of Technology,jdoe@illinois.edu,2020-01-15,9,"$13,882.31",Machine Learning,Notes on &quot;UIUC&quot;
REC-2169,INVALID_CODE,National Science Foundation Geospatial Analysis Infrastructure Project,Dr. Doe,2005,"Berkeley, University of California",a.wright@berkeley.edu,2023-09-30,28,82192.02,GIS Mapping,Na&iuml;ve Bayes test
REC-2170,PRJ-2026-1001,Analysis of Cataloging,Michael OBrown,2022,Univ. of Illinois (UIUC),contact@lab.org,2018-11-05,12,-$178.00,Metadata,Na&iuml;ve Bayes test
REC-2171,INVALID_CODE,Analysis of Bioinformatics,Patricia Taylor Garcia,c. 2005,UIUC,jdoe@illinois.edu,2021-07-22,18,"$30,600.13",GIS Mapping,Caf&eacute; study group
REC-2172,PRJ-2026-9900,Proj A,m. davis,2015,"University of Nevada, Las Vegas",r.johnson@mit.edu,,44,FREE,Machine Learning,Cost &lt; Budget
,,,,,,,,,,Cataloging,Sub-tag record
,,,,,,,,,,Bioinformatics,Sub-tag record
,,,,,,,,,,Archival Studies,Sub-tag record
REC-2173,PRJ-26-1001,Analysis of Ethics,Robert Johnson,c2020,"Las Vegas, University of Nevada",a.wright@berkeley.edu,1900-01-01,20,"$77,445.25",GIS Mapping,Phase 1 &amp; 2 complete
REC-2174,PRJ-2026-4052,Study on Machine Learning,Stephen Miller,2020,U.N.L.V.,r.johnson@mit.edu,2018-11-05,46,116226.49 USD,Machine Learning,Na&iuml;ve Bayes test
REC-2175,PRJ-2026-1001,Investigation into Cataloging and Modern Data Pipelines,A. PROF. WILSON,1882,MIT,smith@unlv.edu,2099-12-31,4,9043.45 USD,Data Science,Phase 1 &amp; 2 complete
REC-2176,PRJ-2026-8819,Study on Archival Studies,Bryan Stewart,2022,Univ of Illinois Urbana Champaign,jdoe@illinois.edu,2023-09-30,39,87007.16 USD,Bioinformatics,Phase 1 &amp; 2 complete
REC-2177,PRJ-2026-9900,Investigation into Archival Studies and Modern Data Pipelines,A. PROF. WILSON,2050,"Urbana-Champaign, University of Illinois",a.wright@berkeley.edu,2018-11-05,33,-$494.00,Archival Studies,Notes on &quot;UIUC&quot;
REC-2178,,Investigation into Archival Studies and Modern Data Pipelines,Smith,,UC Berkeley,a.wright@berkeley.edu,1900-01-01,43,-$457.00,Cataloging,Cost &lt; Budget
REC-2179,PRJ-26-1001,Study on Bioinformatics,Brian Stuart,'15,UNLV,contact@lab.org,2020-01-15,5,-$135.00,Data Science,Notes on &quot;UIUC&quot;
REC-2180,prj-2026-1001,National Science Foundation Geospatial Analysis Infrastructure Program,Dr. Brown,'15,Univ of Nevada Las Vegas,a.wright@berkeley.edu,2099-12-31,3,-$337.00,GIS Mapping,Phase 1 &amp; 2 complete
REC-2181,PRJ-2026-4052,Investigation into Bioinformatics and Modern Data Pipelines,m. davis,Pending,UC Berkeley,r.johnson@mit.edu,1900-01-01,25,"$69,497.28",Python,Notes on &quot;UIUC&quot;
REC-2182,INVALID_CODE,Study on Python,Jayne Smyth,2012,UNLV,jdoe@illinois.edu,2023-09-30,14,61441.21 USD,Python,Na&iuml;ve Bayes test
,,,,,,,,,,Metadata,Sub-tag record
,,,,,,,,,,GIS Mapping,Sub-tag record
,,,,,,,,,,Ethics,Sub-tag record
REC-2183,PRJ-2026-8819,Proj A,Jane Smith,2012.0,"Urbana-Champaign, University of Illinois",jdoe@illinois.edu,2025-12-01,36,71399.05 USD,Bioinformatics,Cost &lt; Budget
REC-2184,,Comprehensive Digital Humanities Data Archival Research Project Phase 1,Dr. Doe,'15,UNLV,contact@lab.org,2025-12-01,21,57578.69 USD,Python,Na&iuml;ve Bayes test
REC-2185,PRJ-2026-4052,Comprehensive Digital Humanities Data Archival Research Project Phase 2,Dr. Johnson,Class of 2018,"Las Vegas, University of Nevada",r.johnson@mit.edu,1900-01-01,40,-$224.00,GIS Mapping,Na&iuml;ve Bayes test
REC-2186,prj-2026-1001,Comprehensive Digital Humanities Data Archival Research Initiative Phase 1,Dr. Brown,2050,"University of Nevada, Las Vegas",a.wright@berkeley.edu,2016-03-12,45,FREE,Data Science,Na&iuml;ve Bayes test
REC-2187,,Comprehensive Digital Humanities Data Archival Research Project Phase 2,Dr. Brown,Unknown,Cal Berkeley,smith@unlv.edu,,20,FREE,Data Science,Na&iuml;ve Bayes test
REC-2188,PRJ-26-1001,Proj A,Jane Smith,Unknown,Univ of Illinois Urbana Champaign,a.wright@berkeley.edu,2023-09-30,21,71208.73 USD,Archival Studies,Na&iuml;ve Bayes test
REC-2189,prj-2026-1001,Analysis of Data Science,Michael OBrown,'15,"Urbana-Champaign, University of Illinois",a.wright@berkeley.edu,1900-01-01,42,"$91,154.20",Metadata,Phase 1 &amp; 2 complete
REC-2190,PRJ-26-1001,Comprehensive Digital Humanities Data Archival Research Project Phase 2,Dr. Smith,1998,Univ of Illinois Urbana Champaign,a.wright@berkeley.edu,1900-01-01,41,109667.58,Archival Studies,Cost &lt; Budget
REC-2191,PRJ-26-1001,Study on Machine Learning,Bryan Stewart,1998,UC Berkeley,r.johnson@mit.edu,,47,116643.11 USD,Machine Learning,Cost &lt; Budget
REC-2192,INVALID_CODE,Analysis of Data Science,Alexander Wright,'15,Urbana Champaign University of Illinois,smith@unlv.edu,2020-01-15,18,37524.75 USD,GIS Mapping,Notes on &quot;UIUC&quot;
REC-2193,INVALID_CODE,Proj A,Jane Smith,2012,"Las Vegas, University of Nevada",contact@lab.org,,37,"$147,762.66",Python,Caf&eacute; study group
REC-2194,PRJ20261001,Analysis of Bioinformatics,Alexander Wright,2018,UC Berkeley,jdoe@illinois.edu,2099-12-31,19,"$39,234.45",Python,Cost &lt; Budget
REC-2195,prj-2026-1001,Study on Python,Steven Miller,2005,"Urbana-Champaign, University of Illinois",contact@lab.org,1900-01-01,31,FREE,Metadata,Caf&eacute; study group
REC-2196,PRJ-2026-4052,Analysis of Data Science,Alexander Wright,2015,Univ. of Illinois (UIUC),a.wright@berkeley.edu,2021-07-22,17,FREE,Archival Studies,Notes on &quot;UIUC&quot;
REC-2197,PRJ20261001,Investigation into Machine Learning and Modern Data Pipelines,Smith,2012.0,MIT,jdoe@illinois.edu,1900-01-01,42,139855.11,Data Science,Notes on &quot;UIUC&quot;
REC-2198,PRJ-2026-9900,Analysis of Cataloging,Patricia Taylor-Garcia,2020,"Urbana-Champaign, University of Illinois",smith@unlv.edu,,13,FREE,Metadata,Cost &lt; Budget
REC-2199,PRJ-2026-4052,Study on Archival Studies,Stephen Miller,2050,university of illinois at urbana-champaign,jdoe@illinois.edu,2099-12-31,45,175104.27,Data Science,Notes on &quot;UIUC&quot;
,,,,,,,,,,Archival Studies,Sub-tag record
,,,,,,,,,,Bioinformatics,Sub-tag record
REC-2200,PRJ-26-1001,Investigation into Ethics and Modern Data Pipelines,Dr. Jane Mary Smith,Unknown,Univ of Illinois Urbana Champaign,a.wright@berkeley.edu,2023-09-30,41,FREE,Data Science,Caf&eacute; study group
REC-2201,PRJ-2026-8819,Proj A,Dr. Jane Mary Smith,Pending,"Berkeley, University of California",a.wright@berkeley.edu,2025-12-01,7,14277.45,Python,Na&iuml;ve Bayes test
REC-2202,PRJ-2026-9900,Investigation into Ethics and Modern Data Pipelines,m. davis,,Univ of Nevada Las Vegas,smith@unlv.edu,2099-12-31,31,"$99,826.52",Machine Learning,Notes on &quot;UIUC&quot;
REC-2203,PRJ-2026-1001,Analysis of Data Science,Johnathan Doee,,Univ of Illinois Urbana Champaign,contact@lab.org,2021-07-22,38,-$125.00,Machine Learning,Cost &lt; Budget
REC-2204,PRJ-2026-4052,Investigation into Archival Studies and Modern Data Pipelines,Smith,2012,"Urbana-Champaign, University of Illinois",r.johnson@mit.edu,2023-09-30,23,"$85,230.09",Metadata,Cost &lt; Budget
REC-2205,PRJ-2026-8819,Analysis of Bioinformatics,Michael O'Brown,2012,Univ of Nevada Las Vegas,a.wright@berkeley.edu,2020-01-15,21,"$40,928.17",Bioinformatics,Phase 1 &amp; 2 complete
REC-2206,,National Science Foundation Geospatial Analysis Infrastructure Project,Dr. Johnson,1998,Massachusetts Institute of Technology,jdoe@illinois.edu,2021-07-22,21,"$50,528.64",Ethics,Notes on &quot;UIUC&quot;
REC-2207,PRJ-2026-8819,Proj A,A. PROF. WILSON,Pending,Univ of Nevada Las Vegas,duplicate.user@research.org,2016-03-12,27,102542.37,Cataloging,Cost &lt; Budget
,,,,,,,,,,Archival Studies,Sub-tag record
,,,,,,,,,,Ethics,Sub-tag record
REC-2208,PRJ-26-1001,National Science Foundation Geospatial Analysis Infrastructure Program,Dr. Doe,1998,"Technology, Massachusetts Institute of",contact@lab.org,1900-01-01,31,132179.22 USD,Metadata,Notes on &quot;UIUC&quot;
REC-2209,,Analysis of Data Science,Patricia Taylor-Garcia,2020,"Technology, Massachusetts Institute of",r.johnson@mit.edu,2018-11-05,11,17416.64,Metadata,Notes on &quot;UIUC&quot;
REC-2210,PRJ-26-1001,Analysis of Machine Learning,Alexandr Wright,N/A,UNLV,smith@unlv.edu,2025-12-01,30,FREE,Metadata,Na&iuml;ve Bayes test
REC-2211,,Comprehensive Digital Humanities Data Archival Research Project Phase 1,Dr. Doe,c2020,"Technology, Massachusetts Institute of",r.johnson@mit.edu,2016-03-12,15,"$31,714.32",Ethics,Na&iuml;ve Bayes test
REC-2212,PRJ-2026-8819,Study on Ethics,Jayne Smyth,2005,"University of Nevada, Las Vegas",jdoe@illinois.edu,2020-01-15,14,53848.66,Ethics,Phase 1 &amp; 2 complete
REC-2213,INVALID_CODE,Study on Metadata,Kristina Tailor,1882,"Technology, Massachusetts Institute of",a.wright@berkeley.edu,2023-09-30,40,73168.23,Ethics,Phase 1 &amp; 2 complete
REC-2214,INVALID_CODE,Study on GIS Mapping,Kathryn Write,2015,Univ. of Illinois (UIUC),duplicate.user@research.org,2020-01-15,34,-$345.00,Python,Na&iuml;ve Bayes test
REC-2215,INVALID_CODE,National Science Foundation Geospatial Analysis Infrastructure Program,Dr. Brown,c2020,"Las Vegas, University of Nevada",jdoe@illinois.edu,2020-01-15,14,FREE,Bioinformatics,Notes on &quot;UIUC&quot;
REC-2216,prj-2026-1001,Analysis of Metadata,Michael OBrown,'15,University of Illinois at Urbana-Champaign,jdoe@illinois.edu,2020-01-15,16,"$62,200.21",Archival Studies,Na&iuml;ve Bayes test
REC-2217,prj-2026-1001,Study on Archival Studies,Jayne Smyth,N/A,Univ. of Illinois (UIUC),contact@lab.org,,35,"$125,822.44",Data Science,Phase 1 &amp; 2 complete
REC-2218,PRJ-2026-1001,Study on Bioinformatics,Stephen Miller,2015,"Technology, Massachusetts Institute of",smith@unlv.edu,2016-03-12,15,-$272.00,Bioinformatics,Phase 1 &amp; 2 complete
REC-2219,PRJ-2026-9900,Analysis of Data Science,Johnathan Doee,2005,UNLV,contact@lab.org,,38,135558.82 USD,Metadata,Phase 1 &amp; 2 complete
REC-2220,PRJ-2026-9900,Study on Ethics,Jayne Smyth,2005,"Technology, Massachusetts Institute of",a.wright@berkeley.edu,2021-07-22,16,-$412.00,Cataloging,Notes on &quot;UIUC&quot;
REC-2221,INVALID_CODE,Analysis of Machine Learning,Robert Jhnson,c. 2005,"University of California, Berkeley",contact@lab.org,2020-01-15,18,50438.89,Machine Learning,Caf&eacute; study group
REC-2222,PRJ-2026-8819,Study on Ethics,Jayne Smyth,1998,UIUC,contact@lab.org,2018-11-05,17,FREE,Machine Learning,Na&iuml;ve Bayes test
REC-2223,INVALID_CODE,Investigation into Data Science and Modern Data Pipelines,Dr. Jane Mary Smith,Unknown,M.I.T.,jdoe@illinois.edu,2025-12-01,43,-$367.00,GIS Mapping,Na&iuml;ve Bayes test
REC-2224,PRJ20261001,Analysis of Archival Studies,Johnathan Doe,Pending,Cal Berkeley,jdoe@illinois.edu,,40,-$429.00,GIS Mapping,Phase 1 &amp; 2 complete
REC-2225,PRJ-26-1001,Comprehensive Digital Humanities Data Archival Research Project Phase 2,Dr. Brown,2022,University of Illinois at Urbana-Champaign,a.wright@berkeley.edu,1900-01-01,13,43353.79,Machine Learning,Na&iuml;ve Bayes test
REC-2226,PRJ-26-1001,Analysis of GIS Mapping,Patricia Taylor Garcia,,Cal Berkeley,smith@unlv.edu,2025-12-01,45,"$126,245.97",GIS Mapping,Notes on &quot;UIUC&quot;
REC-2227,INVALID_CODE,Analysis of Data Science,Alexander Wright,Class of 2018,MIT,smith@unlv.edu,1900-01-01,22,37153.32 USD,Bioinformatics,Na&iuml;ve Bayes test
REC-2228,prj-2026-1001,Proj A,Smith,Pending,"Berkeley, University of California",a.wright@berkeley.edu,,39,91754.52,Cataloging,Cost &lt; Budget
,,,,,,,,,,GIS Mapping,Sub-tag record
,,,,,,,,,,Data Science,Sub-tag record
,,,,,,,,,,Ethics,Sub-tag record
REC-2229,,Investigation into GIS Mapping and Modern Data Pipelines,Jane Smith,c. 2005,"University of California, Berkeley",contact@lab.org,,21,-$114.00,Python,Phase 1 &amp; 2 complete
REC-2230,PRJ-2026-4052,Study on Ethics,Brian Stuart,2015,Massachusetts Institute of Technology,smith@unlv.edu,2016-03-12,32,51752.11 USD,Data Science,Notes on &quot;UIUC&quot;
REC-2231,PRJ-2026-1001,Study on Ethics,Brian Stuart,2012.0,Univ of Nevada Las Vegas,smith@unlv.edu,,15,"$61,872.03",GIS Mapping,Na&iuml;ve Bayes test
REC-2232,PRJ-2026-9900,Analysis of Archival Studies,Alexander Wright,2021,Univ of Nevada Las Vegas,a.wright@berkeley.edu,2016-03-12,31,"$119,812.16",Data Science,Notes on &quot;UIUC&quot;
,,,,,,,,,,Python,Sub-tag record
REC-2233,INVALID_CODE,Investigation into Machine Learning and Modern Data Pipelines,m. davis,2015,Urbana Champaign University of Illinois,r.johnson@mit.edu,2023-09-30,39,80915.08 USD,GIS Mapping,Phase 1 &amp; 2 complete
REC-2234,INVALID_CODE,Investigation into Data Science and Modern Data Pipelines,m. davis,2021,University of Illinois at Urbana-Champaign,smith@unlv.edu,2016-03-12,16,"$44,530.89",GIS Mapping,Phase 1 &amp; 2 complete
,,,,,,,,,,Ethics,Sub-tag record
,,,,,,,,,,Metadata,Sub-tag record
REC-2235,INVALID_CODE,Analysis of Data Science,Alexander Wright,Unknown,Massachusetts Institute of Technology,r.johnson@mit.edu,,26,"$51,857.11",Metadata,Caf&eacute; study group
REC-2236,PRJ-2026-8819,Study on Bioinformatics,Geoffrey Clark,2022,M.I.T.,a.wright@berkeley.edu,2020-01-15,3,FREE,GIS Mapping,Notes on &quot;UIUC&quot;
REC-2237,,Investigation into GIS Mapping and Modern Data Pipelines,Smith,Unknown,"Las Vegas, University of Nevada",r.johnson@mit.edu,2023-09-30,17,56139.9,Cataloging,Cost &lt; Budget
REC-2238,PRJ-2026-9900,Analysis of Machine Learning,Patricia Taylor Garcia,'15,Univ. of Illinois (UIUC),r.johnson@mit.edu,2018-11-05,41,FREE,Metadata,Notes on &quot;UIUC&quot;
REC-2239,PRJ20261001,Study on Archival Studies,Jane Smith,2022,"University of Nevada, Las Vegas",a.wright@berkeley.edu,2020-01-15,37,FREE,Ethics,Caf&eacute; study group
REC-2240,PRJ-2026-8819,National Science Foundation Geospatial Analysis Infrastructure Project,Dr. Johnson,2005,UNLV,r.johnson@mit.edu,2025-12-01,23,"$41,496.82",Python,Notes on &quot;UIUC&quot;
REC-2241,,Investigation into Machine Learning and Modern Data Pipelines,Dr. Jane Mary Smith,2018,university of illinois at urbana-champaign,jdoe@illinois.edu,2016-03-12,8,18199.83 USD,Archival Studies,Cost &lt; Budget
REC-2242,prj-2026-1001,Analysis of Python,Patricia Taylor-Garcia,'15,Univ. of Illinois (UIUC),contact@lab.org,2018-11-05,40,-$335.00,GIS Mapping,Caf&eacute; study group
REC-2243,PRJ-2026-9900,Analysis of Archival Studies,Johnathan Doee,1882,"University of California, Berkeley",duplicate.user@research.org,2018-11-05,8,"$32,972.33",Cataloging,Na&iuml;ve Bayes test
REC-2244,,Analysis of Ethics,Robert Johnson,,M.I.T.,smith@unlv.edu,2018-11-05,33,FREE,Bioinformatics,Cost &lt; Budget
,,,,,,,,,,Metadata,Sub-tag record
,,,,,,,,,,Archival Studies,Sub-tag record
,,,,,,,,,,Python,Sub-tag record
REC-2245,PRJ-26-1001,Study on Archival Studies,Jeffrey Clarke,N/A,"Las Vegas, University of Nevada",smith@unlv.edu,2021-07-22,35,-$389.00,Python,Caf&eacute; study group
REC-2246,PRJ20261001,Investigation into Cataloging and Modern Data Pipelines,m. davis,c2020,Univ of Nevada Las Vegas,a.wright@berkeley.edu,1900-01-01,28,"$91,463.43",Cataloging,Notes on &quot;UIUC&quot;
REC-2247,PRJ-2026-1001,Analysis of GIS Mapping,Robert Jhnson,N/A,Massachusetts Institute of Technology,r.johnson@mit.edu,2016-03-12,37,121609.09,Data Science,Phase 1 &amp; 2 complete
REC-2248,prj-2026-1001,Analysis of Machine Learning,Patricia Taylor Garcia,N/A,"Berkeley, University of California",r.johnson@mit.edu,2020-01-15,35,134030.29,Archival Studies,Cost &lt; Budget
REC-2249,PRJ-26-1001,Comprehensive Digital Humanities Data Archival Research Project Phase 2,Dr. Brown,2012.0,"Berkeley, University of California",a.wright@berkeley.edu,2025-12-01,36,-$126.00,Machine Learning,Na&iuml;ve Bayes test
REC-2250,PRJ20261001,Proj A,A. PROF. WILSON,'15,Univ. of Illinois (UIUC),smith@unlv.edu,2018-11-05,1,-$370.00,GIS Mapping,Caf&eacute; study group
REC-2251,,Comprehensive Digital Humanities Data Archival Research Initiative Phase 1,Dr. Smith,N/A,Urbana Champaign University of Illinois,smith@unlv.edu,1900-01-01,14,"$51,497.02",Ethics,Na&iuml;ve Bayes test
REC-2252,PRJ20261001,National Science Foundation Geospatial Analysis Infrastructure Project,Dr. Brown,2020,Univ of Illinois Urbana Champaign,contact@lab.org,,24,"$77,503.52",Metadata,Phase 1 &amp; 2 complete
REC-2253,INVALID_CODE,Study on Data Science,Kathryn Write,c. 2005,U.N.L.V.,a.wright@berkeley.edu,2021-07-22,26,45975.56,Ethics,Notes on &quot;UIUC&quot;
REC-2254,PRJ-2026-1001,Study on Data Science,Kristina Tailor,1998,UNLV,a.wright@berkeley.edu,2018-11-05,40,FREE,Ethics,Phase 1 &amp; 2 complete
REC-2255,INVALID_CODE,Analysis of GIS Mapping,Alexander Wright,c. 2005,Univ. of Illinois (UIUC),smith@unlv.edu,2016-03-12,36,-$151.00,Machine Learning,Na&iuml;ve Bayes test
REC-2256,INVALID_CODE,Study on Metadata,Jeffrey Clarke,1998,"Las Vegas, University of Nevada",smith@unlv.edu,2018-11-05,36,107588.45 USD,Metadata,Cost &lt; Budget
REC-2257,PRJ-26-1001,Investigation into Cataloging and Modern Data Pipelines,Smith,c2020,"University of California, Berkeley",smith@unlv.edu,2021-07-22,3,-$264.00,Bioinformatics,Na&iuml;ve Bayes test
REC-2258,INVALID_CODE,Study on GIS Mapping,Geoffrey Clark,2012,MIT,r.johnson@mit.edu,1900-01-01,39,80254.67,Machine Learning,Notes on &quot;UIUC&quot;
REC-2259,PRJ-2026-9900,Study on Bioinformatics,Kathryn Write,2018,Cal Berkeley,contact@lab.org,2099-12-31,4,-$404.00,Bioinformatics,Caf&eacute; study group
REC-2260,prj-2026-1001,Proj A,Smith,2005,"Las Vegas, University of Nevada",a.wright@berkeley.edu,2023-09-30,46,"$125,884.80",Archival Studies,Phase 1 &amp; 2 complete
REC-2261,PRJ-2026-1001,Comprehensive Digital Humanities Data Archival Research Initiative Phase 1,Dr. Doe,'15,"Berkeley, University of California",r.johnson@mit.edu,2025-12-01,45,"$143,129.23",Cataloging,Phase 1 &amp; 2 complete
REC-2262,PRJ-2026-4052,Study on Bioinformatics,Jeffrey Clarke,N/A,Urbana Champaign University of Illinois,contact@lab.org,2023-09-30,32,-$217.00,Cataloging,Cost &lt; Budget
REC-2263,PRJ-2026-1001,Study on Data Science,Brian Stuart,Unknown,"Technology, Massachusetts Institute of",contact@lab.org,2020-01-15,20,-$332.00,Python,Notes on &quot;UIUC&quot;
REC-2264,PRJ-2026-8819,Comprehensive Digital Humanities Data Archival Research Project Phase 2,Dr. Smith,1882,UNLV,a.wright@berkeley.edu,2099-12-31,15,23457.28 USD,Ethics,Phase 1 &amp; 2 complete
REC-2265,,Study on GIS Mapping,Jane Smith,1998,"Urbana-Champaign, University of Illinois",smith@unlv.edu,,16,50322.08 USD,Python,Phase 1 &amp; 2 complete
REC-2266,prj-2026-1001,Analysis of GIS Mapping,Michael OBrown,Pending,M.I.T.,duplicate.user@research.org,2018-11-05,41,"$63,032.13",Python,Notes on &quot;UIUC&quot;
REC-2267,PRJ-2026-8819,Analysis of Bioinformatics,Alexander Wright,2005,University of Illinois at Urbana-Champaign,a.wright@berkeley.edu,2025-12-01,5,"$21,357.45",Metadata,Cost &lt; Budget
REC-2268,prj-2026-1001,Analysis of Python,Johnathan Doe,Pending,MIT,r.johnson@mit.edu,2018-11-05,47,-$460.00,Cataloging,Phase 1 &amp; 2 complete
REC-2269,prj-2026-1001,Analysis of Cataloging,Patricia Taylor Garcia,2020,"Berkeley, University of California",a.wright@berkeley.edu,2018-11-05,20,62639.17 USD,Ethics,Notes on &quot;UIUC&quot;
,,,,,,,,,,Archival Studies,Sub-tag record
,,,,,,,,,,Machine Learning,Sub-tag record
,,,,,,,,,,Python,Sub-tag record
REC-2270,prj-2026-1001,Proj A,Dr. Jane Mary Smith,2005,UIUC,a.wright@berkeley.edu,2020-01-15,19,FREE,Machine Learning,Notes on &quot;UIUC&quot;
REC-2271,INVALID_CODE,Study on Data Science,Bryan Stewart,1998,"Urbana-Champaign, University of Illinois",contact@lab.org,2018-11-05,33,-$304.00,Metadata,Caf&eacute; study group
REC-2272,INVALID_CODE,Study on Data Science,Stephen Miller,c. 2005,Cal Berkeley,smith@unlv.edu,1900-01-01,26,-$398.00,Archival Studies,Notes on &quot;UIUC&quot;
,,,,,,,,,,Ethics,Sub-tag record
,,,,,,,,,,GIS Mapping,Sub-tag record
REC-2273,PRJ-2026-1001,Comprehensive Digital Humanities Data Archival Research Project Phase 1,Dr. Smith,Unknown,Univ of Illinois Urbana Champaign,r.johnson@mit.edu,2016-03-12,32,"$56,589.62",Metadata,Caf&eacute; study group
REC-2274,,Analysis of Ethics,Johnathan Doee,2050,Massachusetts Institute of Technology,duplicate.user@research.org,2099-12-31,34,"$65,538.57",Python,Phase 1 &amp; 2 complete
,,,,,,,,,,GIS Mapping,Sub-tag record
,,,,,,,,,,Ethics,Sub-tag record
REC-2275,PRJ20261001,Proj A,Smith,2005,UC Berkeley,jdoe@illinois.edu,2016-03-12,18,FREE,GIS Mapping,Caf&eacute; study group
REC-2276,PRJ-2026-1001,Comprehensive Digital Humanities Data Archival Research Project Phase 2,Dr. Doe,2022,U.N.L.V.,a.wright@berkeley.edu,2020-01-15,40,"$92,385.37",Data Science,Cost &lt; Budget
REC-2277,PRJ-2026-9900,National Science Foundation Geospatial Analysis Infrastructure Program,Dr. Johnson,2005,M.I.T.,jdoe@illinois.edu,2020-01-15,25,FREE,Archival Studies,Caf&eacute; study group
REC-2278,prj-2026-1001,Investigation into Archival Studies and Modern Data Pipelines,Smith,2015,"Berkeley, University of California",smith@unlv.edu,2025-12-01,25,"$45,896.01",Machine Learning,Cost &lt; Budget
REC-2279,,Study on Ethics,Geoffrey Clark,2020,UC Berkeley,a.wright@berkeley.edu,1900-01-01,37,153723.47,Bioinformatics,Cost &lt; Budget
REC-2280,,Investigation into Cataloging and Modern Data Pipelines,Jane Smith,2018,Massachusetts Institute of Technology,contact@lab.org,2023-09-30,4,FREE,Ethics,Cost &lt; Budget
REC-2281,PRJ-2026-8819,Study on Data Science,Brian Stuart,'15,M.I.T.,contact@lab.org,2018-11-05,6,-$493.00,Cataloging,Caf&eacute; study group
REC-2282,,Proj A,A. PROF. WILSON,2012,UNLV,r.johnson@mit.edu,1900-01-01,5,"$15,062.55",Ethics,Cost &lt; Budget
REC-2283,PRJ-2026-8819,Investigation into GIS Mapping and Modern Data Pipelines,Dr. Jane Mary Smith,2022,UIUC,jdoe@illinois.edu,2018-11-05,34,FREE,Python,Notes on &quot;UIUC&quot;
REC-2284,,Comprehensive Digital Humanities Data Archival Research Project Phase 2,Dr. Smith,2015,Urbana Champaign University of Illinois,jdoe@illinois.edu,,21,78357.93 USD,Machine Learning,Caf&eacute; study group
REC-2285,PRJ-2026-1001,Study on Machine Learning,Jane Smith,Class of 2018,Univ of Illinois Urbana Champaign,jdoe@illinois.edu,2018-11-05,43,FREE,Archival Studies,Caf&eacute; study group
REC-2286,PRJ-2026-1001,Analysis of Ethics,Robert Johnson,Pending,UC Berkeley,contact@lab.org,1900-01-01,24,"$57,614.51",Ethics,Phase 1 &amp; 2 complete
REC-2287,,Investigation into GIS Mapping and Modern Data Pipelines,m. davis,2018,"University of Nevada, Las Vegas",contact@lab.org,2023-09-30,10,FREE,Machine Learning,Notes on &quot;UIUC&quot;
REC-2288,PRJ-26-1001,Study on Python,Bryan Stewart,1882,university of illinois at urbana-champaign,r.johnson@mit.edu,,22,"$42,905.36",GIS Mapping,Notes on &quot;UIUC&quot;
REC-2289,PRJ20261001,Study on Python,Jayne Smyth,Class of 2018,"University of Nevada, Las Vegas",jdoe@illinois.edu,2025-12-01,41,134959.34,GIS Mapping,Caf&eacute; study group
REC-2290,prj-2026-1001,Proj A,m. davis,2021,"Urbana-Champaign, University of Illinois",smith@unlv.edu,2016-03-12,37,-$177.00,Cataloging,Notes on &quot;UIUC&quot;
REC-2291,PRJ-26-1001,Proj A,A. PROF. WILSON,c2020,Univ. of Illinois (UIUC),contact@lab.org,,47,FREE,Python,Phase 1 &amp; 2 complete
REC-2292,prj-2026-1001,Analysis of Cataloging,Robert Jhnson,Pending,U.N.L.V.,duplicate.user@research.org,2018-11-05,38,-$459.00,Ethics,Notes on &quot;UIUC&quot;
REC-2293,prj-2026-1001,Study on Machine Learning,Kristina Tailor,c. 2005,UIUC,jdoe@illinois.edu,1900-01-01,6,FREE,GIS Mapping,Phase 1 &amp; 2 complete
REC-2294,PRJ-2026-8819,Proj A,m. davis,2022,university of illinois at urbana-champaign,contact@lab.org,2099-12-31,14,FREE,Bioinformatics,Phase 1 &amp; 2 complete
REC-2295,PRJ20261001,Study on Data Science,Jeffrey Clarke,1882,Univ of Nevada Las Vegas,jdoe@illinois.edu,1900-01-01,17,74241.73,Data Science,Caf&eacute; study group
REC-2296,INVALID_CODE,Comprehensive Digital Humanities Data Archival Research Project Phase 2,Dr. Doe,N/A,MIT,r.johnson@mit.edu,2016-03-12,24,53035.04,Cataloging,Phase 1 &amp; 2 complete
REC-2297,PRJ-2026-4052,Comprehensive Digital Humanities Data Archival Research Project Phase 2,Dr. Brown,2012,Univ of Nevada Las Vegas,a.wright@berkeley.edu,2099-12-31,13,"$56,167.85",Metadata,Caf&eacute; study group
REC-2298,INVALID_CODE,Investigation into Bioinformatics and Modern Data Pipelines,Jane Smith,,University of Illinois at Urbana-Champaign,a.wright@berkeley.edu,2025-12-01,11,"$25,610.04",Archival Studies,Caf&eacute; study group
REC-2299,PRJ-2026-8819,Investigation into Archival Studies and Modern Data Pipelines,A. PROF. WILSON,'15,Cal Berkeley,jdoe@illinois.edu,2016-03-12,5,"$13,691.71",GIS Mapping,Notes on &quot;UIUC&quot;
REC-2300,prj-2026-1001,Proj A,Dr. Jane Mary Smith,c. 2005,"University of Nevada, Las Vegas",smith@unlv.edu,2016-03-12,27,"$84,862.38",Python,Cost &lt; Budget
REC-2301,PRJ-2026-1001,Proj A,Dr. Jane Mary Smith,Class of 2018,U.N.L.V.,smith@unlv.edu,1900-01-01,44,"$174,023.56",Archival Studies,Cost &lt; Budget
REC-2302,PRJ-2026-9900,Analysis of Ethics,Alexander Wright,Pending,Univ. of Illinois (UIUC),a.wright@berkeley.edu,2023-09-30,40,-$357.00,Machine Learning,Notes on &quot;UIUC&quot;
REC-2303,PRJ-26-1001,National Science Foundation Geospatial Analysis Infrastructure Project,Dr. Brown,c2020,University of Illinois at Urbana-Champaign,jdoe@illinois.edu,2018-11-05,14,24826.54,GIS Mapping,Phase 1 &amp; 2 complete
REC-2304,,Study on Data Science,Kristina Tailor,c2020,Univ of Illinois Urbana Champaign,contact@lab.org,1900-01-01,18,"$53,820.25",Ethics,Phase 1 &amp; 2 complete
REC-2305,PRJ-2026-4052,Proj A,Smith,2018,UIUC,smith@unlv.edu,2099-12-31,42,"$139,153.24",GIS Mapping,Na&iuml;ve Bayes test
REC-2306,PRJ-2026-4052,Study on Archival Studies,Jayne Smyth,2012,Univ of Illinois Urbana Champaign,a.wright@berkeley.edu,2099-12-31,9,37384.9 USD,Metadata,Na&iuml;ve Bayes test
REC-2307,PRJ20261001,National Science Foundation Geospatial Analysis Infrastructure Project,Dr. Smith,2021,Univ of Nevada Las Vegas,r.johnson@mit.edu,,3,"$10,158.18",Archival Studies,Cost &lt; Budget
REC-2308,PRJ20261001,Comprehensive Digital Humanities Data Archival Research Initiative Phase 1,Dr. Doe,2005,"University of California, Berkeley",jdoe@illinois.edu,2020-01-15,31,"$95,100.52",Archival Studies,Na&iuml;ve Bayes test
REC-2309,,Study on Machine Learning,Kristina Tailor,2021,"Technology, Massachusetts Institute of",contact@lab.org,2018-11-05,12,FREE,Bioinformatics,Na&iuml;ve Bayes test
REC-2310,PRJ-2026-9900,National Science Foundation Geospatial Analysis Infrastructure Program,Dr. Brown,1882,Univ of Illinois Urbana Champaign,r.johnson@mit.edu,2016-03-12,38,"$155,415.19",GIS Mapping,Caf&eacute; study group
REC-2311,PRJ-2026-1001,Study on Ethics,Christina Taylor,2012.0,U.N.L.V.,contact@lab.org,2016-03-12,45,FREE,Metadata,Notes on &quot;UIUC&quot;
REC-2312,INVALID_CODE,Analysis of Metadata,Robert Johnson,c2020,Univ of Illinois Urbana Champaign,a.wright@berkeley.edu,,19,51209.41 USD,Python,Cost &lt; Budget
,,,,,,,,,,Machine Learning,Sub-tag record
,,,,,,,,,,Cataloging,Sub-tag record
REC-2313,INVALID_CODE,Study on Python,Stephen Miller,2020,Univ. of Illinois (UIUC),jdoe@illinois.edu,2023-09-30,3,"$8,823.08",Python,Notes on &quot;UIUC&quot;
REC-2314,,Study on GIS Mapping,Christina Taylor,'15,UIUC,jdoe@illinois.edu,2021-07-22,37,-$133.00,Data Science,Na&iuml;ve Bayes test
REC-2315,PRJ-2026-9900,National Science Foundation Geospatial Analysis Infrastructure Program,Dr. Smith,2020,Cal Berkeley,r.johnson@mit.edu,2016-03-12,7,18418.2,Ethics,Notes on &quot;UIUC&quot;
REC-2316,PRJ-2026-4052,Proj A,Dr. Jane Mary Smith,c. 2005,"University of Nevada, Las Vegas",contact@lab.org,2018-11-05,10,41413.93,Bioinformatics,Phase 1 &amp; 2 complete
REC-2317,PRJ-26-1001,National Science Foundation Geospatial Analysis Infrastructure Program,Dr. Doe,2050,"University of California, Berkeley",jdoe@illinois.edu,2099-12-31,23,"$85,867.74",Machine Learning,Notes on &quot;UIUC&quot;
REC-2318,PRJ20261001,Proj A,m. davis,2012,Univ. of Illinois (UIUC),contact@lab.org,,19,"$37,321.58",Archival Studies,Phase 1 &amp; 2 complete
REC-2319,PRJ-26-1001,Analysis of Data Science,Michael O'Brown,'15,Univ. of Illinois (UIUC),a.wright@berkeley.edu,2023-09-30,32,61569.26,Data Science,Caf&eacute; study group
,,,,,,,,,,Archival Studies,Sub-tag record
REC-2320,PRJ20261001,Analysis of Archival Studies,Johnathan Doe,2012.0,Univ of Illinois Urbana Champaign,r.johnson@mit.edu,,6,12897.23 USD,Cataloging,Notes on &quot;UIUC&quot;
REC-2321,PRJ20261001,Study on GIS Mapping,Stephen Miller,'15,university of illinois at urbana-champaign,r.johnson@mit.edu,2020-01-15,39,78712.72,Bioinformatics,Caf&eacute; study group
REC-2322,PRJ20261001,Proj A,Jane Smith,,"Berkeley, University of California",jdoe@illinois.edu,1900-01-01,3,8507.88 USD,Metadata,Caf&eacute; study group
REC-2323,PRJ20261001,Investigation into Cataloging and Modern Data Pipelines,Smith,1882,Urbana Champaign University of Illinois,a.wright@berkeley.edu,1900-01-01,11,-$320.00,Archival Studies,Notes on &quot;UIUC&quot;
REC-2324,INVALID_CODE,Study on Data Science,Catherine Wright,,Univ of Nevada Las Vegas,contact@lab.org,2021-07-22,24,FREE,Python,Notes on &quot;UIUC&quot;
REC-2325,PRJ-26-1001,Study on Metadata,Christina Taylor,1998,M.I.T.,jdoe@illinois.edu,2099-12-31,3,7328.44,Data Science,Caf&eacute; study group
REC-2326,PRJ-2026-4052,Investigation into Archival Studies and Modern Data Pipelines,A. PROF. WILSON,2012.0,UNLV,a.wright@berkeley.edu,2016-03-12,36,FREE,Bioinformatics,Notes on &quot;UIUC&quot;
REC-2327,PRJ20261001,Analysis of Metadata,Robert Johnson,2005,"Urbana-Champaign, University of Illinois",smith@unlv.edu,2018-11-05,32,127692.7 USD,Machine Learning,Phase 1 &amp; 2 complete
REC-2328,PRJ-26-1001,Proj A,Smith,'15,"Urbana-Champaign, University of Illinois",contact@lab.org,2018-11-05,38,-$219.00,Machine Learning,Cost &lt; Budget
,,,,,,,,,,Bioinformatics,Sub-tag record
REC-2329,,Study on Metadata,Stephen Miller,2015,UIUC,a.wright@berkeley.edu,2016-03-12,20,41063.08 USD,Machine Learning,Phase 1 &amp; 2 complete
REC-2330,PRJ-2026-9900,Study on Machine Learning,Catherine Wright,Pending,MIT,jdoe@illinois.edu,2018-11-05,31,"$128,999.74",Data Science,Caf&eacute; study group
REC-2331,prj-2026-1001,Study on Cataloging,Geoffrey Clark,N/A,UIUC,smith@unlv.edu,2023-09-30,10,40890.76 USD,GIS Mapping,Caf&eacute; study group
REC-2332,INVALID_CODE,Proj A,m. davis,2012,"Berkeley, University of California",jdoe@illinois.edu,2025-12-01,25,-$381.00,Cataloging,Cost &lt; Budget
REC-2333,PRJ-2026-8819,Analysis of Metadata,Michael OBrown,2005,M.I.T.,jdoe@illinois.edu,2018-11-05,44,-$319.00,Bioinformatics,Caf&eacute; study group
,,,,,,,,,,Archival Studies,Sub-tag record
,,,,,,,,,,Cataloging,Sub-tag record
REC-2334,PRJ-2026-9900,National Science Foundation Geospatial Analysis Infrastructure Program,Dr. Doe,1882,UIUC,r.johnson@mit.edu,2099-12-31,43,"$140,143.55",Data Science,Cost &lt; Budget
REC-2335,PRJ-2026-8819,Investigation into Data Science and Modern Data Pipelines,Dr. Jane Mary Smith,2012.0,M.I.T.,jdoe@illinois.edu,2016-03-12,60,$100.00,Metadata,Na&iuml;ve Bayes test
REC-2336,PRJ-2026-1001,Study on Machine Learning,Steven Miller,'15,U.N.L.V.,smith@unlv.edu,2023-09-30,5,FREE,Python,Cost &lt; Budget
REC-2337,PRJ-2026-8819,Analysis of Data Science,Michael OBrown,2012,UIUC,jdoe@illinois.edu,2025-12-01,6,FREE,GIS Mapping,Cost &lt; Budget
REC-2338,,Comprehensive Digital Humanities Data Archival Research Project Phase 2,Dr. Smith,2050,Massachusetts Institute of Technology,contact@lab.org,2023-09-30,18,FREE,Cataloging,Notes on &quot;UIUC&quot;
REC-2339,,Proj A,Jane Smith,1882,University of Illinois at Urbana-Champaign,duplicate.user@research.org,2021-07-22,20,"$75,159.52",Data Science,Phase 1 &amp; 2 complete
REC-2340,PRJ-2026-8819,Investigation into Bioinformatics and Modern Data Pipelines,Dr. Jane Mary Smith,2022,Cal Berkeley,jdoe@illinois.edu,2021-07-22,7,20603.56,GIS Mapping,Caf&eacute; study group
REC-2341,PRJ-2026-9900,Analysis of Bioinformatics,Johnathan Doe,Class of 2018,UIUC,contact@lab.org,2099-12-31,9,FREE,Machine Learning,Cost &lt; Budget
REC-2342,PRJ20261001,Analysis of Cataloging,Johnathan Doee,2022,Massachusetts Institute of Technology,r.johnson@mit.edu,2025-12-01,35,118603.31 USD,Machine Learning,Notes on &quot;UIUC&quot;
REC-2343,PRJ-2026-1001,Analysis of Bioinformatics,Johnathan Doe,Pending,Univ of Illinois Urbana Champaign,smith@unlv.edu,2016-03-12,45,-$237.00,Metadata,Na&iuml;ve Bayes test
REC-2344,PRJ-26-1001,Comprehensive Digital Humanities Data Archival Research Project Phase 2,Dr. Smith,2021,UIUC,smith@unlv.edu,2025-12-01,20,FREE,Machine Learning,Phase 1 &amp; 2 complete
REC-2345,PRJ20261001,Comprehensive Digital Humanities Data Archival Research Project Phase 1,Dr. Doe,Pending,"University of California, Berkeley",contact@lab.org,2020-01-15,11,28853.94,Metadata,Cost &lt; Budget
REC-2346,PRJ-2026-8819,Study on GIS Mapping,Bryan Stewart,1882,UNLV,contact@lab.org,2016-03-12,33,98271.18 USD,Bioinformatics,Cost &lt; Budget
REC-2347,PRJ-26-1001,Analysis of Metadata,Michael O'Brown,2050,UC Berkeley,a.wright@berkeley.edu,2018-11-05,6,11986.72 USD,GIS Mapping,Cost &lt; Budget
REC-2348,PRJ-2026-9900,Investigation into Data Science and Modern Data Pipelines,Dr. Jane Mary Smith,2012.0,"University of California, Berkeley",contact@lab.org,,23,82763.48 USD,Metadata,Notes on &quot;UIUC&quot;
REC-2349,PRJ-26-1001,Study on Bioinformatics,Christina Taylor,2022,M.I.T.,smith@unlv.edu,2023-09-30,43,177361.57,Bioinformatics,Notes on &quot;UIUC&quot;
REC-2350,PRJ-2026-8819,Analysis of Metadata,Alexandr Wright,2015,U.N.L.V.,contact@lab.org,2025-12-01,22,-$310.00,GIS Mapping,Caf&eacute; study group
REC-2351,prj-2026-1001,Analysis of Metadata,Johnathan Doee,2012,UIUC,jdoe@illinois.edu,2020-01-15,1,750000.0 USD,Archival Studies,Na&iuml;ve Bayes test
REC-2352,PRJ-26-1001,Study on Data Science,Steven Miller,c. 2005,Univ of Nevada Las Vegas,jdoe@illinois.edu,1900-01-01,33,"$132,259.43",Machine Learning,Notes on &quot;UIUC&quot;
,,,,,,,,,,Data Science,Sub-tag record
REC-2353,PRJ-2026-8819,Study on Python,Brian Stuart,1882,Urbana Champaign University of Illinois,smith@unlv.edu,2023-09-30,40,"$86,663.13",Bioinformatics,Caf&eacute; study group
REC-2354,PRJ-2026-4052,Study on Archival Studies,Brian Stuart,c. 2005,"Urbana-Champaign, University of Illinois",a.wright@berkeley.edu,1900-01-01,30,123327.76 USD,Ethics,Phase 1 &amp; 2 complete
REC-2355,PRJ-2026-9900,Comprehensive Digital Humanities Data Archival Research Project Phase 1,Dr. Smith,c. 2005,UC Berkeley,smith@unlv.edu,2023-09-30,30,FREE,Cataloging,Caf&eacute; study group
REC-2356,PRJ-2026-8819,Analysis of GIS Mapping,Robert Jhnson,2020,"Las Vegas, University of Nevada",r.johnson@mit.edu,2021-07-22,20,83995.69,Cataloging,Phase 1 &amp; 2 complete
REC-2357,PRJ-2026-1001,Investigation into Archival Studies and Modern Data Pipelines,Jane Smith,,Massachusetts Institute of Technology,a.wright@berkeley.edu,1900-01-01,41,-$123.00,Bioinformatics,Notes on &quot;UIUC&quot;
REC-2358,PRJ-2026-4052,Study on Python,Kathryn Write,,Univ of Illinois Urbana Champaign,jdoe@illinois.edu,2099-12-31,15,FREE,GIS Mapping,Na&iuml;ve Bayes test
,,,,,,,,,,Cataloging,Sub-tag record
REC-2359,PRJ-26-1001,Investigation into GIS Mapping and Modern Data Pipelines,Dr. Jane Mary Smith,Unknown,university of illinois at urbana-champaign,r.johnson@mit.edu,1900-01-01,35,-$230.00,Data Science,Cost &lt; Budget
REC-2360,INVALID_CODE,Analysis of Ethics,Patricia Taylor-Garcia,2012,U.N.L.V.,smith@unlv.edu,,47,FREE,GIS Mapping,Na&iuml;ve Bayes test
REC-2361,PRJ-26-1001,Study on Data Science,Kristina Tailor,c. 2005,Cal Berkeley,r.johnson@mit.edu,2099-12-31,28,FREE,Data Science,Cost &lt; Budget
REC-2362,PRJ-2026-1001,Study on Archival Studies,Bryan Stewart,2020,"Berkeley, University of California",a.wright@berkeley.edu,2023-09-30,43,"$117,462.91",Archival Studies,Caf&eacute; study group
REC-2363,PRJ-2026-4052,Comprehensive Digital Humanities Data Archival Research Project Phase 2,Dr. Johnson,2018,MIT,a.wright@berkeley.edu,,25,103385.27,Archival Studies,Caf&eacute; study group
REC-2364,PRJ-2026-4052,Analysis of Bioinformatics,Robert Johnson,2020,"Berkeley, University of California",r.johnson@mit.edu,,41,"$131,764.17",Archival Studies,Cost &lt; Budget
REC-2365,,Analysis of Data Science,Alexander Wright,'15,"University of California, Berkeley",a.wright@berkeley.edu,1900-01-01,18,46620.41 USD,Cataloging,Phase 1 &amp; 2 complete
,,,,,,,,,,Ethics,Sub-tag record
REC-2366,PRJ-2026-9900,Proj A,Dr. Jane Mary Smith,2015,Urbana Champaign University of Illinois,a.wright@berkeley.edu,2016-03-12,10,FREE,Metadata,Caf&eacute; study group
REC-2367,,Investigation into Archival Studies and Modern Data Pipelines,m. davis,2015,university of illinois at urbana-champaign,a.wright@berkeley.edu,,35,-$123.00,Cataloging,Caf&eacute; study group
REC-2368,PRJ-2026-1001,Proj A,Jane Smith,,"University of California, Berkeley",a.wright@berkeley.edu,2025-12-01,45,-$170.00,Machine Learning,Cost &lt; Budget
REC-2369,PRJ-2026-1001,Investigation into GIS Mapping and Modern Data Pipelines,Smith,1882,university of illinois at urbana-champaign,a.wright@berkeley.edu,1900-01-01,6,22725.66 USD,Data Science,Caf&eacute; study group
REC-2370,PRJ-2026-4052,Proj A,Jane Smith,1882,UC Berkeley,a.wright@berkeley.edu,,23,FREE,Cataloging,Notes on &quot;UIUC&quot;
REC-2371,prj-2026-1001,Proj A,Smith,N/A,"Berkeley, University of California",r.johnson@mit.edu,2020-01-15,13,-$374.00,Cataloging,Caf&eacute; study group
REC-2372,INVALID_CODE,Study on Python,Christina Taylor,2015,"Las Vegas, University of Nevada",r.johnson@mit.edu,2099-12-31,41,-$274.00,Archival Studies,Phase 1 &amp; 2 complete
REC-2373,prj-2026-1001,Analysis of Ethics,Johnathan Doee,Class of 2018,UIUC,contact@lab.org,2021-07-22,47,"$166,139.53",Ethics,Phase 1 &amp; 2 complete
REC-2374,PRJ-2026-9900,Study on Data Science,Kathryn Write,c2020,Massachusetts Institute of Technology,r.johnson@mit.edu,2018-11-05,36,"$116,629.02",GIS Mapping,Cost &lt; Budget
REC-2375,PRJ20261001,Analysis of Data Science,Alexandr Wright,Pending,Urbana Champaign University of Illinois,jdoe@illinois.edu,2016-03-12,29,"$98,380.54",Data Science,Na&iuml;ve Bayes test
REC-2376,PRJ20261001,Analysis of Ethics,Johnathan Doe,,"Urbana-Champaign, University of Illinois",jdoe@illinois.edu,2020-01-15,13,42924.89 USD,GIS Mapping,Caf&eacute; study group
REC-2377,PRJ-26-1001,Comprehensive Digital Humanities Data Archival Research Project Phase 1,Dr. Johnson,Pending,University of Illinois at Urbana-Champaign,contact@lab.org,2020-01-15,8,-$101.00,Machine Learning,Caf&eacute; study group
REC-2378,PRJ-2026-1001,Investigation into Metadata and Modern Data Pipelines,Smith,c2020,Massachusetts Institute of Technology,contact@lab.org,,18,60744.62 USD,Bioinformatics,Notes on &quot;UIUC&quot;
,,,,,,,,,,Cataloging,Sub-tag record
REC-2379,PRJ-2026-8819,Comprehensive Digital Humanities Data Archival Research Initiative Phase 1,Dr. Johnson,c. 2005,Urbana Champaign University of Illinois,a.wright@berkeley.edu,2023-09-30,46,182342.2 USD,Machine Learning,Cost &lt; Budget
REC-2380,PRJ-2026-9900,Analysis of GIS Mapping,Johnathan Doe,'15,Univ. of Illinois (UIUC),r.johnson@mit.edu,1900-01-01,1,FREE,Archival Studies,Na&iuml;ve Bayes test
REC-2381,PRJ20261001,Comprehensive Digital Humanities Data Archival Research Project Phase 1,Dr. Doe,1882,UIUC,contact@lab.org,1900-01-01,27,93071.04 USD,Cataloging,Phase 1 &amp; 2 complete
,,,,,,,,,,Bioinformatics,Sub-tag record
,,,,,,,,,,Metadata,Sub-tag record
REC-2382,,Analysis of Python,Patricia Taylor Garcia,N/A,"University of Nevada, Las Vegas",jdoe@illinois.edu,2099-12-31,20,FREE,GIS Mapping,Cost &lt; Budget
REC-2383,INVALID_CODE,Analysis of Archival Studies,Johnathan Doee,2012,M.I.T.,r.johnson@mit.edu,1900-01-01,11,"$24,117.10",Archival Studies,Notes on &quot;UIUC&quot;
REC-2384,PRJ-2026-8819,Proj A,Dr. Jane Mary Smith,2050,U.N.L.V.,a.wright@berkeley.edu,2020-01-15,14,46402.95 USD,Bioinformatics,Phase 1 &amp; 2 complete
REC-2385,INVALID_CODE,Analysis of Bioinformatics,Johnathan Doee,Pending,university of illinois at urbana-champaign,contact@lab.org,2020-01-15,27,-$407.00,Metadata,Notes on &quot;UIUC&quot;
REC-2386,PRJ20261001,Analysis of Ethics,Michael OBrown,c2020,M.I.T.,a.wright@berkeley.edu,2099-12-31,30,"$46,112.16",Ethics,Na&iuml;ve Bayes test
REC-2387,,Analysis of GIS Mapping,Johnathan Doe,2012,Cal Berkeley,smith@unlv.edu,2021-07-22,11,"$29,780.88",GIS Mapping,Na&iuml;ve Bayes test
,,,,,,,,,,Ethics,Sub-tag record
REC-2388,prj-2026-1001,Study on Archival Studies,Christina Taylor,2022,Massachusetts Institute of Technology,jdoe@illinois.edu,2021-07-22,39,66773.88,Cataloging,Phase 1 &amp; 2 complete
REC-2389,INVALID_CODE,Investigation into Metadata and Modern Data Pipelines,Dr. Jane Mary Smith,2018,Univ. of Illinois (UIUC),contact@lab.org,2025-12-01,45,FREE,Data Science,Caf&eacute; study group
REC-2390,PRJ-2026-1001,Comprehensive Digital Humanities Data Archival Research Project Phase 1,Dr. Doe,2005,"University of California, Berkeley",smith@unlv.edu,2099-12-31,9,30304.4,Bioinformatics,Caf&eacute; study group
REC-2391,PRJ-2026-1001,Analysis of Ethics,Alexander Wright,2012.0,"Urbana-Champaign, University of Illinois",smith@unlv.edu,2018-11-05,18,"$60,909.17",Bioinformatics,Caf&eacute; study group
REC-2392,prj-2026-1001,Investigation into Ethics and Modern Data Pipelines,Smith,c. 2005,UC Berkeley,smith@unlv.edu,2016-03-12,22,"$65,389.67",Python,Cost &lt; Budget
REC-2393,PRJ-2026-1001,Analysis of Archival Studies,Johnathan Doe,c. 2005,Cal Berkeley,jdoe@illinois.edu,2016-03-12,15,"$51,406.36",Python,Caf&eacute; study group
REC-2394,PRJ-2026-4052,Study on Metadata,Steven Miller,2022,"Urbana-Champaign, University of Illinois",contact@lab.org,2021-07-22,16,FREE,Metadata,Na&iuml;ve Bayes test
REC-2395,prj-2026-1001,Comprehensive Digital Humanities Data Archival Research Initiative Phase 1,Dr. Johnson,'15,MIT,jdoe@illinois.edu,2099-12-31,37,FREE,Python,Caf&eacute; study group
REC-2396,PRJ-2026-4052,Study on Archival Studies,Jane Smith,c. 2005,"Technology, Massachusetts Institute of",contact@lab.org,2099-12-31,47,149088.2,Cataloging,Phase 1 &amp; 2 complete
REC-2397,PRJ-2026-1001,Analysis of Machine Learning,Alexander Wright,2012.0,Univ of Nevada Las Vegas,r.johnson@mit.edu,2018-11-05,35,52652.84,Machine Learning,Na&iuml;ve Bayes test
REC-2398,INVALID_CODE,Study on Archival Studies,Geoffrey Clark,Class of 2018,Univ of Nevada Las Vegas,contact@lab.org,2025-12-01,10,"$42,654.77",Archival Studies,Notes on &quot;UIUC&quot;
REC-2399,PRJ-2026-4052,Study on Cataloging,Jayne Smyth,'15,University of Illinois at Urbana-Champaign,r.johnson@mit.edu,,18,-$176.00,Ethics,Cost &lt; Budget
REC-2400,PRJ-2026-9900,Study on Bioinformatics,Kristina Tailor,2005,Massachusetts Institute of Technology,jdoe@illinois.edu,,37,117069.81,Data Science,Cost &lt; Budget
REC-2401,PRJ-26-1001,Proj A,A. PROF. WILSON,c2020,Univ. of Illinois (UIUC),contact@lab.org,2018-11-05,30,FREE,Cataloging,Caf&eacute; study group
REC-2402,PRJ20261001,Comprehensive Digital Humanities Data Archival Research Project Phase 2,Dr. Brown,2018,Urbana Champaign University of Illinois,contact@lab.org,2023-09-30,35,"$147,827.72",Bioinformatics,Cost &lt; Budget
REC-2403,PRJ-2026-4052,Investigation into Ethics and Modern Data Pipelines,Smith,2005,"Urbana-Champaign, University of Illinois",duplicate.user@research.org,2018-11-05,47,159217.41,Machine Learning,Na&iuml;ve Bayes test
REC-2404,,Study on Metadata,Stephen Miller,c2020,Massachusetts Institute of Technology,r.johnson@mit.edu,2023-09-30,6,15172.38 USD,Machine Learning,Na&iuml;ve Bayes test
REC-2405,PRJ-2026-8819,Study on Data Science,Bryan Stewart,Pending,"Las Vegas, University of Nevada",smith@unlv.edu,2016-03-12,33,116633.93 USD,GIS Mapping,Cost &lt; Budget
REC-2406,PRJ-2026-9900,Comprehensive Digital Humanities Data Archival Research Initiative Phase 1,Dr. Johnson,2018,M.I.T.,smith@unlv.edu,2018-11-05,21,"$56,095.30",Python,Caf&eacute; study group
REC-2407,PRJ-2026-8819,Analysis of Archival Studies,Alexandr Wright,N/A,Massachusetts Institute of Technology,a.wright@berkeley.edu,2021-07-22,39,"$102,483.45",Data Science,Cost &lt; Budget
REC-2408,,Analysis of Ethics,Robert Jhnson,2015,"Las Vegas, University of Nevada",a.wright@berkeley.edu,2099-12-31,27,"$82,371.86",Data Science,Phase 1 &amp; 2 complete
REC-2409,PRJ-26-1001,Investigation into Data Science and Modern Data Pipelines,Jane Smith,2012,Massachusetts Institute of Technology,jdoe@illinois.edu,2016-03-12,44,77580.36 USD,Data Science,Notes on &quot;UIUC&quot;
REC-2410,PRJ-2026-9900,Study on Data Science,Jane Smith,2021,UC Berkeley,jdoe@illinois.edu,2016-03-12,4,13299.72,Cataloging,Notes on &quot;UIUC&quot;
REC-2411,INVALID_CODE,Investigation into Archival Studies and Modern Data Pipelines,Dr. Jane Mary Smith,2021,"University of Nevada, Las Vegas",smith@unlv.edu,2016-03-12,37,FREE,Archival Studies,Phase 1 &amp; 2 complete
REC-2412,PRJ-2026-8819,Comprehensive Digital Humanities Data Archival Research Initiative Phase 1,Dr. Brown,Class of 2018,UNLV,contact@lab.org,2016-03-12,38,166741.45,Python,Cost &lt; Budget
REC-2413,INVALID_CODE,Analysis of Ethics,Alexandr Wright,1882,University of Illinois at Urbana-Champaign,contact@lab.org,2025-12-01,21,87337.85,Bioinformatics,Cost &lt; Budget
REC-2414,PRJ-2026-1001,Investigation into Metadata and Modern Data Pipelines,Jane Smith,2021,Univ. of Illinois (UIUC),a.wright@berkeley.edu,2025-12-01,18,79353.4 USD,Bioinformatics,Caf&eacute; study group
REC-2415,INVALID_CODE,Analysis of Data Science,Patricia Taylor-Garcia,2015,MIT,smith@unlv.edu,1900-01-01,25,"$97,483.27",Python,Phase 1 &amp; 2 complete
REC-2416,INVALID_CODE,Study on Cataloging,Jayne Smyth,2020,University of Illinois at Urbana-Champaign,jdoe@illinois.edu,2099-12-31,6,15243.5 USD,Python,Phase 1 &amp; 2 complete
REC-2417,PRJ20261001,Analysis of Machine Learning,Michael OBrown,2012,Urbana Champaign University of Illinois,r.johnson@mit.edu,2023-09-30,19,70219.61,Python,Phase 1 &amp; 2 complete
REC-2418,,Investigation into Data Science and Modern Data Pipelines,A. PROF. WILSON,2021,MIT,jdoe@illinois.edu,,22,88942.42 USD,Bioinformatics,Caf&eacute; study group
REC-2419,PRJ20261001,Comprehensive Digital Humanities Data Archival Research Project Phase 1,Dr. Brown,2012,"Berkeley, University of California",r.johnson@mit.edu,2023-09-30,38,165852.4,Data Science,Na&iuml;ve Bayes test
REC-2420,PRJ-2026-1001,Analysis of Archival Studies,Michael O'Brown,2020,M.I.T.,smith@unlv.edu,2018-11-05,4,13241.64 USD,Cataloging,Na&iuml;ve Bayes test
REC-2421,prj-2026-1001,Analysis of Archival Studies,Michael O'Brown,2022,Urbana Champaign University of Illinois,a.wright@berkeley.edu,2023-09-30,38,162057.77,Metadata,Phase 1 &amp; 2 complete
REC-2422,PRJ-2026-8819,Proj A,m. davis,2005,Univ of Nevada Las Vegas,smith@unlv.edu,2021-07-22,44,FREE,Metadata,Na&iuml;ve Bayes test
REC-2423,PRJ-2026-8819,Study on Data Science,Brian Stuart,N/A,university of illinois at urbana-champaign,smith@unlv.edu,,16,70153.31 USD,Ethics,Cost &lt; Budget
REC-2424,prj-2026-1001,Analysis of Archival Studies,Alexandr Wright,c. 2005,UNLV,r.johnson@mit.edu,2025-12-01,6,25467.1 USD,Machine Learning,Notes on &quot;UIUC&quot;
REC-2425,prj-2026-1001,Analysis of Machine Learning,Alexander Wright,2015,University of Illinois at Urbana-Champaign,a.wright@berkeley.edu,2021-07-22,14,53485.19 USD,Metadata,Notes on &quot;UIUC&quot;
REC-2426,,Analysis of Archival Studies,Robert Jhnson,1998,Urbana Champaign University of Illinois,a.wright@berkeley.edu,2016-03-12,22,"$81,187.47",Archival Studies,Caf&eacute; study group
REC-2427,PRJ-26-1001,Study on Data Science,Stephen Miller,c2020,"University of Nevada, Las Vegas",r.johnson@mit.edu,2020-01-15,22,41927.96,Data Science,Na&iuml;ve Bayes test
REC-2428,INVALID_CODE,Proj A,Dr. Jane Mary Smith,Class of 2018,M.I.T.,duplicate.user@research.org,2099-12-31,30,FREE,Data Science,Cost &lt; Budget
REC-2429,PRJ-26-1001,Proj A,Jane Smith,c2020,"University of Nevada, Las Vegas",contact@lab.org,1900-01-01,7,16437.21 USD,Archival Studies,Cost &lt; Budget
REC-2430,,Analysis of Cataloging,Johnathan Doe,2050,UC Berkeley,contact@lab.org,2023-09-30,19,-$318.00,Python,Na&iuml;ve Bayes test
,,,,,,,,,,Ethics,Sub-tag record
,,,,,,,,,,Data Science,Sub-tag record
,,,,,,,,,,Metadata,Sub-tag record
REC-2431,prj-2026-1001,Analysis of Bioinformatics,Michael O'Brown,1998,"Las Vegas, University of Nevada",smith@unlv.edu,1900-01-01,13,-$460.00,Ethics,Phase 1 &amp; 2 complete
REC-2432,PRJ-2026-9900,Study on Machine Learning,Christina Taylor,'15,UNLV,r.johnson@mit.edu,2023-09-30,1,750000.0 USD,Metadata,Phase 1 &amp; 2 complete
REC-2433,PRJ-26-1001,Analysis of Ethics,Michael O'Brown,Unknown,"Las Vegas, University of Nevada",smith@unlv.edu,1900-01-01,47,-$496.00,Metadata,Caf&eacute; study group
REC-2434,prj-2026-1001,Analysis of Ethics,Michael OBrown,2018,M.I.T.,contact@lab.org,2018-11-05,27,FREE,GIS Mapping,Caf&eacute; study group
REC-2435,INVALID_CODE,Comprehensive Digital Humanities Data Archival Research Initiative Phase 1,Dr. Brown,2050,MIT,r.johnson@mit.edu,2016-03-12,46,130247.54,Bioinformatics,Cost &lt; Budget
REC-2436,PRJ-2026-4052,Analysis of Data Science,Alexandr Wright,Pending,Cal Berkeley,a.wright@berkeley.edu,2016-03-12,12,33018.51 USD,Data Science,Na&iuml;ve Bayes test
REC-2437,PRJ-26-1001,Study on Python,Kathryn Write,,MIT,r.johnson@mit.edu,2099-12-31,23,57116.7,Python,Na&iuml;ve Bayes test
REC-2438,INVALID_CODE,Study on Bioinformatics,Steven Miller,2015,Univ of Nevada Las Vegas,duplicate.user@research.org,,29,FREE,Data Science,Caf&eacute; study group
REC-2439,PRJ-2026-8819,National Science Foundation Geospatial Analysis Infrastructure Program,Dr. Smith,2012.0,Massachusetts Institute of Technology,jdoe@illinois.edu,2020-01-15,19,-$401.00,GIS Mapping,Cost &lt; Budget
REC-2440,INVALID_CODE,Study on Cataloging,Stephen Miller,,Urbana Champaign University of Illinois,contact@lab.org,2016-03-12,23,"$91,120.17",Archival Studies,Na&iuml;ve Bayes test
REC-2441,PRJ-2026-8819,Study on Data Science,Steven Miller,'15,Cal Berkeley,r.johnson@mit.edu,2021-07-22,6,12120.45,Ethics,Na&iuml;ve Bayes test
REC-2442,PRJ-2026-1001,Analysis of GIS Mapping,Johnathan Doe,1998,university of illinois at urbana-champaign,contact@lab.org,1900-01-01,33,-$349.00,GIS Mapping,Phase 1 &amp; 2 complete
REC-2443,prj-2026-1001,National Science Foundation Geospatial Analysis Infrastructure Project,Dr. Doe,2021,Univ of Nevada Las Vegas,a.wright@berkeley.edu,,5,14460.58,Bioinformatics,Phase 1 &amp; 2 complete
REC-2444,prj-2026-1001,Proj A,Dr. Jane Mary Smith,c. 2005,UC Berkeley,smith@unlv.edu,2016-03-12,43,"$162,703.62",Bioinformatics,Cost &lt; Budget
REC-2445,PRJ-2026-9900,Study on GIS Mapping,Stephen Miller,2022,Univ of Nevada Las Vegas,jdoe@illinois.edu,2018-11-05,41,FREE,GIS Mapping,Cost &lt; Budget
REC-2446,PRJ20261001,Study on GIS Mapping,Kathryn Write,2018,Univ. of Illinois (UIUC),contact@lab.org,2099-12-31,30,-$287.00,Machine Learning,Caf&eacute; study group
REC-2447,PRJ-2026-8819,National Science Foundation Geospatial Analysis Infrastructure Project,Dr. Smith,Class of 2018,"Technology, Massachusetts Institute of",contact@lab.org,2021-07-22,11,44190.27,Ethics,Phase 1 &amp; 2 complete
REC-2448,PRJ-2026-8819,Proj A,A. PROF. WILSON,N/A,UC Berkeley,smith@unlv.edu,1900-01-01,26,95360.58 USD,GIS Mapping,Phase 1 &amp; 2 complete
REC-2449,PRJ-2026-9900,Analysis of Archival Studies,Robert Jhnson,,"Las Vegas, University of Nevada",a.wright@berkeley.edu,2016-03-12,40,"$85,636.37",Ethics,Caf&eacute; study group
REC-2450,PRJ-26-1001,Study on Metadata,Catherine Wright,2022,"Las Vegas, University of Nevada",r.johnson@mit.edu,2023-09-30,40,160317.07 USD,Cataloging,Caf&eacute; study group
REC-2451,PRJ-2026-1001,Analysis of Cataloging,Robert Johnson,2021,M.I.T.,contact@lab.org,2020-01-15,46,"$183,198.38",Python,Notes on &quot;UIUC&quot;
,,,,,,,,,,GIS Mapping,Sub-tag record
,,,,,,,,,,Bioinformatics,Sub-tag record
REC-2452,PRJ-2026-4052,Investigation into Ethics and Modern Data Pipelines,Smith,Pending,MIT,r.johnson@mit.edu,2099-12-31,23,-$139.00,Ethics,Caf&eacute; study group
REC-2453,PRJ-26-1001,Study on Archival Studies,Catherine Wright,2020,"University of California, Berkeley",jdoe@illinois.edu,2099-12-31,40,-$411.00,Bioinformatics,Na&iuml;ve Bayes test
REC-2454,INVALID_CODE,Analysis of Cataloging,Robert Johnson,Class of 2018,"University of California, Berkeley",a.wright@berkeley.edu,2021-07-22,12,52541.45 USD,Metadata,Na&iuml;ve Bayes test
REC-2455,PRJ-2026-1001,Analysis of Machine Learning,Alexandr Wright,2021,UIUC,contact@lab.org,2025-12-01,37,-$431.00,Ethics,Phase 1 &amp; 2 complete
REC-2456,INVALID_CODE,Proj A,Smith,Unknown,University of Illinois at Urbana-Champaign,duplicate.user@research.org,1900-01-01,10,-$167.00,Metadata,Na&iuml;ve Bayes test
REC-2457,INVALID_CODE,Analysis of Cataloging,Robert Johnson,Class of 2018,"University of Nevada, Las Vegas",contact@lab.org,2023-09-30,5,11139.16,Python,Na&iuml;ve Bayes test
,,,,,,,,,,Archival Studies,Sub-tag record
,,,,,,,,,,GIS Mapping,Sub-tag record
REC-2458,PRJ20261001,Proj A,A. PROF. WILSON,2012.0,UNLV,jdoe@illinois.edu,2099-12-31,13,FREE,Python,Notes on &quot;UIUC&quot;
REC-2459,,Comprehensive Digital Humanities Data Archival Research Initiative Phase 1,Dr. Smith,2018,MIT,jdoe@illinois.edu,2099-12-31,17,51845.49,GIS Mapping,Na&iuml;ve Bayes test
REC-2460,PRJ-2026-1001,Comprehensive Digital Humanities Data Archival Research Project Phase 1,Dr. Doe,'15,university of illinois at urbana-champaign,a.wright@berkeley.edu,2018-11-05,44,"$170,712.80",Ethics,Notes on &quot;UIUC&quot;
REC-2461,PRJ20261001,Investigation into Python and Modern Data Pipelines,Smith,2020,"Berkeley, University of California",contact@lab.org,2099-12-31,6,FREE,GIS Mapping,Na&iuml;ve Bayes test
REC-2462,prj-2026-1001,National Science Foundation Geospatial Analysis Infrastructure Program,Dr. Johnson,'15,"University of California, Berkeley",a.wright@berkeley.edu,2016-03-12,30,110306.63 USD,Data Science,Notes on &quot;UIUC&quot;
REC-2463,,Study on Metadata,Kathryn Write,c. 2005,Cal Berkeley,a.wright@berkeley.edu,2021-07-22,34,FREE,Metadata,Phase 1 &amp; 2 complete
REC-2464,PRJ-2026-4052,Investigation into Machine Learning and Modern Data Pipelines,Jane Smith,1998,"Berkeley, University of California",smith@unlv.edu,2025-12-01,48,FREE,Cataloging,Na&iuml;ve Bayes test
REC-2465,,Analysis of Bioinformatics,Michael OBrown,2020,U.N.L.V.,r.johnson@mit.edu,2021-07-22,27,42441.25 USD,GIS Mapping,Na&iuml;ve Bayes test
REC-2466,PRJ-26-1001,National Science Foundation Geospatial Analysis Infrastructure Program,Dr. Brown,c2020,Univ of Nevada Las Vegas,jdoe@illinois.edu,2025-12-01,8,34117.87 USD,Machine Learning,Na&iuml;ve Bayes test
REC-2467,PRJ-2026-4052,Proj A,Smith,2015,UNLV,smith@unlv.edu,,38,65185.8,Machine Learning,Phase 1 &amp; 2 complete
REC-2468,,Analysis of Archival Studies,Patricia Taylor-Garcia,2018,Massachusetts Institute of Technology,r.johnson@mit.edu,2021-07-22,21,FREE,Metadata,Caf&eacute; study group
REC-2469,PRJ-2026-1001,Proj A,Dr. Jane Mary Smith,2022,University of Illinois at Urbana-Champaign,r.johnson@mit.edu,1900-01-01,15,41202.73 USD,Bioinformatics,Notes on &quot;UIUC&quot;
REC-2470,PRJ-2026-9900,Proj A,m. davis,2022,University of Illinois at Urbana-Champaign,a.wright@berkeley.edu,2023-09-30,5,FREE,Cataloging,Notes on &quot;UIUC&quot;
REC-2471,PRJ-2026-9900,Comprehensive Digital Humanities Data Archival Research Project Phase 1,Dr. Smith,Pending,Urbana Champaign University of Illinois,contact@lab.org,1900-01-01,4,7125.45 USD,Python,Caf&eacute; study group
REC-2472,PRJ-2026-8819,Analysis of Bioinformatics,Patricia Taylor Garcia,Class of 2018,Univ of Illinois Urbana Champaign,contact@lab.org,2021-07-22,25,42200.03,Python,Notes on &quot;UIUC&quot;
REC-2473,PRJ20261001,Investigation into Metadata and Modern Data Pipelines,Dr. Jane Mary Smith,2021,"Urbana-Champaign, University of Illinois",smith@unlv.edu,2020-01-15,39,126893.11,Bioinformatics,Caf&eacute; study group
REC-2474,INVALID_CODE,National Science Foundation Geospatial Analysis Infrastructure Project,Dr. Johnson,2005,UIUC,a.wright@berkeley.edu,2023-09-30,5,-$265.00,Python,Phase 1 &amp; 2 complete
,,,,,,,,,,Ethics,Sub-tag record
REC-2475,,Study on Cataloging,Christina Taylor,'15,Univ of Nevada Las Vegas,r.johnson@mit.edu,1900-01-01,37,FREE,GIS Mapping,Caf&eacute; study group
REC-2476,PRJ-26-1001,Proj A,Jane Smith,2012.0,Univ of Nevada Las Vegas,jdoe@illinois.edu,2099-12-31,15,"$29,196.76",Archival Studies,Cost &lt; Budget
REC-2477,prj-2026-1001,Proj A,A. PROF. WILSON,2022,university of illinois at urbana-champaign,jdoe@illinois.edu,2016-03-12,18,50803.86 USD,Ethics,Na&iuml;ve Bayes test
REC-2478,PRJ20261001,Analysis of Python,Johnathan Doe,2018,"University of California, Berkeley",contact@lab.org,2021-07-22,40,"$70,116.93",GIS Mapping,Phase 1 &amp; 2 complete
REC-2479,PRJ20261001,Analysis of Bioinformatics,Robert Jhnson,2021,UIUC,jdoe@illinois.edu,,9,14724.11 USD,Python,Phase 1 &amp; 2 complete
REC-2480,PRJ-2026-1001,Investigation into Metadata and Modern Data Pipelines,Dr. Jane Mary Smith,2018,MIT,contact@lab.org,2020-01-15,45,"$94,219.55",GIS Mapping,Caf&eacute; study group
REC-2481,,Analysis of Data Science,Michael OBrown,2005,"Urbana-Champaign, University of Illinois",smith@unlv.edu,1900-01-01,47,"$203,375.71",Metadata,Cost &lt; Budget
REC-2482,INVALID_CODE,Analysis of Machine Learning,Patricia Taylor-Garcia,2022,"Las Vegas, University of Nevada",duplicate.user@research.org,2099-12-31,7,-$389.00,Machine Learning,Phase 1 &amp; 2 complete
REC-2483,prj-2026-1001,Proj A,m. davis,2022,"University of California, Berkeley",smith@unlv.edu,2016-03-12,17,-$166.00,Metadata,Phase 1 &amp; 2 complete
REC-2484,PRJ-2026-9900,Study on Data Science,Jeffrey Clarke,2018,Univ of Illinois Urbana Champaign,jdoe@illinois.edu,2023-09-30,17,FREE,Metadata,Na&iuml;ve Bayes test
REC-2485,PRJ-2026-9900,National Science Foundation Geospatial Analysis Infrastructure Project,Dr. Doe,2021,Massachusetts Institute of Technology,smith@unlv.edu,2023-09-30,29,102596.92,GIS Mapping,Cost &lt; Budget
REC-2486,PRJ-2026-8819,Analysis of GIS Mapping,Alexandr Wright,Pending,Cal Berkeley,jdoe@illinois.edu,2023-09-30,30,FREE,Python,Na&iuml;ve Bayes test
REC-2487,PRJ-26-1001,Analysis of Archival Studies,Robert Johnson,Class of 2018,"University of Nevada, Las Vegas",contact@lab.org,2020-01-15,17,"$43,666.78",Metadata,Na&iuml;ve Bayes test
REC-2488,PRJ-2026-8819,Investigation into Python and Modern Data Pipelines,m. davis,2020,UC Berkeley,a.wright@berkeley.edu,2025-12-01,35,58860.76 USD,Machine Learning,Notes on &quot;UIUC&quot;
REC-2489,PRJ-26-1001,Comprehensive Digital Humanities Data Archival Research Initiative Phase 1,Dr. Brown,2012,"University of Nevada, Las Vegas",contact@lab.org,2020-01-15,20,85428.24 USD,Python,Cost &lt; Budget
REC-2490,PRJ-2026-9900,Analysis of Bioinformatics,Patricia Taylor Garcia,2050,Univ. of Illinois (UIUC),r.johnson@mit.edu,2020-01-15,48,180716.86 USD,Metadata,Cost &lt; Budget
REC-2491,INVALID_CODE,Comprehensive Digital Humanities Data Archival Research Initiative Phase 1,Dr. Smith,2020,M.I.T.,a.wright@berkeley.edu,2021-07-22,23,53230.29,Python,Na&iuml;ve Bayes test
REC-2492,prj-2026-1001,Investigation into Data Science and Modern Data Pipelines,Jane Smith,c2020,Univ of Illinois Urbana Champaign,smith@unlv.edu,2099-12-31,42,-$436.00,Python,Na&iuml;ve Bayes test
,,,,,,,,,,Cataloging,Sub-tag record
REC-2493,PRJ-2026-1001,Study on Ethics,Jayne Smyth,Pending,Urbana Champaign University of Illinois,smith@unlv.edu,2099-12-31,27,FREE,Data Science,Notes on &quot;UIUC&quot;
REC-2494,,Study on Bioinformatics,Geoffrey Clark,1882,M.I.T.,jdoe@illinois.edu,2020-01-15,39,FREE,GIS Mapping,Caf&eacute; study group
REC-2495,PRJ-2026-8819,Investigation into GIS Mapping and Modern Data Pipelines,Jane Smith,2005,Massachusetts Institute of Technology,r.johnson@mit.edu,2020-01-15,21,53201.78 USD,Cataloging,Caf&eacute; study group
REC-2496,prj-2026-1001,Study on GIS Mapping,Kathryn Write,1998,University of Illinois at Urbana-Champaign,contact@lab.org,,10,20445.66 USD,Bioinformatics,Phase 1 &amp; 2 complete
REC-2497,INVALID_CODE,Comprehensive Digital Humanities Data Archival Research Project Phase 1,Dr. Brown,N/A,Cal Berkeley,jdoe@illinois.edu,,17,"$56,104.20",Bioinformatics,Notes on &quot;UIUC&quot;
REC-2498,prj-2026-1001,Study on Data Science,Steven Miller,c2020,Univ of Illinois Urbana Champaign,smith@unlv.edu,2016-03-12,17,39380.94,Bioinformatics,Phase 1 &amp; 2 complete
REC-2499,prj-2026-1001,Proj A,Jane Smith,2018,"Las Vegas, University of Nevada",contact@lab.org,2018-11-05,30,FREE,Ethics,Phase 1 &amp; 2 complete
,,,,,,,,,,Machine Learning,Sub-tag record
,,,,,,,,,,Data Science,Sub-tag record
REC-2500,PRJ-2026-1001,Proj A,Smith,2018,University of Illinois at Urbana-Champaign,smith@unlv.edu,2020-01-15,29,"$117,729.77",Ethics,Na&iuml;ve Bayes test
REC-2501,prj-2026-1001,Study on Data Science,Christina Taylor,'15,"University of Nevada, Las Vegas",smith@unlv.edu,,19,"$79,124.84",Cataloging,Cost &lt; Budget
REC-2502,PRJ-2026-4052,Study on Archival Studies,Kathryn Write,2021,UC Berkeley,contact@lab.org,2021-07-22,8,19774.21 USD,Machine Learning,Na&iuml;ve Bayes test
REC-2503,PRJ-2026-8819,Proj A,Smith,2050,Univ of Illinois Urbana Champaign,jdoe@illinois.edu,2023-09-30,3,-$384.00,Machine Learning,Caf&eacute; study group
REC-2504,PRJ-26-1001,Comprehensive Digital Humanities Data Archival Research Project Phase 1,Dr. Smith,1882,Univ. of Illinois (UIUC),r.johnson@mit.edu,2020-01-15,7,-$209.00,Archival Studies,Caf&eacute; study group
REC-2505,PRJ-2026-9900,National Science Foundation Geospatial Analysis Infrastructure Program,Dr. Brown,N/A,"Las Vegas, University of Nevada",jdoe@illinois.edu,,43,-$156.00,Bioinformatics,Phase 1 &amp; 2 complete
REC-2506,PRJ-2026-1001,Study on Metadata,Bryan Stewart,2022,"University of Nevada, Las Vegas",r.johnson@mit.edu,2018-11-05,24,"$51,681.24",Bioinformatics,Notes on &quot;UIUC&quot;
REC-2507,PRJ-2026-8819,Analysis of Ethics,Robert Jhnson,2012.0,Univ of Nevada Las Vegas,r.johnson@mit.edu,2099-12-31,3,5750.38,Machine Learning,Cost &lt; Budget
REC-2508,INVALID_CODE,Investigation into Ethics and Modern Data Pipelines,A. PROF. WILSON,,"University of California, Berkeley",r.johnson@mit.edu,1900-01-01,39,-$213.00,Data Science,Na&iuml;ve Bayes test
REC-2509,PRJ-2026-9900,National Science Foundation Geospatial Analysis Infrastructure Project,Dr. Smith,N/A,UNLV,a.wright@berkeley.edu,2025-12-01,21,FREE,Machine Learning,Cost &lt; Budget
REC-2510,prj-2026-1001,Investigation into Bioinformatics and Modern Data Pipelines,Jane Smith,2012.0,Univ. of Illinois (UIUC),jdoe@illinois.edu,1900-01-01,45,73282.51,GIS Mapping,Phase 1 &amp; 2 complete
REC-2511,PRJ-2026-1001,Study on Bioinformatics,Steven Miller,N/A,"University of California, Berkeley",r.johnson@mit.edu,,9,"$37,177.62",Bioinformatics,Caf&eacute; study group
REC-2512,PRJ-2026-1001,Investigation into Data Science and Modern Data Pipelines,A. PROF. WILSON,Unknown,Univ of Illinois Urbana Champaign,smith@unlv.edu,2099-12-31,35,"$128,112.08",Metadata,Caf&eacute; study group
REC-2513,PRJ-2026-1001,Analysis of Metadata,Michael OBrown,2005,UIUC,r.johnson@mit.edu,,12,36936.32,GIS Mapping,Cost &lt; Budget
REC-2514,PRJ-2026-9900,Study on Data Science,Jayne Smyth,Class of 2018,"Berkeley, University of California",jdoe@illinois.edu,2025-12-01,18,"$45,739.58",Python,Phase 1 &amp; 2 complete
REC-2515,PRJ-2026-8819,Analysis of Archival Studies,Patricia Taylor-Garcia,2005,Univ. of Illinois (UIUC),contact@lab.org,2016-03-12,43,154826.94,Ethics,Caf&eacute; study group
REC-2516,PRJ-2026-1001,Study on Ethics,Bryan Stewart,2015,"University of Nevada, Las Vegas",contact@lab.org,2018-11-05,9,30295.61,Machine Learning,Phase 1 &amp; 2 complete
REC-2517,INVALID_CODE,National Science Foundation Geospatial Analysis Infrastructure Project,Dr. Doe,Class of 2018,Univ of Illinois Urbana Champaign,contact@lab.org,2099-12-31,43,"$81,127.18",Ethics,Cost &lt; Budget
REC-2518,PRJ-2026-9900,Analysis of Python,Johnathan Doee,1882,M.I.T.,jdoe@illinois.edu,2099-12-31,10,"$35,029.03",Archival Studies,Na&iuml;ve Bayes test
REC-2519,PRJ-26-1001,National Science Foundation Geospatial Analysis Infrastructure Program,Dr. Doe,2050,Cal Berkeley,duplicate.user@research.org,,34,-$392.00,Data Science,Cost &lt; Budget
REC-2520,PRJ-2026-1001,National Science Foundation Geospatial Analysis Infrastructure Project,Dr. Doe,N/A,University of Illinois at Urbana-Champaign,a.wright@berkeley.edu,2023-09-30,36,-$319.00,Data Science,Cost &lt; Budget
,,,,,,,,,,Bioinformatics,Sub-tag record
REC-2521,PRJ-26-1001,National Science Foundation Geospatial Analysis Infrastructure Program,Dr. Brown,2012,"University of Nevada, Las Vegas",r.johnson@mit.edu,2099-12-31,23,44429.21 USD,Cataloging,Phase 1 &amp; 2 complete
REC-2522,PRJ-2026-9900,Investigation into Machine Learning and Modern Data Pipelines,A. PROF. WILSON,1882,UC Berkeley,r.johnson@mit.edu,2016-03-12,33,-$414.00,Bioinformatics,Na&iuml;ve Bayes test
REC-2523,PRJ-26-1001,Comprehensive Digital Humanities Data Archival Research Initiative Phase 1,Dr. Johnson,Unknown,MIT,smith@unlv.edu,2016-03-12,14,FREE,Metadata,Na&iuml;ve Bayes test
REC-2524,prj-2026-1001,Analysis of Data Science,Patricia Taylor-Garcia,2020,Univ of Nevada Las Vegas,smith@unlv.edu,2018-11-05,28,92429.62,Python,Cost &lt; Budget
REC-2525,PRJ-2026-1001,Investigation into Data Science and Modern Data Pipelines,Dr. Jane Mary Smith,Unknown,UIUC,a.wright@berkeley.edu,2020-01-15,31,FREE,Metadata,Cost &lt; Budget
REC-2526,,Comprehensive Digital Humanities Data Archival Research Initiative Phase 1,Dr. Johnson,2012,UIUC,r.johnson@mit.edu,2020-01-15,5,FREE,Bioinformatics,Na&iuml;ve Bayes test
REC-2527,PRJ-2026-8819,Analysis of Archival Studies,Alexander Wright,2021,UIUC,smith@unlv.edu,2020-01-15,29,FREE,Python,Phase 1 &amp; 2 complete
REC-2528,INVALID_CODE,Analysis of Bioinformatics,Alexandr Wright,1998,Massachusetts Institute of Technology,jdoe@illinois.edu,2021-07-22,5,"$22,067.65",Metadata,Notes on &quot;UIUC&quot;
REC-2529,PRJ-2026-4052,Study on Python,Geoffrey Clark,2005,University of Illinois at Urbana-Champaign,a.wright@berkeley.edu,2016-03-12,44,98144.46,Archival Studies,Phase 1 &amp; 2 complete
REC-2530,PRJ-26-1001,Proj A,Smith,2015,"Urbana-Champaign, University of Illinois",contact@lab.org,1900-01-01,14,56350.83 USD,GIS Mapping,Phase 1 &amp; 2 complete
REC-2531,PRJ20261001,Investigation into Ethics and Modern Data Pipelines,Smith,'15,U.N.L.V.,duplicate.user@research.org,2020-01-15,60,100.0,Cataloging,Notes on &quot;UIUC&quot;
REC-2532,PRJ-2026-4052,Analysis of Bioinformatics,Michael OBrown,Pending,MIT,contact@lab.org,2023-09-30,31,FREE,Machine Learning,Cost &lt; Budget
REC-2533,PRJ20261001,Comprehensive Digital Humanities Data Archival Research Project Phase 2,Dr. Johnson,2021,Cal Berkeley,a.wright@berkeley.edu,1900-01-01,24,FREE,Bioinformatics,Caf&eacute; study group
REC-2534,PRJ20261001,Study on Metadata,Steven Miller,2020,"Berkeley, University of California",r.johnson@mit.edu,,7,-$130.00,Cataloging,Phase 1 &amp; 2 complete
REC-2535,PRJ20261001,Study on Archival Studies,Kristina Tailor,Pending,"Berkeley, University of California",duplicate.user@research.org,1900-01-01,11,21488.56 USD,Python,Notes on &quot;UIUC&quot;
REC-2536,INVALID_CODE,Analysis of Bioinformatics,Johnathan Doe,'15,"University of California, Berkeley",r.johnson@mit.edu,2021-07-22,21,-$259.00,Data Science,Caf&eacute; study group
REC-2537,PRJ-2026-8819,Study on Python,Kristina Tailor,2050,"University of Nevada, Las Vegas",contact@lab.org,2021-07-22,19,-$437.00,Bioinformatics,Phase 1 &amp; 2 complete
REC-2538,PRJ20261001,Proj A,A. PROF. WILSON,1882,M.I.T.,jdoe@illinois.edu,,34,-$136.00,Python,Notes on &quot;UIUC&quot;
REC-2539,INVALID_CODE,Analysis of Machine Learning,Alexandr Wright,Class of 2018,Univ of Illinois Urbana Champaign,jdoe@illinois.edu,2025-12-01,28,66598.32 USD,Cataloging,Notes on &quot;UIUC&quot;
REC-2540,PRJ-26-1001,Comprehensive Digital Humanities Data Archival Research Project Phase 2,Dr. Smith,2005,M.I.T.,r.johnson@mit.edu,2021-07-22,26,91466.02,Bioinformatics,Notes on &quot;UIUC&quot;
REC-2541,PRJ-2026-8819,Investigation into GIS Mapping and Modern Data Pipelines,m. davis,'15,"University of California, Berkeley",smith@unlv.edu,2023-09-30,26,"$103,775.96",Metadata,Na&iuml;ve Bayes test
REC-2542,PRJ-26-1001,National Science Foundation Geospatial Analysis Infrastructure Program,Dr. Smith,2022,UC Berkeley,a.wright@berkeley.edu,1900-01-01,10,"$19,289.84",Metadata,Na&iuml;ve Bayes test
REC-2543,PRJ20261001,Proj A,m. davis,2012,Cal Berkeley,jdoe@illinois.edu,2021-07-22,20,"$81,988.36",Machine Learning,Cost &lt; Budget
REC-2544,prj-2026-1001,Comprehensive Digital Humanities Data Archival Research Initiative Phase 1,Dr. Brown,2005,University of Illinois at Urbana-Champaign,smith@unlv.edu,2099-12-31,47,"$202,323.46",Python,Caf&eacute; study group
REC-2545,PRJ-2026-1001,Proj A,A. PROF. WILSON,2021,U.N.L.V.,r.johnson@mit.edu,2099-12-31,44,FREE,Archival Studies,Phase 1 &amp; 2 complete
REC-2546,PRJ-26-1001,Analysis of Metadata,Michael OBrown,2050,"Urbana-Champaign, University of Illinois",r.johnson@mit.edu,2018-11-05,31,FREE,Cataloging,Caf&eacute; study group
REC-2547,PRJ-2026-1001,Analysis of Data Science,Alexandr Wright,2020,Univ of Illinois Urbana Champaign,smith@unlv.edu,2016-03-12,20,37590.01,Ethics,Na&iuml;ve Bayes test
REC-2548,PRJ-2026-1001,Analysis of Cataloging,Michael O'Brown,Pending,"Technology, Massachusetts Institute of",a.wright@berkeley.edu,,47,146676.29 USD,Machine Learning,Notes on &quot;UIUC&quot;
REC-2549,PRJ-2026-8819,Analysis of Python,Robert Jhnson,'15,Univ of Nevada Las Vegas,contact@lab.org,2016-03-12,29,"$67,854.06",Cataloging,Na&iuml;ve Bayes test
REC-2550,PRJ-2026-4052,Analysis of Machine Learning,Patricia Taylor-Garcia,1998,UC Berkeley,jdoe@illinois.edu,2018-11-05,10,-$466.00,Data Science,Cost &lt; Budget
REC-2551,PRJ-2026-1001,Study on Ethics,Stephen Miller,2018,UC Berkeley,jdoe@illinois.edu,2023-09-30,7,17819.99 USD,Python,Phase 1 &amp; 2 complete
REC-2552,prj-2026-1001,Study on Python,Kristina Tailor,,Urbana Champaign University of Illinois,jdoe@illinois.edu,,32,-$125.00,Data Science,Notes on &quot;UIUC&quot;
REC-2553,PRJ20261001,Study on Python,Catherine Wright,'15,Massachusetts Institute of Technology,a.wright@berkeley.edu,,41,66075.82 USD,Machine Learning,Cost &lt; Budget
REC-2554,PRJ-26-1001,Proj A,A. PROF. WILSON,2021,M.I.T.,jdoe@illinois.edu,,36,"$159,598.73",Archival Studies,Caf&eacute; study group
REC-2555,PRJ-2026-1001,Proj A,m. davis,2005,Urbana Champaign University of Illinois,a.wright@berkeley.edu,2025-12-01,37,FREE,Ethics,Phase 1 &amp; 2 complete
REC-2556,PRJ-26-1001,Study on Python,Brian Stuart,2022,MIT,smith@unlv.edu,2021-07-22,40,-$183.00,Bioinformatics,Notes on &quot;UIUC&quot;
REC-2557,PRJ-26-1001,Investigation into Machine Learning and Modern Data Pipelines,Jane Smith,c. 2005,M.I.T.,jdoe@illinois.edu,,30,-$206.00,Data Science,Cost &lt; Budget
,,,,,,,,,,Metadata,Sub-tag record
REC-2558,INVALID_CODE,Comprehensive Digital Humanities Data Archival Research Project Phase 2,Dr. Doe,2005,MIT,a.wright@berkeley.edu,,7,"$23,897.40",Metadata,Notes on &quot;UIUC&quot;
REC-2559,,National Science Foundation Geospatial Analysis Infrastructure Program,Dr. Johnson,2012,Univ of Illinois Urbana Champaign,duplicate.user@research.org,2099-12-31,3,-$341.00,Data Science,Notes on &quot;UIUC&quot;
REC-2560,PRJ-2026-4052,Proj A,Jane Smith,Unknown,M.I.T.,jdoe@illinois.edu,,11,39378.7 USD,Bioinformatics,Cost &lt; Budget
REC-2561,PRJ-2026-4052,Analysis of Data Science,Johnathan Doe,Pending,University of Illinois at Urbana-Champaign,smith@unlv.edu,2016-03-12,20,38448.74,Archival Studies,Notes on &quot;UIUC&quot;
REC-2562,INVALID_CODE,Analysis of Archival Studies,Johnathan Doee,Unknown,MIT,contact@lab.org,2018-11-05,33,60225.31,Bioinformatics,Na&iuml;ve Bayes test
REC-2563,INVALID_CODE,National Science Foundation Geospatial Analysis Infrastructure Program,Dr. Brown,N/A,MIT,contact@lab.org,,20,-$465.00,Metadata,Notes on &quot;UIUC&quot;
REC-2564,PRJ-2026-9900,National Science Foundation Geospatial Analysis Infrastructure Program,Dr. Doe,1998,U.N.L.V.,contact@lab.org,2020-01-15,40,69112.66,Data Science,Notes on &quot;UIUC&quot;
REC-2565,PRJ-26-1001,Investigation into Python and Modern Data Pipelines,Smith,2012,M.I.T.,jdoe@illinois.edu,2099-12-31,24,"$38,674.21",Metadata,Na&iuml;ve Bayes test
,,,,,,,,,,Bioinformatics,Sub-tag record
,,,,,,,,,,Data Science,Sub-tag record
REC-2566,prj-2026-1001,Study on Bioinformatics,Brian Stuart,1882,U.N.L.V.,smith@unlv.edu,2099-12-31,38,FREE,GIS Mapping,Cost &lt; Budget
REC-2567,INVALID_CODE,Analysis of Machine Learning,Patricia Taylor Garcia,2005,Cal Berkeley,contact@lab.org,2099-12-31,19,-$311.00,Bioinformatics,Na&iuml;ve Bayes test
REC-2568,PRJ-2026-8819,Comprehensive Digital Humanities Data Archival Research Project Phase 2,Dr. Doe,1998,University of Illinois at Urbana-Champaign,a.wright@berkeley.edu,1900-01-01,36,69334.6 USD,GIS Mapping,Caf&eacute; study group
REC-2569,PRJ-2026-1001,Analysis of GIS Mapping,Robert Johnson,2018,University of Illinois at Urbana-Champaign,smith@unlv.edu,,8,19300.66 USD,Python,Caf&eacute; study group
REC-2570,PRJ-2026-4052,Study on Python,Brian Stuart,1998,Univ of Nevada Las Vegas,a.wright@berkeley.edu,1900-01-01,44,FREE,Python,Notes on &quot;UIUC&quot;
REC-2571,PRJ-2026-1001,Proj A,Jane Smith,2020,University of Illinois at Urbana-Champaign,jdoe@illinois.edu,2016-03-12,40,-$327.00,Data Science,Na&iuml;ve Bayes test
REC-2572,PRJ-2026-4052,Comprehensive Digital Humanities Data Archival Research Project Phase 2,Dr. Smith,2012,"University of California, Berkeley",r.johnson@mit.edu,2025-12-01,41,-$449.00,Cataloging,Na&iuml;ve Bayes test
,,,,,,,,,,Data Science,Sub-tag record
,,,,,,,,,,Metadata,Sub-tag record
,,,,,,,,,,Python,Sub-tag record
REC-2573,PRJ-2026-1001,Analysis of Machine Learning,Robert Jhnson,N/A,"University of Nevada, Las Vegas",contact@lab.org,,11,38754.51 USD,Python,Phase 1 &amp; 2 complete
REC-2574,PRJ-2026-4052,Comprehensive Digital Humanities Data Archival Research Initiative Phase 1,Dr. Brown,2015,MIT,smith@unlv.edu,2018-11-05,46,FREE,Cataloging,Phase 1 &amp; 2 complete
REC-2575,PRJ-2026-8819,Study on Cataloging,Brian Stuart,Pending,Cal Berkeley,r.johnson@mit.edu,2018-11-05,10,FREE,Cataloging,Na&iuml;ve Bayes test
REC-2576,PRJ20261001,Proj A,m. davis,c2020,Univ of Illinois Urbana Champaign,a.wright@berkeley.edu,2018-11-05,28,FREE,Ethics,Na&iuml;ve Bayes test
REC-2577,PRJ-2026-1001,Analysis of Bioinformatics,Robert Johnson,,"Berkeley, University of California",r.johnson@mit.edu,2018-11-05,43,85328.99 USD,Metadata,Caf&eacute; study group
REC-2578,PRJ-2026-9900,Analysis of Archival Studies,Robert Jhnson,,"University of California, Berkeley",duplicate.user@research.org,2099-12-31,28,125118.88,Ethics,Caf&eacute; study group
REC-2579,PRJ-26-1001,Study on Cataloging,Kathryn Write,2050,UNLV,smith@unlv.edu,2025-12-01,32,62620.22,Archival Studies,Na&iuml;ve Bayes test
REC-2580,PRJ-2026-1001,Proj A,Dr. Jane Mary Smith,2012.0,"Berkeley, University of California",contact@lab.org,2025-12-01,48,207531.42,Archival Studies,Phase 1 &amp; 2 complete
REC-2581,PRJ-26-1001,Study on Ethics,Kathryn Write,1998,UC Berkeley,smith@unlv.edu,1900-01-01,37,"$114,649.33",GIS Mapping,Cost &lt; Budget
REC-2582,prj-2026-1001,Investigation into Data Science and Modern Data Pipelines,Smith,2015,"Urbana-Champaign, University of Illinois",smith@unlv.edu,2023-09-30,14,42959.83 USD,Archival Studies,Na&iuml;ve Bayes test
REC-2583,PRJ-2026-9900,Comprehensive Digital Humanities Data Archival Research Project Phase 1,Dr. Brown,2015,"University of Nevada, Las Vegas",contact@lab.org,2016-03-12,12,"$30,236.23",Bioinformatics,Phase 1 &amp; 2 complete
,,,,,,,,,,Data Science,Sub-tag record
,,,,,,,,,,Cataloging,Sub-tag record
,,,,,,,,,,Metadata,Sub-tag record
REC-2584,PRJ-2026-8819,Analysis of Data Science,Alexander Wright,2012.0,Massachusetts Institute of Technology,smith@unlv.edu,2021-07-22,16,-$108.00,Data Science,Notes on &quot;UIUC&quot;
REC-2585,INVALID_CODE,Study on Data Science,Catherine Wright,Class of 2018,Univ. of Illinois (UIUC),a.wright@berkeley.edu,2020-01-15,39,FREE,GIS Mapping,Cost &lt; Budget
REC-2586,PRJ-26-1001,Study on Archival Studies,Christina Taylor,Class of 2018,university of illinois at urbana-champaign,contact@lab.org,1900-01-01,27,84462.76 USD,Python,Caf&eacute; study group
REC-2587,prj-2026-1001,Comprehensive Digital Humanities Data Archival Research Initiative Phase 1,Dr. Johnson,Class of 2018,"University of Nevada, Las Vegas",jdoe@illinois.edu,1900-01-01,37,129055.26 USD,Ethics,Caf&eacute; study group
REC-2588,,Analysis of GIS Mapping,Patricia Taylor-Garcia,2012,"Berkeley, University of California",r.johnson@mit.edu,1900-01-01,34,73015.1 USD,Ethics,Notes on &quot;UIUC&quot;
REC-2589,PRJ20261001,Comprehensive Digital Humanities Data Archival Research Project Phase 2,Dr. Doe,Pending,University of Illinois at Urbana-Champaign,contact@lab.org,2016-03-12,21,46853.3 USD,Ethics,Na&iuml;ve Bayes test
REC-2590,PRJ-26-1001,Analysis of Bioinformatics,Patricia Taylor Garcia,c. 2005,Cal Berkeley,jdoe@illinois.edu,2016-03-12,6,"$15,501.21",Ethics,Cost &lt; Budget
REC-2591,prj-2026-1001,National Science Foundation Geospatial Analysis Infrastructure Program,Dr. Brown,2015,UIUC,smith@unlv.edu,2020-01-15,39,63844.37 USD,Archival Studies,Na&iuml;ve Bayes test
REC-2592,PRJ-2026-4052,Analysis of Python,Alexandr Wright,2012,University of Illinois at Urbana-Champaign,jdoe@illinois.edu,1900-01-01,25,"$45,745.40",Data Science,Notes on &quot;UIUC&quot;
REC-2593,PRJ-26-1001,Comprehensive Digital Humanities Data Archival Research Project Phase 1,Dr. Johnson,1882,UIUC,smith@unlv.edu,2021-07-22,32,FREE,Archival Studies,Phase 1 &amp; 2 complete
REC-2594,PRJ-2026-1001,Comprehensive Digital Humanities Data Archival Research Project Phase 1,Dr. Doe,2021,Univ of Illinois Urbana Champaign,r.johnson@mit.edu,2023-09-30,14,58166.61,Bioinformatics,Notes on &quot;UIUC&quot;
REC-2595,,Proj A,Jane Smith,,"Urbana-Champaign, University of Illinois",smith@unlv.edu,2021-07-22,25,63642.12,GIS Mapping,Na&iuml;ve Bayes test
REC-2596,PRJ-26-1001,Proj A,Smith,2021,UNLV,r.johnson@mit.edu,2025-12-01,17,"$60,620.53",Bioinformatics,Cost &lt; Budget
REC-2597,prj-2026-1001,Analysis of Machine Learning,Robert Jhnson,Pending,"Technology, Massachusetts Institute of",a.wright@berkeley.edu,1900-01-01,11,44413.25,Python,Phase 1 &amp; 2 complete
REC-2598,,Investigation into Bioinformatics and Modern Data Pipelines,Jane Smith,2005,Univ of Illinois Urbana Champaign,jdoe@illinois.edu,2023-09-30,44,FREE,Data Science,Na&iuml;ve Bayes test
,,,,,,,,,,Bioinformatics,Sub-tag record
,,,,,,,,,,GIS Mapping,Sub-tag record
,,,,,,,,,,Machine Learning,Sub-tag record
REC-2599,PRJ-26-1001,Study on Cataloging,Bryan Stewart,2012,University of Illinois at Urbana-Champaign,contact@lab.org,2018-11-05,6,"$14,593.76",Ethics,Caf&eacute; study group
REC-2600,PRJ-2026-8819,Analysis of Bioinformatics,Michael O'Brown,2012,MIT,jdoe@illinois.edu,2021-07-22,36,-$119.00,Python,Cost &lt; Budget
REC-2601,INVALID_CODE,Study on Metadata,Kristina Tailor,2022,"Urbana-Champaign, University of Illinois",smith@unlv.edu,2023-09-30,46,FREE,Cataloging,Cost &lt; Budget
REC-2602,PRJ-2026-8819,Study on Archival Studies,Steven Miller,2012.0,U.N.L.V.,a.wright@berkeley.edu,2018-11-05,21,68699.61,Cataloging,Phase 1 &amp; 2 complete
REC-2603,PRJ-26-1001,Study on Cataloging,Bryan Stewart,2012,"Las Vegas, University of Nevada",contact@lab.org,2021-07-22,46,FREE,Archival Studies,Phase 1 &amp; 2 complete
REC-2604,PRJ-2026-4052,Investigation into Machine Learning and Modern Data Pipelines,Smith,N/A,University of Illinois at Urbana-Champaign,contact@lab.org,2099-12-31,24,94240.65 USD,Metadata,Na&iuml;ve Bayes test
REC-2605,PRJ-2026-8819,Study on Machine Learning,Kathryn Write,,"Urbana-Champaign, University of Illinois",contact@lab.org,2020-01-15,18,"$48,441.79",Archival Studies,Phase 1 &amp; 2 complete
REC-2606,,Analysis of Archival Studies,Robert Jhnson,2015,Univ of Illinois Urbana Champaign,contact@lab.org,2099-12-31,60,100.0,Machine Learning,Caf&eacute; study group
REC-2607,PRJ-2026-8819,Comprehensive Digital Humanities Data Archival Research Project Phase 1,Dr. Doe,Class of 2018,Univ of Nevada Las Vegas,jdoe@illinois.edu,2016-03-12,27,-$224.00,Ethics,Notes on &quot;UIUC&quot;
REC-2608,,Study on GIS Mapping,Stephen Miller,2018,U.N.L.V.,r.johnson@mit.edu,1900-01-01,6,"$13,279.31",Cataloging,Caf&eacute; study group
REC-2609,PRJ-2026-8819,National Science Foundation Geospatial Analysis Infrastructure Program,Dr. Brown,'15,U.N.L.V.,contact@lab.org,2021-07-22,9,FREE,Metadata,Caf&eacute; study group
REC-2610,INVALID_CODE,Proj A,Jane Smith,2021,UNLV,r.johnson@mit.edu,2016-03-12,13,"$25,306.99",Ethics,Phase 1 &amp; 2 complete
REC-2611,INVALID_CODE,Analysis of Metadata,Patricia Taylor-Garcia,1882,"Urbana-Champaign, University of Illinois",jdoe@illinois.edu,,43,117528.63 USD,Cataloging,Phase 1 &amp; 2 complete
REC-2612,,Study on Archival Studies,Christina Taylor,c2020,"University of Nevada, Las Vegas",a.wright@berkeley.edu,2023-09-30,14,"$22,939.27",Machine Learning,Caf&eacute; study group
REC-2613,PRJ-2026-9900,Comprehensive Digital Humanities Data Archival Research Project Phase 1,Dr. Smith,2015,M.I.T.,a.wright@berkeley.edu,2023-09-30,4,-$410.00,Metadata,Na&iuml;ve Bayes test
REC-2614,PRJ-2026-4052,Analysis of Python,Robert Jhnson,2021,university of illinois at urbana-champaign,contact@lab.org,2023-09-30,26,71784.63 USD,Bioinformatics,Cost &lt; Budget
REC-2615,PRJ-2026-4052,National Science Foundation Geospatial Analysis Infrastructure Program,Dr. Johnson,2005,Univ of Illinois Urbana Champaign,a.wright@berkeley.edu,2021-07-22,46,-$356.00,Metadata,Caf&eacute; study group
REC-2616,PRJ20261001,Investigation into Python and Modern Data Pipelines,Jane Smith,2022,Univ of Illinois Urbana Champaign,a.wright@berkeley.edu,,26,FREE,Cataloging,Notes on &quot;UIUC&quot;
REC-2617,INVALID_CODE,Proj A,Dr. Jane Mary Smith,1998,Univ. of Illinois (UIUC),r.johnson@mit.edu,2018-11-05,28,FREE,Cataloging,Cost &lt; Budget
REC-2618,prj-2026-1001,Analysis of Machine Learning,Johnathan Doee,Pending,university of illinois at urbana-champaign,jdoe@illinois.edu,2020-01-15,21,"$63,715.60",Ethics,Phase 1 &amp; 2 complete
REC-2619,PRJ-26-1001,Investigation into Bioinformatics and Modern Data Pipelines,Jane Smith,2015,M.I.T.,a.wright@berkeley.edu,1900-01-01,27,88545.57 USD,Cataloging,Na&iuml;ve Bayes test
REC-2620,PRJ20261001,Proj A,A. PROF. WILSON,2015,University of Illinois at Urbana-Champaign,smith@unlv.edu,2021-07-22,47,189354.44,Metadata,Caf&eacute; study group
REC-2621,PRJ-2026-9900,Analysis of Metadata,Alexandr Wright,2018,M.I.T.,contact@lab.org,2023-09-30,19,FREE,Machine Learning,Phase 1 &amp; 2 complete
REC-2622,PRJ-2026-1001,Proj A,Jane Smith,Unknown,Univ of Nevada Las Vegas,smith@unlv.edu,2018-11-05,47,152757.84 USD,Archival Studies,Na&iuml;ve Bayes test
REC-2623,PRJ20261001,National Science Foundation Geospatial Analysis Infrastructure Project,Dr. Brown,,Cal Berkeley,contact@lab.org,2023-09-30,42,138633.7,Metadata,Na&iuml;ve Bayes test
REC-2624,PRJ-26-1001,Study on GIS Mapping,Kathryn Write,N/A,"Berkeley, University of California",a.wright@berkeley.edu,,37,"$129,082.96",Archival Studies,Phase 1 &amp; 2 complete
REC-2625,PRJ-2026-8819,Analysis of Cataloging,Patricia Taylor Garcia,N/A,Univ of Illinois Urbana Champaign,jdoe@illinois.edu,2099-12-31,31,122571.78 USD,GIS Mapping,Cost &lt; Budget
REC-2626,,Proj A,Jane Smith,2050,university of illinois at urbana-champaign,smith@unlv.edu,2016-03-12,13,"$46,710.28",Data Science,Caf&eacute; study group
REC-2627,PRJ-2026-4052,Investigation into Bioinformatics and Modern Data Pipelines,Smith,1998,U.N.L.V.,smith@unlv.edu,1900-01-01,47,"$97,920.26",Cataloging,Notes on &quot;UIUC&quot;
REC-2628,prj-2026-1001,Study on Ethics,Catherine Wright,Class of 2018,UNLV,jdoe@illinois.edu,2016-03-12,13,42953.69,Python,Notes on &quot;UIUC&quot;
REC-2629,PRJ-2026-8819,Analysis of Cataloging,Patricia Taylor-Garcia,2050,Cal Berkeley,jdoe@illinois.edu,2099-12-31,16,FREE,Python,Cost &lt; Budget
REC-2630,PRJ-26-1001,National Science Foundation Geospatial Analysis Infrastructure Program,Dr. Smith,2020,Univ of Nevada Las Vegas,smith@unlv.edu,,19,75928.07 USD,Machine Learning,Phase 1 &amp; 2 complete
REC-2631,prj-2026-1001,Analysis of Data Science,Michael OBrown,1882,Univ of Illinois Urbana Champaign,contact@lab.org,2025-12-01,16,-$228.00,Machine Learning,Cost &lt; Budget
REC-2632,PRJ20261001,Comprehensive Digital Humanities Data Archival Research Project Phase 2,Dr. Brown,2012,"Urbana-Champaign, University of Illinois",duplicate.user@research.org,1900-01-01,24,-$123.00,Bioinformatics,Na&iuml;ve Bayes test
REC-2633,PRJ-2026-1001,National Science Foundation Geospatial Analysis Infrastructure Project,Dr. Johnson,Pending,"Berkeley, University of California",r.johnson@mit.edu,,14,50509.96 USD,Cataloging,Na&iuml;ve Bayes test
REC-2634,PRJ-2026-9900,National Science Foundation Geospatial Analysis Infrastructure Program,Dr. Smith,,Massachusetts Institute of Technology,smith@unlv.edu,2099-12-31,31,FREE,Cataloging,Notes on &quot;UIUC&quot;
REC-2635,prj-2026-1001,Comprehensive Digital Humanities Data Archival Research Project Phase 2,Dr. Smith,2022,"Las Vegas, University of Nevada",smith@unlv.edu,2018-11-05,17,"$66,848.68",Cataloging,Na&iuml;ve Bayes test
REC-2636,prj-2026-1001,Analysis of GIS Mapping,Michael OBrown,2021,University of Illinois at Urbana-Champaign,jdoe@illinois.edu,2023-09-30,38,156478.13,Data Science,Cost &lt; Budget
REC-2637,PRJ-2026-4052,Analysis of Python,Patricia Taylor Garcia,'15,University of Illinois at Urbana-Champaign,r.johnson@mit.edu,2018-11-05,7,31077.37 USD,Data Science,Na&iuml;ve Bayes test
REC-2638,PRJ-2026-4052,Comprehensive Digital Humanities Data Archival Research Initiative Phase 1,Dr. Smith,2012.0,M.I.T.,contact@lab.org,2021-07-22,22,FREE,Python,Caf&eacute; study group
REC-2639,PRJ-2026-4052,Study on Data Science,Christina Taylor,2005,"University of California, Berkeley",jdoe@illinois.edu,2016-03-12,23,FREE,Metadata,Notes on &quot;UIUC&quot;
REC-2640,INVALID_CODE,Study on Cataloging,Christina Taylor,c2020,M.I.T.,a.wright@berkeley.edu,2020-01-15,17,37317.35 USD,GIS Mapping,Notes on &quot;UIUC&quot;
REC-2641,prj-2026-1001,Study on Ethics,Jane Smith,2015,Urbana Champaign University of Illinois,smith@unlv.edu,2020-01-15,12,28586.02 USD,Metadata,Cost &lt; Budget
REC-2642,PRJ-2026-9900,Analysis of Cataloging,Patricia Taylor Garcia,,"Las Vegas, University of Nevada",smith@unlv.edu,2023-09-30,9,-$295.00,GIS Mapping,Notes on &quot;UIUC&quot;
REC-2643,PRJ-2026-8819,Study on Python,Brian Stuart,2005,"Las Vegas, University of Nevada",contact@lab.org,1900-01-01,38,"$94,593.72",Cataloging,Na&iuml;ve Bayes test
REC-2644,,National Science Foundation Geospatial Analysis Infrastructure Project,Dr. Smith,2005,U.N.L.V.,contact@lab.org,2025-12-01,33,"$133,009.27",Bioinformatics,Na&iuml;ve Bayes test
REC-2645,INVALID_CODE,Proj A,Dr. Jane Mary Smith,2021,UNLV,a.wright@berkeley.edu,2025-12-01,10,-$203.00,Python,Phase 1 &amp; 2 complete
,,,,,,,,,,GIS Mapping,Sub-tag record
,,,,,,,,,,Machine Learning,Sub-tag record
,,,,,,,,,,Archival Studies,Sub-tag record
REC-2646,INVALID_CODE,Investigation into GIS Mapping and Modern Data Pipelines,Jane Smith,c2020,Cal Berkeley,contact@lab.org,1900-01-01,42,136003.23 USD,Machine Learning,Caf&eacute; study group
,,,,,,,,,,Archival Studies,Sub-tag record
,,,,,,,,,,Python,Sub-tag record
,,,,,,,,,,Bioinformatics,Sub-tag record
REC-2647,PRJ-2026-1001,Study on Machine Learning,Catherine Wright,Pending,Univ of Nevada Las Vegas,jdoe@illinois.edu,2021-07-22,48,206257.27 USD,Bioinformatics,Na&iuml;ve Bayes test
REC-2648,,Investigation into Bioinformatics and Modern Data Pipelines,Dr. Jane Mary Smith,2015,UNLV,jdoe@illinois.edu,,46,82237.23 USD,GIS Mapping,Caf&eacute; study group
REC-2649,PRJ-2026-1001,Analysis of Cataloging,Michael OBrown,N/A,U.N.L.V.,r.johnson@mit.edu,2023-09-30,4,13748.56 USD,Cataloging,Cost &lt; Budget
REC-2650,INVALID_CODE,Proj A,Dr. Jane Mary Smith,Class of 2018,Univ. of Illinois (UIUC),contact@lab.org,2018-11-05,37,120748.84,Machine Learning,Caf&eacute; study group
REC-2651,,Comprehensive Digital Humanities Data Archival Research Project Phase 2,Dr. Smith,2018,UNLV,smith@unlv.edu,2025-12-01,14,52733.94,Machine Learning,Caf&eacute; study group
REC-2652,,Investigation into Ethics and Modern Data Pipelines,Jane Smith,2012,UC Berkeley,a.wright@berkeley.edu,2016-03-12,35,"$89,333.37",Machine Learning,Caf&eacute; study group
REC-2653,PRJ-26-1001,Study on Metadata,Jane Smith,1882,MIT,contact@lab.org,2018-11-05,3,-$288.00,Archival Studies,Na&iuml;ve Bayes test
REC-2654,PRJ-26-1001,Investigation into Ethics and Modern Data Pipelines,Dr. Jane Mary Smith,2018,M.I.T.,a.wright@berkeley.edu,1900-01-01,15,FREE,GIS Mapping,Notes on &quot;UIUC&quot;
REC-2655,PRJ-2026-9900,Analysis of Ethics,Alexandr Wright,c2020,Cal Berkeley,smith@unlv.edu,2018-11-05,12,25062.35,Bioinformatics,Na&iuml;ve Bayes test
REC-2656,prj-2026-1001,Study on Data Science,Catherine Wright,2012,MIT,a.wright@berkeley.edu,2023-09-30,30,60575.34 USD,Bioinformatics,Cost &lt; Budget
REC-2657,PRJ20261001,Analysis of Python,Robert Jhnson,,"Urbana-Champaign, University of Illinois",contact@lab.org,2099-12-31,26,86835.51,GIS Mapping,Cost &lt; Budget
REC-2658,prj-2026-1001,National Science Foundation Geospatial Analysis Infrastructure Project,Dr. Doe,1998,U.N.L.V.,a.wright@berkeley.edu,2016-03-12,32,88309.59 USD,GIS Mapping,Notes on &quot;UIUC&quot;
REC-2659,PRJ20261001,Analysis of Archival Studies,Johnathan Doe,Pending,"Technology, Massachusetts Institute of",r.johnson@mit.edu,2025-12-01,7,17158.89 USD,Cataloging,Notes on &quot;UIUC&quot;
REC-2660,INVALID_CODE,Study on Data Science,Bryan Stewart,2050,"Urbana-Champaign, University of Illinois",jdoe@illinois.edu,2025-12-01,35,68251.59,Python,Caf&eacute; study group
REC-2661,PRJ-2026-9900,Analysis of Python,Alexander Wright,2012.0,"Technology, Massachusetts Institute of",smith@unlv.edu,2020-01-15,5,"$16,969.47",Data Science,Caf&eacute; study group
REC-2662,prj-2026-1001,Comprehensive Digital Humanities Data Archival Research Project Phase 1,Dr. Brown,2020,UC Berkeley,smith@unlv.edu,2025-12-01,41,-$356.00,Bioinformatics,Caf&eacute; study group
REC-2663,,Comprehensive Digital Humanities Data Archival Research Project Phase 1,Dr. Smith,2021,"Berkeley, University of California",r.johnson@mit.edu,2021-07-22,20,"$54,107.58",GIS Mapping,Caf&eacute; study group
REC-2664,prj-2026-1001,Proj A,m. davis,N/A,"University of California, Berkeley",jdoe@illinois.edu,2099-12-31,45,155371.3 USD,Metadata,Na&iuml;ve Bayes test
REC-2665,PRJ-26-1001,Study on Metadata,Kristina Tailor,c2020,U.N.L.V.,contact@lab.org,2016-03-12,7,FREE,Cataloging,Na&iuml;ve Bayes test
REC-2666,PRJ-26-1001,Study on Metadata,Kristina Tailor,N/A,M.I.T.,jdoe@illinois.edu,2023-09-30,42,FREE,Machine Learning,Caf&eacute; study group
REC-2667,INVALID_CODE,Comprehensive Digital Humanities Data Archival Research Initiative Phase 1,Dr. Smith,1998,university of illinois at urbana-champaign,contact@lab.org,1900-01-01,22,FREE,Machine Learning,Phase 1 &amp; 2 complete
REC-2668,prj-2026-1001,National Science Foundation Geospatial Analysis Infrastructure Project,Dr. Brown,2005,UNLV,r.johnson@mit.edu,2020-01-15,41,"$93,782.04",Metadata,Phase 1 &amp; 2 complete
,,,,,,,,,,Cataloging,Sub-tag record
,,,,,,,,,,Bioinformatics,Sub-tag record
,,,,,,,,,,GIS Mapping,Sub-tag record
REC-2669,PRJ20261001,Proj A,Jane Smith,N/A,"Berkeley, University of California",a.wright@berkeley.edu,2023-09-30,16,"$68,096.32",Cataloging,Phase 1 &amp; 2 complete
REC-2670,PRJ-26-1001,Study on Python,Steven Miller,Class of 2018,Urbana Champaign University of Illinois,a.wright@berkeley.edu,,42,-$286.00,Machine Learning,Phase 1 &amp; 2 complete
REC-2671,prj-2026-1001,Investigation into Python and Modern Data Pipelines,A. PROF. WILSON,2018,Cal Berkeley,contact@lab.org,2018-11-05,38,168629.5,Ethics,Notes on &quot;UIUC&quot;
REC-2672,PRJ-2026-9900,Study on Metadata,Kathryn Write,1882,Urbana Champaign University of Illinois,jdoe@illinois.edu,2023-09-30,39,"$69,228.88",Cataloging,Na&iuml;ve Bayes test
REC-2673,prj-2026-1001,Study on Cataloging,Geoffrey Clark,2022,Univ of Nevada Las Vegas,smith@unlv.edu,2020-01-15,26,FREE,Data Science,Phase 1 &amp; 2 complete
REC-2674,PRJ-2026-4052,Study on Python,Steven Miller,Unknown,Univ. of Illinois (UIUC),r.johnson@mit.edu,2018-11-05,8,"$16,719.40",Python,Cost &lt; Budget
REC-2675,PRJ-2026-1001,Comprehensive Digital Humanities Data Archival Research Project Phase 1,Dr. Doe,c. 2005,university of illinois at urbana-champaign,smith@unlv.edu,2023-09-30,1,"$750,000.00",Machine Learning,Cost &lt; Budget
REC-2676,PRJ-26-1001,Study on Bioinformatics,Bryan Stewart,1882,U.N.L.V.,r.johnson@mit.edu,2099-12-31,48,134230.88,GIS Mapping,Caf&eacute; study group
REC-2677,prj-2026-1001,Study on Metadata,Bryan Stewart,2050,Cal Berkeley,a.wright@berkeley.edu,2025-12-01,22,-$475.00,Data Science,Notes on &quot;UIUC&quot;
REC-2678,,Investigation into Bioinformatics and Modern Data Pipelines,Smith,2020,Cal Berkeley,duplicate.user@research.org,2020-01-15,11,"$42,902.04",Metadata,Notes on &quot;UIUC&quot;
REC-2679,PRJ-2026-8819,Proj A,A. PROF. WILSON,Unknown,university of illinois at urbana-champaign,a.wright@berkeley.edu,1900-01-01,27,"$117,822.88",GIS Mapping,Na&iuml;ve Bayes test
REC-2680,PRJ-26-1001,Proj A,A. PROF. WILSON,2012.0,University of Illinois at Urbana-Champaign,smith@unlv.edu,2099-12-31,38,"$128,511.89",Metadata,Notes on &quot;UIUC&quot;
REC-2681,PRJ-2026-8819,Analysis of Archival Studies,Johnathan Doee,1882,Univ of Nevada Las Vegas,a.wright@berkeley.edu,2023-09-30,10,19342.44,Python,Notes on &quot;UIUC&quot;
REC-2682,INVALID_CODE,Analysis of Ethics,Johnathan Doee,2022,University of Illinois at Urbana-Champaign,contact@lab.org,2016-03-12,38,FREE,Bioinformatics,Caf&eacute; study group
REC-2683,PRJ-26-1001,National Science Foundation Geospatial Analysis Infrastructure Program,Dr. Johnson,Pending,Univ of Nevada Las Vegas,a.wright@berkeley.edu,2016-03-12,8,-$358.00,Bioinformatics,Na&iuml;ve Bayes test
REC-2684,INVALID_CODE,Comprehensive Digital Humanities Data Archival Research Project Phase 1,Dr. Doe,c2020,Univ of Illinois Urbana Champaign,r.johnson@mit.edu,2020-01-15,34,-$326.00,Bioinformatics,Notes on &quot;UIUC&quot;
REC-2685,PRJ-2026-1001,National Science Foundation Geospatial Analysis Infrastructure Project,Dr. Brown,2012,Cal Berkeley,a.wright@berkeley.edu,1900-01-01,11,"$44,330.41",Machine Learning,Notes on &quot;UIUC&quot;
REC-2686,PRJ-2026-4052,Analysis of GIS Mapping,Alexandr Wright,2050,M.I.T.,a.wright@berkeley.edu,2016-03-12,16,39805.01,Ethics,Notes on &quot;UIUC&quot;
REC-2687,PRJ-2026-4052,National Science Foundation Geospatial Analysis Infrastructure Project,Dr. Doe,2050,UIUC,jdoe@illinois.edu,2023-09-30,6,FREE,Metadata,Caf&eacute; study group
REC-2688,PRJ-26-1001,Analysis of Machine Learning,Alexandr Wright,Unknown,"Technology, Massachusetts Institute of",jdoe@illinois.edu,2021-07-22,28,-$230.00,Ethics,Notes on &quot;UIUC&quot;
REC-2689,PRJ-26-1001,Investigation into Bioinformatics and Modern Data Pipelines,A. PROF. WILSON,2022,Massachusetts Institute of Technology,smith@unlv.edu,,13,FREE,Data Science,Notes on &quot;UIUC&quot;
REC-2690,,Study on Cataloging,Brian Stuart,1998,U.N.L.V.,duplicate.user@research.org,,22,77979.55 USD,Bioinformatics,Cost &lt; Budget
REC-2691,PRJ20261001,Investigation into Data Science and Modern Data Pipelines,A. PROF. WILSON,c. 2005,Univ of Nevada Las Vegas,smith@unlv.edu,2023-09-30,39,FREE,Cataloging,Cost &lt; Budget
,,,,,,,,,,Machine Learning,Sub-tag record
,,,,,,,,,,Ethics,Sub-tag record
REC-2692,PRJ20261001,Comprehensive Digital Humanities Data Archival Research Initiative Phase 1,Dr. Johnson,2005,Cal Berkeley,contact@lab.org,2023-09-30,20,"$35,219.14",GIS Mapping,Na&iuml;ve Bayes test
REC-2693,PRJ20261001,Investigation into Bioinformatics and Modern Data Pipelines,Jane Smith,2021,UNLV,jdoe@illinois.edu,1900-01-01,20,66787.71,Machine Learning,Cost &lt; Budget
REC-2694,INVALID_CODE,Comprehensive Digital Humanities Data Archival Research Initiative Phase 1,Dr. Brown,c2020,Univ of Illinois Urbana Champaign,contact@lab.org,2021-07-22,6,FREE,Ethics,Phase 1 &amp; 2 complete
REC-2695,PRJ20261001,Analysis of Bioinformatics,Johnathan Doe,2018,Urbana Champaign University of Illinois,r.johnson@mit.edu,2020-01-15,12,22545.1,Cataloging,Notes on &quot;UIUC&quot;
REC-2696,,National Science Foundation Geospatial Analysis Infrastructure Program,Dr. Doe,N/A,Massachusetts Institute of Technology,contact@lab.org,2023-09-30,6,-$117.00,Cataloging,Caf&eacute; study group
REC-2697,PRJ-26-1001,Analysis of Machine Learning,Patricia Taylor-Garcia,2012,UNLV,smith@unlv.edu,,34,61641.34,GIS Mapping,Caf&eacute; study group
REC-2698,INVALID_CODE,Proj A,Smith,2022,UC Berkeley,jdoe@illinois.edu,2099-12-31,28,FREE,Data Science,Cost &lt; Budget
REC-2699,PRJ-2026-8819,National Science Foundation Geospatial Analysis Infrastructure Program,Dr. Doe,2050,"Las Vegas, University of Nevada",contact@lab.org,,43,FREE,Python,Cost &lt; Budget
REC-2700,PRJ20261001,Study on Python,Stephen Miller,1998,UNLV,jdoe@illinois.edu,2099-12-31,38,FREE,Bioinformatics,Cost &lt; Budget
REC-2701,prj-2026-1001,National Science Foundation Geospatial Analysis Infrastructure Project,Dr. Doe,c2020,U.N.L.V.,contact@lab.org,2023-09-30,60,$100.00,Python,Caf&eacute; study group
REC-2702,PRJ-26-1001,Study on Machine Learning,Christina Taylor,,Cal Berkeley,a.wright@berkeley.edu,2025-12-01,46,163942.95,GIS Mapping,Phase 1 &amp; 2 complete
REC-2703,,Analysis of Machine Learning,Patricia Taylor Garcia,Class of 2018,"Technology, Massachusetts Institute of",smith@unlv.edu,2021-07-22,24,83733.38 USD,Archival Studies,Na&iuml;ve Bayes test
REC-2704,PRJ-26-1001,Investigation into Bioinformatics and Modern Data Pipelines,Dr. Jane Mary Smith,2018,UC Berkeley,r.johnson@mit.edu,2023-09-30,48,102275.55,Bioinformatics,Na&iuml;ve Bayes test
REC-2705,PRJ-2026-1001,Investigation into Machine Learning and Modern Data Pipelines,m. davis,2050,"Technology, Massachusetts Institute of",smith@unlv.edu,2023-09-30,6,FREE,Machine Learning,Na&iuml;ve Bayes test
REC-2706,PRJ-2026-1001,Comprehensive Digital Humanities Data Archival Research Initiative Phase 1,Dr. Doe,Pending,UC Berkeley,jdoe@illinois.edu,2018-11-05,44,99298.47 USD,GIS Mapping,Phase 1 &amp; 2 complete
REC-2707,PRJ-26-1001,Comprehensive Digital Humanities Data Archival Research Project Phase 1,Dr. Doe,1882,Univ of Nevada Las Vegas,smith@unlv.edu,2025-12-01,24,"$64,892.94",GIS Mapping,Caf&eacute; study group
REC-2708,PRJ20261001,Investigation into Machine Learning and Modern Data Pipelines,Dr. Jane Mary Smith,c. 2005,"Berkeley, University of California",r.johnson@mit.edu,2021-07-22,12,FREE,Python,Na&iuml;ve Bayes test
REC-2709,PRJ20261001,National Science Foundation Geospatial Analysis Infrastructure Project,Dr. Smith,Unknown,U.N.L.V.,r.johnson@mit.edu,2025-12-01,29,FREE,Ethics,Na&iuml;ve Bayes test
REC-2710,PRJ20261001,Comprehensive Digital Humanities Data Archival Research Project Phase 2,Dr. Smith,2005,"Technology, Massachusetts Institute of",r.johnson@mit.edu,2016-03-12,1,750000.0 USD,Archival Studies,Cost &lt; Budget
REC-2711,prj-2026-1001,Study on Archival Studies,Geoffrey Clark,Unknown,UC Berkeley,smith@unlv.edu,2018-11-05,23,"$73,961.49",Cataloging,Na&iuml;ve Bayes test
REC-2712,INVALID_CODE,Investigation into Python and Modern Data Pipelines,Dr. Jane Mary Smith,2021,"Urbana-Champaign, University of Illinois",smith@unlv.edu,2018-11-05,25,"$83,683.10",Data Science,Phase 1 &amp; 2 complete
REC-2713,PRJ-2026-1001,Study on Bioinformatics,Catherine Wright,2050,MIT,r.johnson@mit.edu,2099-12-31,41,-$260.00,Machine Learning,Na&iuml;ve Bayes test
REC-2714,INVALID_CODE,Investigation into Machine Learning and Modern Data Pipelines,Jane Smith,2012,UC Berkeley,contact@lab.org,2099-12-31,25,112366.08 USD,Cataloging,Caf&eacute; study group
REC-2715,PRJ-2026-1001,National Science Foundation Geospatial Analysis Infrastructure Project,Dr. Johnson,N/A,Cal Berkeley,duplicate.user@research.org,2099-12-31,37,"$79,298.26",Cataloging,Notes on &quot;UIUC&quot;
REC-2716,PRJ-2026-1001,Comprehensive Digital Humanities Data Archival Research Project Phase 2,Dr. Smith,2015,Cal Berkeley,smith@unlv.edu,2099-12-31,43,-$216.00,Cataloging,Cost &lt; Budget
REC-2717,prj-2026-1001,National Science Foundation Geospatial Analysis Infrastructure Project,Dr. Brown,Pending,"Technology, Massachusetts Institute of",jdoe@illinois.edu,,45,"$68,985.52",Cataloging,Phase 1 &amp; 2 complete
REC-2718,,Comprehensive Digital Humanities Data Archival Research Initiative Phase 1,Dr. Brown,2022,"Berkeley, University of California",jdoe@illinois.edu,2020-01-15,45,123535.88 USD,GIS Mapping,Cost &lt; Budget
REC-2719,PRJ-2026-4052,Study on Ethics,Stephen Miller,N/A,Massachusetts Institute of Technology,jdoe@illinois.edu,2020-01-15,13,FREE,Metadata,Notes on &quot;UIUC&quot;
REC-2720,PRJ-26-1001,Investigation into Machine Learning and Modern Data Pipelines,Smith,2050,"Berkeley, University of California",smith@unlv.edu,2023-09-30,23,65653.84,GIS Mapping,Caf&eacute; study group
REC-2721,PRJ-2026-4052,Proj A,Dr. Jane Mary Smith,c. 2005,U.N.L.V.,jdoe@illinois.edu,,47,145557.61,Bioinformatics,Phase 1 &amp; 2 complete
REC-2722,,Proj A,Jane Smith,2022,UNLV,contact@lab.org,2018-11-05,30,"$91,169.19",GIS Mapping,Na&iuml;ve Bayes test
REC-2723,PRJ-2026-4052,Investigation into GIS Mapping and Modern Data Pipelines,Smith,2005,Univ. of Illinois (UIUC),duplicate.user@research.org,2023-09-30,18,"$44,476.73",Machine Learning,Na&iuml;ve Bayes test
REC-2724,PRJ20261001,Analysis of Cataloging,Robert Jhnson,2015,Massachusetts Institute of Technology,contact@lab.org,1900-01-01,33,-$105.00,Archival Studies,Cost &lt; Budget
REC-2725,PRJ-26-1001,Proj A,Smith,c2020,MIT,contact@lab.org,2016-03-12,33,"$117,715.25",Metadata,Caf&eacute; study group
REC-2726,,Study on GIS Mapping,Kathryn Write,,"Berkeley, University of California",a.wright@berkeley.edu,2016-03-12,27,FREE,Metadata,Cost &lt; Budget
,,,,,,,,,,Bioinformatics,Sub-tag record
,,,,,,,,,,Archival Studies,Sub-tag record
,,,,,,,,,,Ethics,Sub-tag record
REC-2727,PRJ-2026-4052,Comprehensive Digital Humanities Data Archival Research Initiative Phase 1,Dr. Brown,N/A,Cal Berkeley,jdoe@illinois.edu,1900-01-01,46,-$449.00,Data Science,Phase 1 &amp; 2 complete
,,,,,,,,,,Archival Studies,Sub-tag record
,,,,,,,,,,Python,Sub-tag record
REC-2728,,Study on Python,Steven Miller,Pending,Univ of Illinois Urbana Champaign,jdoe@illinois.edu,2018-11-05,9,-$172.00,Archival Studies,Cost &lt; Budget
REC-2729,INVALID_CODE,Study on Machine Learning,Kathryn Write,2012,UNLV,smith@unlv.edu,2020-01-15,28,FREE,Bioinformatics,Cost &lt; Budget
REC-2730,PRJ-2026-9900,Study on Archival Studies,Bryan Stewart,Class of 2018,U.N.L.V.,smith@unlv.edu,2021-07-22,35,FREE,Machine Learning,Cost &lt; Budget
REC-2731,prj-2026-1001,Study on Cataloging,Kathryn Write,2020,UNLV,r.johnson@mit.edu,1900-01-01,47,"$170,048.60",Machine Learning,Na&iuml;ve Bayes test
,,,,,,,,,,GIS Mapping,Sub-tag record
REC-2732,PRJ-26-1001,Study on Ethics,Jayne Smyth,1998,"University of Nevada, Las Vegas",r.johnson@mit.edu,,39,FREE,Archival Studies,Na&iuml;ve Bayes test
REC-2733,INVALID_CODE,Study on Machine Learning,Catherine Wright,2015,M.I.T.,r.johnson@mit.edu,,39,FREE,Bioinformatics,Caf&eacute; study group
REC-2734,PRJ-26-1001,Study on Bioinformatics,Jeffrey Clarke,1882,Univ of Nevada Las Vegas,contact@lab.org,2021-07-22,38,-$332.00,Bioinformatics,Notes on &quot;UIUC&quot;
REC-2735,PRJ-26-1001,Proj A,m. davis,c2020,University of Illinois at Urbana-Champaign,r.johnson@mit.edu,2099-12-31,43,FREE,Metadata,Notes on &quot;UIUC&quot;
,,,,,,,,,,GIS Mapping,Sub-tag record
REC-2736,prj-2026-1001,Investigation into Python and Modern Data Pipelines,m. davis,c. 2005,Univ of Nevada Las Vegas,jdoe@illinois.edu,,5,16299.73 USD,Cataloging,Cost &lt; Budget
REC-2737,PRJ-2026-8819,Study on Python,Brian Stuart,2015,Massachusetts Institute of Technology,r.johnson@mit.edu,2099-12-31,40,166920.05,GIS Mapping,Phase 1 &amp; 2 complete
REC-2738,PRJ20261001,Proj A,m. davis,2018,Univ of Illinois Urbana Champaign,contact@lab.org,1900-01-01,26,61614.54,Archival Studies,Cost &lt; Budget
REC-2739,PRJ-2026-9900,Analysis of Archival Studies,Alexander Wright,2005,Univ. of Illinois (UIUC),contact@lab.org,2023-09-30,46,FREE,Ethics,Na&iuml;ve Bayes test
REC-2740,INVALID_CODE,National Science Foundation Geospatial Analysis Infrastructure Project,Dr. Brown,N/A,U.N.L.V.,duplicate.user@research.org,1900-01-01,14,59731.1 USD,Metadata,Na&iuml;ve Bayes test
,,,,,,,,,,Bioinformatics,Sub-tag record
,,,,,,,,,,Archival Studies,Sub-tag record
,,,,,,,,,,GIS Mapping,Sub-tag record
REC-2741,PRJ-2026-1001,Investigation into Archival Studies and Modern Data Pipelines,Smith,Pending,MIT,a.wright@berkeley.edu,2021-07-22,29,FREE,Metadata,Na&iuml;ve Bayes test
REC-2742,PRJ-2026-8819,Proj A,Smith,2012,MIT,jdoe@illinois.edu,,14,"$48,748.93",Metadata,Na&iuml;ve Bayes test
REC-2743,PRJ-2026-1001,Comprehensive Digital Humanities Data Archival Research Project Phase 2,Dr. Doe,1998,"University of Nevada, Las Vegas",smith@unlv.edu,2020-01-15,17,38363.79 USD,Data Science,Notes on &quot;UIUC&quot;
,,,,,,,,,,Bioinformatics,Sub-tag record
,,,,,,,,,,GIS Mapping,Sub-tag record
REC-2744,PRJ-26-1001,Comprehensive Digital Humanities Data Archival Research Project Phase 1,Dr. Doe,2012.0,Massachusetts Institute of Technology,smith@unlv.edu,2099-12-31,23,-$256.00,Ethics,Na&iuml;ve Bayes test
REC-2745,prj-2026-1001,National Science Foundation Geospatial Analysis Infrastructure Program,Dr. Doe,2018,"Urbana-Champaign, University of Illinois",r.johnson@mit.edu,,37,108655.29,Machine Learning,Na&iuml;ve Bayes test
REC-2746,PRJ-26-1001,Study on Python,Jeffrey Clarke,2022,"Las Vegas, University of Nevada",jdoe@illinois.edu,2021-07-22,22,97061.12,Data Science,Caf&eacute; study group
REC-2747,PRJ-2026-8819,Investigation into Bioinformatics and Modern Data Pipelines,A. PROF. WILSON,c2020,"Berkeley, University of California",duplicate.user@research.org,2016-03-12,11,FREE,Archival Studies,Notes on &quot;UIUC&quot;
REC-2748,PRJ-2026-8819,Study on Python,Jane Smith,c2020,"Berkeley, University of California",smith@unlv.edu,,33,-$354.00,Machine Learning,Caf&eacute; study group
REC-2749,PRJ-2026-4052,Comprehensive Digital Humanities Data Archival Research Initiative Phase 1,Dr. Doe,2012.0,UC Berkeley,smith@unlv.edu,2099-12-31,22,"$40,580.45",Metadata,Na&iuml;ve Bayes test
REC-2750,prj-2026-1001,Study on Python,Kathryn Write,2018,university of illinois at urbana-champaign,a.wright@berkeley.edu,2025-12-01,4,FREE,Data Science,Phase 1 &amp; 2 complete
REC-2751,INVALID_CODE,Study on Python,Christina Taylor,2012.0,"Las Vegas, University of Nevada",jdoe@illinois.edu,2023-09-30,11,"$38,232.10",Bioinformatics,Na&iuml;ve Bayes test
,,,,,,,,,,Ethics,Sub-tag record
,,,,,,,,,,Machine Learning,Sub-tag record
REC-2752,PRJ20261001,Proj A,Dr. Jane Mary Smith,2005,U.N.L.V.,contact@lab.org,2023-09-30,6,13136.61 USD,Python,Cost &lt; Budget
,,,,,,,,,,GIS Mapping,Sub-tag record
,,,,,,,,,,Ethics,Sub-tag record
,,,,,,,,,,Archival Studies,Sub-tag record
REC-2753,,Analysis of Python,Michael OBrown,Unknown,"University of California, Berkeley",smith@unlv.edu,2021-07-22,44,"$67,381.47",GIS Mapping,Caf&eacute; study group
REC-2754,PRJ-2026-4052,National Science Foundation Geospatial Analysis Infrastructure Project,Dr. Brown,2012,Univ. of Illinois (UIUC),a.wright@berkeley.edu,2023-09-30,48,86360.11 USD,Data Science,Na&iuml;ve Bayes test
,,,,,,,,,,Machine Learning,Sub-tag record
,,,,,,,,,,GIS Mapping,Sub-tag record
REC-2755,PRJ-2026-8819,Proj A,m. davis,2022,University of Illinois at Urbana-Champaign,contact@lab.org,2016-03-12,12,37789.51,Cataloging,Phase 1 &amp; 2 complete
REC-2756,PRJ20261001,Analysis of Data Science,Alexandr Wright,2050,Univ of Nevada Las Vegas,smith@unlv.edu,2025-12-01,9,22779.12,Machine Learning,Na&iuml;ve Bayes test
REC-2757,PRJ20261001,Study on Archival Studies,Catherine Wright,'15,university of illinois at urbana-champaign,jdoe@illinois.edu,2025-12-01,10,44847.57,GIS Mapping,Caf&eacute; study group
REC-2758,,Proj A,Jane Smith,2022,Massachusetts Institute of Technology,jdoe@illinois.edu,,14,-$340.00,Cataloging,Notes on &quot;UIUC&quot;
REC-2759,PRJ-2026-9900,Proj A,m. davis,'15,Univ of Nevada Las Vegas,r.johnson@mit.edu,2025-12-01,32,FREE,Bioinformatics,Cost &lt; Budget
REC-2760,PRJ-2026-9900,Comprehensive Digital Humanities Data Archival Research Project Phase 1,Dr. Brown,c2020,UNLV,r.johnson@mit.edu,,42,"$178,389.48",Cataloging,Phase 1 &amp; 2 complete
REC-2761,PRJ-2026-1001,Comprehensive Digital Humanities Data Archival Research Initiative Phase 1,Dr. Smith,'15,Univ. of Illinois (UIUC),a.wright@berkeley.edu,2016-03-12,3,9912.67 USD,Archival Studies,Phase 1 &amp; 2 complete
REC-2762,PRJ-2026-8819,Analysis of GIS Mapping,Robert Jhnson,c2020,UIUC,smith@unlv.edu,2025-12-01,5,-$218.00,GIS Mapping,Cost &lt; Budget
,,,,,,,,,,Data Science,Sub-tag record
REC-2763,PRJ20261001,Study on Archival Studies,Kristina Tailor,2021,"University of Nevada, Las Vegas",jdoe@illinois.edu,2020-01-15,7,15931.12,Data Science,Notes on &quot;UIUC&quot;
REC-2764,,Study on GIS Mapping,Kristina Tailor,2012,Univ. of Illinois (UIUC),r.johnson@mit.edu,2023-09-30,13,-$426.00,Python,Caf&eacute; study group
REC-2765,PRJ-2026-1001,Investigation into Archival Studies and Modern Data Pipelines,m. davis,2012.0,university of illinois at urbana-champaign,contact@lab.org,2020-01-15,13,48428.4 USD,Cataloging,Notes on &quot;UIUC&quot;
REC-2766,PRJ-2026-1001,Proj A,Dr. Jane Mary Smith,2022,Urbana Champaign University of Illinois,jdoe@illinois.edu,2016-03-12,32,87031.61,Archival Studies,Caf&eacute; study group
REC-2767,PRJ-2026-8819,Investigation into Python and Modern Data Pipelines,Jane Smith,2018,Univ of Nevada Las Vegas,r.johnson@mit.edu,2021-07-22,34,"$112,066.48",Archival Studies,Phase 1 &amp; 2 complete
REC-2768,INVALID_CODE,National Science Foundation Geospatial Analysis Infrastructure Project,Dr. Johnson,1998,"University of Nevada, Las Vegas",smith@unlv.edu,2016-03-12,16,-$193.00,Python,Cost &lt; Budget
REC-2769,PRJ-2026-4052,Analysis of Cataloging,Alexandr Wright,Pending,UNLV,contact@lab.org,2021-07-22,1,750000.0,Cataloging,Notes on &quot;UIUC&quot;
REC-2770,prj-2026-1001,Study on Bioinformatics,Stephen Miller,2021,"Las Vegas, University of Nevada",smith@unlv.edu,2099-12-31,39,FREE,Archival Studies,Cost &lt; Budget
REC-2771,PRJ-2026-1001,Analysis of Python,Johnathan Doee,c. 2005,"Urbana-Champaign, University of Illinois",a.wright@berkeley.edu,2020-01-15,23,"$41,112.79",Machine Learning,Notes on &quot;UIUC&quot;
REC-2772,prj-2026-1001,Comprehensive Digital Humanities Data Archival Research Initiative Phase 1,Dr. Johnson,Unknown,"Berkeley, University of California",contact@lab.org,2016-03-12,44,173952.2,Bioinformatics,Cost &lt; Budget
REC-2773,PRJ-2026-4052,Comprehensive Digital Humanities Data Archival Research Project Phase 1,Dr. Smith,2005,UC Berkeley,r.johnson@mit.edu,2020-01-15,5,-$138.00,Cataloging,Cost &lt; Budget
REC-2774,PRJ-2026-4052,Comprehensive Digital Humanities Data Archival Research Initiative Phase 1,Dr. Smith,'15,"University of Nevada, Las Vegas",r.johnson@mit.edu,2099-12-31,34,138548.79,Machine Learning,Phase 1 &amp; 2 complete
REC-2775,PRJ-2026-9900,Proj A,m. davis,2022,"University of California, Berkeley",a.wright@berkeley.edu,2016-03-12,29,"$55,169.13",Ethics,Caf&eacute; study group
REC-2776,PRJ-2026-1001,Comprehensive Digital Humanities Data Archival Research Project Phase 2,Dr. Brown,2022,UNLV,duplicate.user@research.org,2099-12-31,23,FREE,Ethics,Caf&eacute; study group
,,,,,,,,,,Bioinformatics,Sub-tag record
,,,,,,,,,,GIS Mapping,Sub-tag record
,,,,,,,,,,Metadata,Sub-tag record
REC-2777,INVALID_CODE,Investigation into Archival Studies and Modern Data Pipelines,A. PROF. WILSON,'15,university of illinois at urbana-champaign,smith@unlv.edu,2016-03-12,40,"$64,553.04",Bioinformatics,Na&iuml;ve Bayes test
,,,,,,,,,,Machine Learning,Sub-tag record
,,,,,,,,,,Ethics,Sub-tag record
REC-2778,PRJ-2026-4052,Study on Metadata,Kristina Tailor,,M.I.T.,contact@lab.org,,20,77954.92 USD,Bioinformatics,Na&iuml;ve Bayes test
REC-2779,PRJ-2026-4052,Analysis of Bioinformatics,Alexander Wright,Unknown,"University of California, Berkeley",r.johnson@mit.edu,,41,67126.75,Bioinformatics,Cost &lt; Budget
REC-2780,,National Science Foundation Geospatial Analysis Infrastructure Project,Dr. Brown,2005,"Berkeley, University of California",smith@unlv.edu,2016-03-12,12,FREE,Ethics,Phase 1 &amp; 2 complete
REC-2781,PRJ-2026-9900,Study on GIS Mapping,Christina Taylor,2022,MIT,a.wright@berkeley.edu,2025-12-01,32,"$97,513.44",Cataloging,Caf&eacute; study group
REC-2782,PRJ-26-1001,Study on Ethics,Catherine Wright,2050,Cal Berkeley,contact@lab.org,2018-11-05,21,FREE,Machine Learning,Cost &lt; Budget
REC-2783,INVALID_CODE,National Science Foundation Geospatial Analysis Infrastructure Program,Dr. Brown,2050,Univ of Nevada Las Vegas,duplicate.user@research.org,1900-01-01,29,"$82,601.31",Python,Na&iuml;ve Bayes test
REC-2784,PRJ-26-1001,Investigation into Machine Learning and Modern Data Pipelines,Smith,2012.0,"Las Vegas, University of Nevada",r.johnson@mit.edu,1900-01-01,18,"$77,010.93",Archival Studies,Notes on &quot;UIUC&quot;
REC-2785,INVALID_CODE,Analysis of Data Science,Alexander Wright,2022,"Urbana-Champaign, University of Illinois",r.johnson@mit.edu,2025-12-01,33,119147.08 USD,Data Science,Notes on &quot;UIUC&quot;
REC-2786,INVALID_CODE,Analysis of Ethics,Johnathan Doee,2021,M.I.T.,smith@unlv.edu,2018-11-05,33,"$116,156.47",Metadata,Cost &lt; Budget
REC-2787,PRJ-2026-1001,Comprehensive Digital Humanities Data Archival Research Project Phase 2,Dr. Smith,'15,U.N.L.V.,jdoe@illinois.edu,2025-12-01,5,"$15,109.21",Ethics,Cost &lt; Budget
REC-2788,PRJ-2026-8819,Analysis of Bioinformatics,Alexander Wright,2012,MIT,a.wright@berkeley.edu,2023-09-30,16,24633.1,Cataloging,Caf&eacute; study group
REC-2789,prj-2026-1001,Study on Machine Learning,Jayne Smyth,2012,"Las Vegas, University of Nevada",contact@lab.org,2021-07-22,48,112029.08 USD,Bioinformatics,Phase 1 &amp; 2 complete
REC-2790,PRJ-2026-9900,National Science Foundation Geospatial Analysis Infrastructure Program,Dr. Johnson,2022,Massachusetts Institute of Technology,a.wright@berkeley.edu,2025-12-01,27,53197.74,Python,Phase 1 &amp; 2 complete
REC-2791,PRJ-2026-9900,Proj A,Smith,2012,Univ. of Illinois (UIUC),duplicate.user@research.org,2023-09-30,32,"$91,354.36",Machine Learning,Phase 1 &amp; 2 complete
REC-2792,,Comprehensive Digital Humanities Data Archival Research Initiative Phase 1,Dr. Smith,,Univ of Illinois Urbana Champaign,smith@unlv.edu,2016-03-12,28,-$158.00,Cataloging,Cost &lt; Budget
REC-2793,,Analysis of GIS Mapping,Robert Johnson,Unknown,Univ of Nevada Las Vegas,jdoe@illinois.edu,1900-01-01,23,44196.92 USD,Ethics,Notes on &quot;UIUC&quot;
REC-2794,,Comprehensive Digital Humanities Data Archival Research Initiative Phase 1,Dr. Johnson,2015,Univ. of Illinois (UIUC),r.johnson@mit.edu,2020-01-15,28,"$58,077.00",Archival Studies,Cost &lt; Budget
REC-2795,,Analysis of Python,Robert Jhnson,2012,"Urbana-Champaign, University of Illinois",jdoe@illinois.edu,2016-03-12,27,"$91,635.17",Machine Learning,Notes on &quot;UIUC&quot;
REC-2796,,Analysis of Bioinformatics,Alexandr Wright,2015,university of illinois at urbana-champaign,jdoe@illinois.edu,2018-11-05,42,78774.52,Bioinformatics,Phase 1 &amp; 2 complete
REC-2797,prj-2026-1001,Analysis of Bioinformatics,Patricia Taylor-Garcia,1882,"Berkeley, University of California",smith@unlv.edu,2018-11-05,8,FREE,Ethics,Phase 1 &amp; 2 complete
REC-2798,PRJ-26-1001,Study on Ethics,Jane Smith,'15,Univ of Illinois Urbana Champaign,duplicate.user@research.org,2018-11-05,43,-$442.00,Archival Studies,Notes on &quot;UIUC&quot;
,,,,,,,,,,Data Science,Sub-tag record
,,,,,,,,,,GIS Mapping,Sub-tag record
REC-2799,PRJ20261001,Comprehensive Digital Humanities Data Archival Research Project Phase 1,Dr. Brown,Class of 2018,UC Berkeley,a.wright@berkeley.edu,2018-11-05,35,FREE,Machine Learning,Cost &lt; Budget
,,,,,,,,,,GIS Mapping,Sub-tag record
REC-2800,PRJ20261001,Comprehensive Digital Humanities Data Archival Research Initiative Phase 1,Dr. Brown,Unknown,UNLV,smith@unlv.edu,2025-12-01,6,17189.89,Archival Studies,Caf&eacute; study group
,,,,,,,,,,GIS Mapping,Sub-tag record
REC-2801,PRJ-2026-9900,Comprehensive Digital Humanities Data Archival Research Project Phase 1,Dr. Brown,2012,Cal Berkeley,jdoe@illinois.edu,1900-01-01,14,55264.45 USD,Machine Learning,Na&iuml;ve Bayes test
REC-2802,,Study on Metadata,Kathryn Write,Pending,"Technology, Massachusetts Institute of",jdoe@illinois.edu,2016-03-12,28,"$62,280.61",Ethics,Cost &lt; Budget
REC-2803,PRJ-2026-1001,Investigation into GIS Mapping and Modern Data Pipelines,Dr. Jane Mary Smith,2005,Univ of Illinois Urbana Champaign,a.wright@berkeley.edu,1900-01-01,20,-$304.00,GIS Mapping,Cost &lt; Budget
REC-2804,PRJ-2026-1001,Investigation into Ethics and Modern Data Pipelines,A. PROF. WILSON,Class of 2018,"University of California, Berkeley",a.wright@berkeley.edu,2021-07-22,4,17858.73 USD,Data Science,Caf&eacute; study group
REC-2805,PRJ-2026-9900,Study on Cataloging,Kathryn Write,c. 2005,M.I.T.,r.johnson@mit.edu,2021-07-22,9,"$16,487.50",Bioinformatics,Phase 1 &amp; 2 complete
REC-2806,PRJ-2026-4052,Study on Data Science,Jayne Smyth,2020,UIUC,r.johnson@mit.edu,2025-12-01,30,FREE,Ethics,Cost &lt; Budget
REC-2807,PRJ20261001,Comprehensive Digital Humanities Data Archival Research Initiative Phase 1,Dr. Brown,2005,U.N.L.V.,jdoe@illinois.edu,2016-03-12,26,"$58,016.64",Data Science,Notes on &quot;UIUC&quot;
REC-2808,PRJ-2026-4052,National Science Foundation Geospatial Analysis Infrastructure Program,Dr. Doe,2012.0,Massachusetts Institute of Technology,a.wright@berkeley.edu,2099-12-31,32,-$255.00,Metadata,Caf&eacute; study group
REC-2809,INVALID_CODE,Comprehensive Digital Humanities Data Archival Research Project Phase 2,Dr. Brown,1882,Urbana Champaign University of Illinois,contact@lab.org,2025-12-01,12,49167.24 USD,Machine Learning,Notes on &quot;UIUC&quot;
REC-2810,PRJ20261001,Comprehensive Digital Humanities Data Archival Research Project Phase 2,Dr. Smith,2050,Univ of Nevada Las Vegas,jdoe@illinois.edu,1900-01-01,30,45527.72,Machine Learning,Caf&eacute; study group
REC-2811,INVALID_CODE,Investigation into Python and Modern Data Pipelines,Jane Smith,2022,Cal Berkeley,jdoe@illinois.edu,2020-01-15,47,-$413.00,Python,Cost &lt; Budget
REC-2812,PRJ20261001,Comprehensive Digital Humanities Data Archival Research Initiative Phase 1,Dr. Brown,1998,Massachusetts Institute of Technology,contact@lab.org,2016-03-12,45,199419.34,Data Science,Phase 1 &amp; 2 complete
REC-2813,,Analysis of GIS Mapping,Alexander Wright,Unknown,Univ. of Illinois (UIUC),jdoe@illinois.edu,1900-01-01,40,175785.45,Data Science,Caf&eacute; study group
REC-2814,PRJ-2026-1001,National Science Foundation Geospatial Analysis Infrastructure Project,Dr. Smith,c2020,UIUC,jdoe@illinois.edu,2018-11-05,6,10496.96,Bioinformatics,Phase 1 &amp; 2 complete
REC-2815,,Study on Ethics,Brian Stuart,Class of 2018,Univ of Nevada Las Vegas,contact@lab.org,2018-11-05,17,-$362.00,Cataloging,Notes on &quot;UIUC&quot;
REC-2816,INVALID_CODE,National Science Foundation Geospatial Analysis Infrastructure Project,Dr. Brown,2018,Cal Berkeley,contact@lab.org,2099-12-31,16,27531.67,Ethics,Notes on &quot;UIUC&quot;
REC-2817,PRJ-26-1001,Study on Archival Studies,Catherine Wright,N/A,"University of Nevada, Las Vegas",r.johnson@mit.edu,1900-01-01,11,-$380.00,Metadata,Phase 1 &amp; 2 complete
REC-2818,PRJ20261001,Study on Machine Learning,Kathryn Write,c2020,"University of California, Berkeley",jdoe@illinois.edu,1900-01-01,43,FREE,Metadata,Phase 1 &amp; 2 complete
REC-2819,PRJ-26-1001,Analysis of Machine Learning,Robert Jhnson,2012,"Technology, Massachusetts Institute of",smith@unlv.edu,2018-11-05,30,FREE,Machine Learning,Caf&eacute; study group
REC-2820,PRJ20261001,Analysis of Metadata,Michael O'Brown,2022,"Berkeley, University of California",a.wright@berkeley.edu,2018-11-05,41,-$233.00,Python,Notes on &quot;UIUC&quot;
REC-2821,prj-2026-1001,Analysis of Bioinformatics,Michael OBrown,Class of 2018,Univ of Nevada Las Vegas,contact@lab.org,2021-07-22,37,"$103,785.70",Machine Learning,Caf&eacute; study group
REC-2822,,Study on Cataloging,Geoffrey Clark,2018,"University of Nevada, Las Vegas",jdoe@illinois.edu,2016-03-12,33,57932.12,Python,Cost &lt; Budget
REC-2823,PRJ-2026-1001,Study on Metadata,Christina Taylor,,M.I.T.,contact@lab.org,2020-01-15,47,91924.11,Cataloging,Cost &lt; Budget
REC-2824,PRJ-2026-9900,Investigation into Machine Learning and Modern Data Pipelines,Jane Smith,c2020,UIUC,jdoe@illinois.edu,2020-01-15,22,"$37,782.38",Python,Notes on &quot;UIUC&quot;
REC-2825,PRJ-2026-9900,National Science Foundation Geospatial Analysis Infrastructure Program,Dr. Brown,Pending,"University of Nevada, Las Vegas",contact@lab.org,2025-12-01,23,"$87,191.22",Metadata,Caf&eacute; study group
REC-2826,INVALID_CODE,Comprehensive Digital Humanities Data Archival Research Initiative Phase 1,Dr. Brown,2020,university of illinois at urbana-champaign,smith@unlv.edu,2099-12-31,36,99975.22,Archival Studies,Phase 1 &amp; 2 complete
REC-2827,PRJ-2026-9900,Proj A,Smith,1882,U.N.L.V.,smith@unlv.edu,2021-07-22,37,60268.69 USD,Data Science,Phase 1 &amp; 2 complete
REC-2828,PRJ-2026-8819,Analysis of GIS Mapping,Alexander Wright,2022,"Berkeley, University of California",smith@unlv.edu,2018-11-05,46,-$203.00,Archival Studies,Phase 1 &amp; 2 complete
REC-2829,PRJ20261001,Analysis of GIS Mapping,Robert Johnson,2012.0,"Berkeley, University of California",jdoe@illinois.edu,2020-01-15,31,-$251.00,Archival Studies,Phase 1 &amp; 2 complete
REC-2830,PRJ-2026-9900,National Science Foundation Geospatial Analysis Infrastructure Program,Dr. Smith,Unknown,UIUC,a.wright@berkeley.edu,1900-01-01,42,155152.48,Machine Learning,Cost &lt; Budget
REC-2831,,Study on Machine Learning,Jane Smith,,"Urbana-Champaign, University of Illinois",r.johnson@mit.edu,2023-09-30,14,"$29,735.63",Data Science,Notes on &quot;UIUC&quot;
,,,,,,,,,,Archival Studies,Sub-tag record
,,,,,,,,,,Machine Learning,Sub-tag record
REC-2832,PRJ-2026-9900,Analysis of Metadata,Michael OBrown,2012,"University of California, Berkeley",duplicate.user@research.org,2023-09-30,43,99930.89 USD,Cataloging,Notes on &quot;UIUC&quot;
REC-2833,INVALID_CODE,Study on Metadata,Catherine Wright,2015,"Berkeley, University of California",jdoe@illinois.edu,1900-01-01,30,-$341.00,GIS Mapping,Notes on &quot;UIUC&quot;
REC-2834,PRJ-2026-4052,Study on Data Science,Steven Miller,2012.0,Univ of Nevada Las Vegas,r.johnson@mit.edu,2016-03-12,28,64167.87 USD,Ethics,Caf&eacute; study group
,,,,,,,,,,GIS Mapping,Sub-tag record
,,,,,,,,,,Metadata,Sub-tag record
,,,,,,,,,,Python,Sub-tag record
REC-2835,PRJ-2026-8819,Comprehensive Digital Humanities Data Archival Research Project Phase 1,Dr. Smith,2021,UNLV,r.johnson@mit.edu,1900-01-01,40,"$75,551.27",Data Science,Notes on &quot;UIUC&quot;
REC-2836,PRJ-2026-4052,National Science Foundation Geospatial Analysis Infrastructure Project,Dr. Smith,2050,"Technology, Massachusetts Institute of",a.wright@berkeley.edu,2021-07-22,13,47125.58,Cataloging,Phase 1 &amp; 2 complete
REC-2837,PRJ-2026-9900,Analysis of Ethics,Michael O'Brown,c. 2005,"Urbana-Champaign, University of Illinois",contact@lab.org,2099-12-31,18,45891.44,GIS Mapping,Caf&eacute; study group
REC-2838,PRJ-2026-4052,Investigation into Metadata and Modern Data Pipelines,m. davis,2012.0,Urbana Champaign University of Illinois,duplicate.user@research.org,2018-11-05,13,51365.78,Bioinformatics,Phase 1 &amp; 2 complete
REC-2839,PRJ-2026-9900,Analysis of Ethics,Robert Jhnson,1882,"Berkeley, University of California",jdoe@illinois.edu,2018-11-05,40,FREE,Ethics,Caf&eacute; study group
,,,,,,,,,,Data Science,Sub-tag record
,,,,,,,,,,Python,Sub-tag record
REC-2840,PRJ-2026-8819,Investigation into Ethics and Modern Data Pipelines,Smith,'15,university of illinois at urbana-champaign,smith@unlv.edu,2021-07-22,24,105092.95,Python,Cost &lt; Budget
REC-2841,PRJ20261001,Analysis of Python,Johnathan Doee,N/A,UC Berkeley,a.wright@berkeley.edu,2018-11-05,31,-$214.00,Python,Phase 1 &amp; 2 complete
,,,,,,,,,,Archival Studies,Sub-tag record
,,,,,,,,,,Cataloging,Sub-tag record
REC-2842,,Analysis of Python,Robert Johnson,2020,Univ of Illinois Urbana Champaign,jdoe@illinois.edu,2025-12-01,5,"$19,469.88",Metadata,Na&iuml;ve Bayes test
REC-2843,PRJ-2026-1001,Analysis of Cataloging,Johnathan Doe,,Massachusetts Institute of Technology,a.wright@berkeley.edu,2016-03-12,32,"$89,531.80",Ethics,Na&iuml;ve Bayes test
REC-2844,PRJ-2026-9900,Analysis of Archival Studies,Johnathan Doe,c2020,Univ of Nevada Las Vegas,jdoe@illinois.edu,2099-12-31,41,"$77,077.44",Python,Na&iuml;ve Bayes test
REC-2845,PRJ-26-1001,Proj A,Smith,Unknown,"University of California, Berkeley",contact@lab.org,2020-01-15,44,-$414.00,Ethics,Na&iuml;ve Bayes test
REC-2846,PRJ-2026-1001,Study on GIS Mapping,Bryan Stewart,2050,"University of Nevada, Las Vegas",smith@unlv.edu,2016-03-12,34,-$398.00,GIS Mapping,Phase 1 &amp; 2 complete
REC-2847,PRJ20261001,National Science Foundation Geospatial Analysis Infrastructure Program,Dr. Johnson,'15,Univ of Nevada Las Vegas,jdoe@illinois.edu,1900-01-01,13,FREE,Python,Na&iuml;ve Bayes test
REC-2848,INVALID_CODE,Comprehensive Digital Humanities Data Archival Research Initiative Phase 1,Dr. Doe,2012.0,MIT,jdoe@illinois.edu,2016-03-12,40,-$207.00,Ethics,Cost &lt; Budget
REC-2849,,National Science Foundation Geospatial Analysis Infrastructure Program,Dr. Smith,2050,Cal Berkeley,r.johnson@mit.edu,2025-12-01,17,72518.57 USD,Ethics,Caf&eacute; study group
REC-2850,PRJ-2026-9900,Study on GIS Mapping,Kathryn Write,'15,Urbana Champaign University of Illinois,a.wright@berkeley.edu,2016-03-12,9,35272.0 USD,Bioinformatics,Caf&eacute; study group
REC-2851,PRJ20261001,Study on Cataloging,Christina Taylor,2015,UNLV,jdoe@illinois.edu,,40,FREE,Ethics,Na&iuml;ve Bayes test
REC-2852,PRJ-26-1001,Comprehensive Digital Humanities Data Archival Research Project Phase 1,Dr. Johnson,1998,"University of Nevada, Las Vegas",contact@lab.org,2020-01-15,5,FREE,Metadata,Na&iuml;ve Bayes test
REC-2853,PRJ-2026-4052,Proj A,Dr. Jane Mary Smith,2012,MIT,r.johnson@mit.edu,2023-09-30,19,"$62,371.43",Metadata,Na&iuml;ve Bayes test
REC-2854,PRJ-2026-1001,Analysis of Machine Learning,Patricia Taylor Garcia,N/A,"Las Vegas, University of Nevada",r.johnson@mit.edu,2021-07-22,25,"$89,614.55",Metadata,Cost &lt; Budget
REC-2855,prj-2026-1001,Study on Archival Studies,Jayne Smyth,2020,Univ of Nevada Las Vegas,r.johnson@mit.edu,2025-12-01,33,"$128,620.35",Machine Learning,Na&iuml;ve Bayes test
REC-2856,PRJ-2026-1001,Analysis of Metadata,Alexandr Wright,2015,M.I.T.,r.johnson@mit.edu,2099-12-31,12,FREE,Ethics,Caf&eacute; study group
REC-2857,PRJ-2026-9900,Analysis of GIS Mapping,Johnathan Doee,N/A,"Las Vegas, University of Nevada",r.johnson@mit.edu,2016-03-12,23,90478.22,Data Science,Cost &lt; Budget
REC-2858,,Analysis of Python,Robert Jhnson,2015,"Technology, Massachusetts Institute of",a.wright@berkeley.edu,2023-09-30,11,FREE,Data Science,Notes on &quot;UIUC&quot;
REC-2859,INVALID_CODE,Comprehensive Digital Humanities Data Archival Research Project Phase 1,Dr. Brown,,University of Illinois at Urbana-Champaign,smith@unlv.edu,1900-01-01,30,-$108.00,Metadata,Notes on &quot;UIUC&quot;
REC-2860,PRJ-2026-1001,Analysis of Python,Johnathan Doe,2015,UNLV,a.wright@berkeley.edu,1900-01-01,7,"$30,579.90",Data Science,Caf&eacute; study group
REC-2861,PRJ20261001,Analysis of GIS Mapping,Alexander Wright,2018,"Las Vegas, University of Nevada",contact@lab.org,2020-01-15,7,FREE,Cataloging,Phase 1 &amp; 2 complete
REC-2862,PRJ-2026-9900,Study on Bioinformatics,Christina Taylor,2022,Cal Berkeley,r.johnson@mit.edu,2016-03-12,14,"$59,625.06",Ethics,Caf&eacute; study group
REC-2863,PRJ-26-1001,Analysis of Archival Studies,Michael O'Brown,Class of 2018,MIT,jdoe@illinois.edu,2023-09-30,34,-$327.00,Ethics,Na&iuml;ve Bayes test
REC-2864,PRJ-2026-4052,Analysis of Metadata,Johnathan Doee,,UIUC,jdoe@illinois.edu,2020-01-15,38,63043.81,Bioinformatics,Caf&eacute; study group
REC-2865,INVALID_CODE,Comprehensive Digital Humanities Data Archival Research Project Phase 2,Dr. Johnson,Unknown,Univ of Nevada Las Vegas,contact@lab.org,2016-03-12,19,53577.76,Python,Caf&eacute; study group
REC-2866,PRJ20261001,Analysis of Archival Studies,Patricia Taylor Garcia,Pending,"Berkeley, University of California",a.wright@berkeley.edu,,31,-$239.00,Archival Studies,Na&iuml;ve Bayes test
REC-2867,,Investigation into Data Science and Modern Data Pipelines,m. davis,2022,university of illinois at urbana-champaign,contact@lab.org,2099-12-31,12,"$32,359.88",Metadata,Notes on &quot;UIUC&quot;
REC-2868,PRJ-2026-1001,Analysis of Machine Learning,Robert Johnson,Class of 2018,Massachusetts Institute of Technology,jdoe@illinois.edu,2025-12-01,7,24054.95 USD,Bioinformatics,Notes on &quot;UIUC&quot;
,,,,,,,,,,Data Science,Sub-tag record
,,,,,,,,,,Ethics,Sub-tag record
REC-2869,PRJ-26-1001,Analysis of Bioinformatics,Johnathan Doe,'15,Massachusetts Institute of Technology,contact@lab.org,2018-11-05,36,"$74,618.08",GIS Mapping,Notes on &quot;UIUC&quot;
REC-2870,PRJ-2026-1001,Analysis of Cataloging,Alexander Wright,Class of 2018,U.N.L.V.,a.wright@berkeley.edu,2018-11-05,42,133102.23,Ethics,Na&iuml;ve Bayes test
REC-2871,PRJ20261001,Investigation into Machine Learning and Modern Data Pipelines,Smith,,University of Illinois at Urbana-Champaign,a.wright@berkeley.edu,2018-11-05,33,"$95,766.59",Data Science,Cost &lt; Budget
REC-2872,PRJ-26-1001,Investigation into Data Science and Modern Data Pipelines,Dr. Jane Mary Smith,2012,"University of Nevada, Las Vegas",contact@lab.org,2099-12-31,47,91884.94,Data Science,Na&iuml;ve Bayes test
REC-2873,PRJ20261001,Comprehensive Digital Humanities Data Archival Research Project Phase 1,Dr. Smith,2050,"Urbana-Champaign, University of Illinois",jdoe@illinois.edu,2016-03-12,26,FREE,Metadata,Phase 1 &amp; 2 complete
,,,,,,,,,,Python,Sub-tag record
REC-2874,PRJ-2026-1001,Comprehensive Digital Humanities Data Archival Research Project Phase 2,Dr. Brown,2005,"University of Nevada, Las Vegas",duplicate.user@research.org,2020-01-15,33,-$408.00,Archival Studies,Na&iuml;ve Bayes test
REC-2875,prj-2026-1001,National Science Foundation Geospatial Analysis Infrastructure Project,Dr. Doe,c. 2005,"Technology, Massachusetts Institute of",a.wright@berkeley.edu,2023-09-30,27,-$490.00,Metadata,Notes on &quot;UIUC&quot;
REC-2876,PRJ20261001,Study on GIS Mapping,Jeffrey Clarke,2012.0,Univ of Illinois Urbana Champaign,smith@unlv.edu,2023-09-30,46,"$186,408.66",Cataloging,Phase 1 &amp; 2 complete
REC-2877,PRJ20261001,Analysis of Cataloging,Robert Johnson,N/A,MIT,a.wright@berkeley.edu,1900-01-01,46,"$193,270.32",Python,Na&iuml;ve Bayes test
REC-2878,PRJ-26-1001,Comprehensive Digital Humanities Data Archival Research Project Phase 1,Dr. Brown,'15,MIT,jdoe@illinois.edu,,28,"$85,361.74",Data Science,Cost &lt; Budget
REC-2879,PRJ-26-1001,Study on Python,Stephen Miller,c2020,"University of California, Berkeley",jdoe@illinois.edu,2099-12-31,4,-$385.00,Metadata,Cost &lt; Budget
REC-2880,PRJ-2026-4052,Comprehensive Digital Humanities Data Archival Research Project Phase 2,Dr. Johnson,2022,UNLV,contact@lab.org,2018-11-05,6,-$290.00,Machine Learning,Phase 1 &amp; 2 complete
REC-2881,PRJ-2026-9900,National Science Foundation Geospatial Analysis Infrastructure Program,Dr. Brown,1882,"University of California, Berkeley",r.johnson@mit.edu,2020-01-15,39,-$440.00,Archival Studies,Phase 1 &amp; 2 complete
REC-2882,INVALID_CODE,Analysis of Ethics,Patricia Taylor-Garcia,2018,University of Illinois at Urbana-Champaign,smith@unlv.edu,2023-09-30,34,FREE,GIS Mapping,Notes on &quot;UIUC&quot;
,,,,,,,,,,Metadata,Sub-tag record
,,,,,,,,,,Bioinformatics,Sub-tag record
REC-2883,,Proj A,A. PROF. WILSON,'15,university of illinois at urbana-champaign,r.johnson@mit.edu,2023-09-30,3,-$226.00,Machine Learning,Caf&eacute; study group
REC-2884,PRJ20261001,Investigation into GIS Mapping and Modern Data Pipelines,A. PROF. WILSON,2020,UIUC,jdoe@illinois.edu,2020-01-15,6,23556.1,Metadata,Caf&eacute; study group
REC-2885,PRJ-26-1001,Investigation into Bioinformatics and Modern Data Pipelines,m. davis,1882,UC Berkeley,a.wright@berkeley.edu,2023-09-30,19,78858.23,Cataloging,Cost &lt; Budget
REC-2886,PRJ-2026-9900,Comprehensive Digital Humanities Data Archival Research Project Phase 1,Dr. Smith,2022,Cal Berkeley,contact@lab.org,1900-01-01,41,115000.6 USD,Machine Learning,Phase 1 &amp; 2 complete
REC-2887,,Analysis of Cataloging,Patricia Taylor Garcia,2015,"University of California, Berkeley",r.johnson@mit.edu,2023-09-30,18,49784.35,Machine Learning,Cost &lt; Budget
REC-2888,PRJ-2026-1001,National Science Foundation Geospatial Analysis Infrastructure Project,Dr. Brown,2022,Massachusetts Institute of Technology,smith@unlv.edu,2099-12-31,24,-$115.00,Cataloging,Phase 1 &amp; 2 complete
REC-2889,PRJ-2026-9900,Study on Metadata,Kathryn Write,'15,MIT,jdoe@illinois.edu,2099-12-31,44,160442.47 USD,Metadata,Notes on &quot;UIUC&quot;
,,,,,,,,,,GIS Mapping,Sub-tag record
,,,,,,,,,,Ethics,Sub-tag record
REC-2890,PRJ-2026-9900,Proj A,Dr. Jane Mary Smith,2021,university of illinois at urbana-champaign,jdoe@illinois.edu,,14,44419.23 USD,Data Science,Phase 1 &amp; 2 complete
REC-2891,PRJ-26-1001,Investigation into Machine Learning and Modern Data Pipelines,m. davis,2012.0,"Las Vegas, University of Nevada",contact@lab.org,,25,69975.63,Metadata,Caf&eacute; study group
,,,,,,,,,,Ethics,Sub-tag record
REC-2892,INVALID_CODE,Comprehensive Digital Humanities Data Archival Research Project Phase 1,Dr. Doe,,UIUC,a.wright@berkeley.edu,2016-03-12,42,-$465.00,GIS Mapping,Cost &lt; Budget
REC-2893,PRJ-26-1001,Analysis of Metadata,Alexander Wright,'15,"Berkeley, University of California",jdoe@illinois.edu,2020-01-15,45,FREE,Ethics,Phase 1 &amp; 2 complete
REC-2894,INVALID_CODE,Proj A,Smith,2015,UIUC,a.wright@berkeley.edu,,11,42492.39 USD,Metadata,Caf&eacute; study group
REC-2895,PRJ-2026-1001,Proj A,A. PROF. WILSON,2022,M.I.T.,a.wright@berkeley.edu,2021-07-22,60,100.0 USD,Cataloging,Notes on &quot;UIUC&quot;
REC-2896,PRJ-2026-9900,Comprehensive Digital Humanities Data Archival Research Project Phase 1,Dr. Brown,N/A,University of Illinois at Urbana-Champaign,contact@lab.org,2021-07-22,25,98494.94,Python,Cost &lt; Budget
REC-2897,PRJ-2026-1001,Proj A,Jane Smith,Unknown,MIT,jdoe@illinois.edu,2023-09-30,36,-$340.00,Metadata,Cost &lt; Budget
REC-2898,PRJ-2026-1001,Proj A,Jane Smith,2012.0,"Berkeley, University of California",a.wright@berkeley.edu,2023-09-30,5,FREE,Python,Notes on &quot;UIUC&quot;
REC-2899,PRJ20261001,National Science Foundation Geospatial Analysis Infrastructure Project,Dr. Brown,2012,Cal Berkeley,a.wright@berkeley.edu,2016-03-12,29,-$375.00,Machine Learning,Cost &lt; Budget
REC-2900,PRJ-26-1001,Comprehensive Digital Humanities Data Archival Research Initiative Phase 1,Dr. Brown,Pending,Massachusetts Institute of Technology,a.wright@berkeley.edu,1900-01-01,60,100.0,GIS Mapping,Na&iuml;ve Bayes test
REC-2901,PRJ-2026-8819,Proj A,m. davis,2005,UIUC,jdoe@illinois.edu,2023-09-30,25,77599.43 USD,Bioinformatics,Na&iuml;ve Bayes test
,,,,,,,,,,Metadata,Sub-tag record
,,,,,,,,,,Machine Learning,Sub-tag record
,,,,,,,,,,Python,Sub-tag record
REC-2902,prj-2026-1001,National Science Foundation Geospatial Analysis Infrastructure Project,Dr. Johnson,Class of 2018,UC Berkeley,a.wright@berkeley.edu,2016-03-12,43,136115.46,Machine Learning,Caf&eacute; study group
REC-2903,PRJ-2026-4052,Analysis of Cataloging,Johnathan Doee,,UC Berkeley,duplicate.user@research.org,2021-07-22,27,FREE,Bioinformatics,Na&iuml;ve Bayes test
REC-2904,PRJ-2026-4052,Study on Ethics,Geoffrey Clark,2018,university of illinois at urbana-champaign,jdoe@illinois.edu,2025-12-01,20,FREE,Archival Studies,Notes on &quot;UIUC&quot;
REC-2905,PRJ-2026-4052,Study on Archival Studies,Stephen Miller,2005,M.I.T.,a.wright@berkeley.edu,2025-12-01,30,104404.52,GIS Mapping,Caf&eacute; study group
REC-2906,PRJ-26-1001,Comprehensive Digital Humanities Data Archival Research Initiative Phase 1,Dr. Brown,c. 2005,UC Berkeley,r.johnson@mit.edu,2016-03-12,44,97678.75 USD,Machine Learning,Cost &lt; Budget
REC-2907,PRJ-26-1001,Investigation into GIS Mapping and Modern Data Pipelines,Smith,2020,"Las Vegas, University of Nevada",contact@lab.org,2020-01-15,45,FREE,Data Science,Cost &lt; Budget
REC-2908,PRJ-2026-4052,Proj A,A. PROF. WILSON,c2020,university of illinois at urbana-champaign,jdoe@illinois.edu,2020-01-15,26,77331.23,Data Science,Phase 1 &amp; 2 complete
REC-2909,PRJ20261001,Analysis of Metadata,Johnathan Doe,c2020,M.I.T.,r.johnson@mit.edu,2021-07-22,38,"$73,130.61",Python,Phase 1 &amp; 2 complete
REC-2910,PRJ-2026-1001,Analysis of Machine Learning,Michael O'Brown,'15,UIUC,r.johnson@mit.edu,2020-01-15,30,"$66,019.64",Machine Learning,Na&iuml;ve Bayes test
REC-2911,PRJ-26-1001,Analysis of Data Science,Johnathan Doe,2005,U.N.L.V.,contact@lab.org,2016-03-12,33,109670.43,Cataloging,Phase 1 &amp; 2 complete
REC-2912,PRJ-2026-4052,Analysis of Data Science,Patricia Taylor Garcia,1882,university of illinois at urbana-champaign,jdoe@illinois.edu,2021-07-22,17,-$463.00,Machine Learning,Cost &lt; Budget
REC-2913,PRJ-2026-4052,Analysis of Bioinformatics,Michael O'Brown,Pending,UIUC,a.wright@berkeley.edu,2020-01-15,11,"$20,327.16",Metadata,Caf&eacute; study group
REC-2914,prj-2026-1001,Study on Ethics,Christina Taylor,2012,university of illinois at urbana-champaign,duplicate.user@research.org,2023-09-30,42,-$125.00,Ethics,Na&iuml;ve Bayes test
REC-2915,PRJ-2026-4052,Study on Bioinformatics,Brian Stuart,2012.0,"Las Vegas, University of Nevada",jdoe@illinois.edu,2016-03-12,45,96789.35,Ethics,Na&iuml;ve Bayes test
REC-2916,PRJ20261001,Analysis of Metadata,Johnathan Doee,N/A,"University of Nevada, Las Vegas",a.wright@berkeley.edu,2016-03-12,48,"$198,719.42",Machine Learning,Cost &lt; Budget
REC-2917,PRJ20261001,Study on Ethics,Kristina Tailor,2020,UC Berkeley,contact@lab.org,2023-09-30,4,FREE,Data Science,Phase 1 &amp; 2 complete
REC-2918,PRJ-2026-4052,Analysis of GIS Mapping,Patricia Taylor-Garcia,2012.0,UC Berkeley,a.wright@berkeley.edu,2023-09-30,28,70975.16 USD,Metadata,Na&iuml;ve Bayes test
REC-2919,PRJ-2026-4052,Comprehensive Digital Humanities Data Archival Research Project Phase 2,Dr. Brown,2020,"University of Nevada, Las Vegas",smith@unlv.edu,1900-01-01,45,-$472.00,Data Science,Phase 1 &amp; 2 complete
,,,,,,,,,,Python,Sub-tag record
,,,,,,,,,,Bioinformatics,Sub-tag record
,,,,,,,,,,Archival Studies,Sub-tag record
REC-2920,PRJ-2026-1001,Investigation into Cataloging and Modern Data Pipelines,Smith,2018,Urbana Champaign University of Illinois,a.wright@berkeley.edu,2016-03-12,20,-$303.00,Cataloging,Cost &lt; Budget
REC-2921,,Analysis of Archival Studies,Michael OBrown,2015,"Urbana-Champaign, University of Illinois",r.johnson@mit.edu,2016-03-12,7,"$16,261.31",Cataloging,Phase 1 &amp; 2 complete
REC-2922,PRJ20261001,Analysis of Cataloging,Michael OBrown,c2020,University of Illinois at Urbana-Champaign,contact@lab.org,2023-09-30,37,-$198.00,Metadata,Cost &lt; Budget
REC-2923,PRJ-26-1001,Analysis of Data Science,Robert Jhnson,Unknown,UC Berkeley,contact@lab.org,,38,164792.76,Machine Learning,Notes on &quot;UIUC&quot;
REC-2924,PRJ-2026-8819,Analysis of Bioinformatics,Alexander Wright,1998,University of Illinois at Urbana-Champaign,contact@lab.org,2021-07-22,38,-$463.00,Bioinformatics,Caf&eacute; study group
REC-2925,INVALID_CODE,Analysis of Ethics,Michael O'Brown,2018,University of Illinois at Urbana-Champaign,smith@unlv.edu,2023-09-30,22,60277.48,Archival Studies,Caf&eacute; study group
REC-2926,PRJ-2026-1001,National Science Foundation Geospatial Analysis Infrastructure Program,Dr. Smith,Unknown,"University of Nevada, Las Vegas",smith@unlv.edu,1900-01-01,24,FREE,Archival Studies,Notes on &quot;UIUC&quot;
REC-2927,PRJ-2026-4052,Investigation into Machine Learning and Modern Data Pipelines,Smith,,U.N.L.V.,contact@lab.org,2018-11-05,8,FREE,GIS Mapping,Cost &lt; Budget
REC-2928,prj-2026-1001,Analysis of Machine Learning,Robert Johnson,1882,"Technology, Massachusetts Institute of",jdoe@illinois.edu,1900-01-01,27,-$411.00,Data Science,Phase 1 &amp; 2 complete
REC-2929,PRJ-2026-8819,Comprehensive Digital Humanities Data Archival Research Initiative Phase 1,Dr. Johnson,c2020,Univ of Nevada Las Vegas,r.johnson@mit.edu,1900-01-01,27,81531.13,Cataloging,Na&iuml;ve Bayes test
REC-2930,PRJ-26-1001,Investigation into Machine Learning and Modern Data Pipelines,m. davis,1998,University of Illinois at Urbana-Champaign,r.johnson@mit.edu,2023-09-30,25,88092.54 USD,Data Science,Cost &lt; Budget
,,,,,,,,,,Machine Learning,Sub-tag record
REC-2931,,Study on Metadata,Bryan Stewart,Unknown,Univ. of Illinois (UIUC),smith@unlv.edu,1900-01-01,20,"$71,219.34",Archival Studies,Na&iuml;ve Bayes test
REC-2932,PRJ-26-1001,Analysis of Cataloging,Robert Johnson,2012.0,"Berkeley, University of California",jdoe@illinois.edu,2099-12-31,40,"$83,241.44",Machine Learning,Phase 1 &amp; 2 complete
REC-2933,PRJ-2026-1001,Proj A,Dr. Jane Mary Smith,1998,university of illinois at urbana-champaign,r.johnson@mit.edu,2021-07-22,43,96992.21,Archival Studies,Cost &lt; Budget
REC-2934,PRJ-26-1001,Investigation into Data Science and Modern Data Pipelines,Smith,Unknown,UIUC,r.johnson@mit.edu,2018-11-05,41,178922.61,Bioinformatics,Cost &lt; Budget
REC-2935,PRJ-26-1001,Investigation into Python and Modern Data Pipelines,A. PROF. WILSON,2020,Univ. of Illinois (UIUC),a.wright@berkeley.edu,1900-01-01,13,"$39,019.10",Machine Learning,Notes on &quot;UIUC&quot;
REC-2936,PRJ-26-1001,Investigation into GIS Mapping and Modern Data Pipelines,Jane Smith,2050,MIT,r.johnson@mit.edu,2020-01-15,10,FREE,Metadata,Notes on &quot;UIUC&quot;
REC-2937,PRJ-2026-1001,Investigation into Ethics and Modern Data Pipelines,Dr. Jane Mary Smith,2018,university of illinois at urbana-champaign,a.wright@berkeley.edu,2099-12-31,9,-$245.00,Python,Na&iuml;ve Bayes test
REC-2938,prj-2026-1001,Proj A,m. davis,Class of 2018,"Urbana-Champaign, University of Illinois",contact@lab.org,,21,FREE,Python,Cost &lt; Budget
REC-2939,PRJ-26-1001,Analysis of Cataloging,Alexandr Wright,2005,M.I.T.,a.wright@berkeley.edu,1900-01-01,38,FREE,Bioinformatics,Caf&eacute; study group
,,,,,,,,,,Python,Sub-tag record
REC-2940,PRJ-2026-8819,Investigation into Archival Studies and Modern Data Pipelines,Dr. Jane Mary Smith,2020,Univ of Illinois Urbana Champaign,contact@lab.org,2018-11-05,32,-$404.00,Data Science,Na&iuml;ve Bayes test
REC-2941,prj-2026-1001,Proj A,A. PROF. WILSON,2021,"Technology, Massachusetts Institute of",a.wright@berkeley.edu,2023-09-30,8,-$358.00,Archival Studies,Caf&eacute; study group
REC-2942,,Comprehensive Digital Humanities Data Archival Research Project Phase 2,Dr. Johnson,Unknown,"Las Vegas, University of Nevada",contact@lab.org,2025-12-01,45,132685.12,Archival Studies,Notes on &quot;UIUC&quot;
REC-2943,PRJ-26-1001,Investigation into Data Science and Modern Data Pipelines,Smith,1882,"Berkeley, University of California",smith@unlv.edu,2021-07-22,9,-$115.00,Metadata,Notes on &quot;UIUC&quot;
REC-2944,PRJ-2026-1001,Analysis of Data Science,Robert Jhnson,N/A,Cal Berkeley,a.wright@berkeley.edu,2020-01-15,16,FREE,Python,Na&iuml;ve Bayes test
REC-2945,PRJ-2026-1001,Investigation into Bioinformatics and Modern Data Pipelines,Smith,,Massachusetts Institute of Technology,jdoe@illinois.edu,2016-03-12,33,-$110.00,Cataloging,Notes on &quot;UIUC&quot;
REC-2946,PRJ20261001,Investigation into Data Science and Modern Data Pipelines,A. PROF. WILSON,2050,"Technology, Massachusetts Institute of",jdoe@illinois.edu,2016-03-12,35,-$238.00,Bioinformatics,Na&iuml;ve Bayes test
REC-2947,PRJ-2026-1001,Investigation into Ethics and Modern Data Pipelines,Dr. Jane Mary Smith,2005,"Technology, Massachusetts Institute of",r.johnson@mit.edu,2099-12-31,20,78724.45 USD,Metadata,Cost &lt; Budget
REC-2948,PRJ-2026-8819,Investigation into Bioinformatics and Modern Data Pipelines,m. davis,2020,Univ of Nevada Las Vegas,contact@lab.org,,40,92573.55 USD,Data Science,Phase 1 &amp; 2 complete
REC-2949,INVALID_CODE,Study on Metadata,Steven Miller,2018,Univ. of Illinois (UIUC),smith@unlv.edu,2021-07-22,27,94227.48,Python,Phase 1 &amp; 2 complete
REC-2950,prj-2026-1001,Proj A,Jane Smith,2018,Cal Berkeley,a.wright@berkeley.edu,2016-03-12,8,22384.33,Metadata,Caf&eacute; study group
REC-2951,,National Science Foundation Geospatial Analysis Infrastructure Program,Dr. Brown,2012.0,M.I.T.,r.johnson@mit.edu,2021-07-22,39,"$127,945.90",Cataloging,Caf&eacute; study group
,,,,,,,,,,Bioinformatics,Sub-tag record
,,,,,,,,,,Python,Sub-tag record
REC-2952,prj-2026-1001,Proj A,A. PROF. WILSON,Unknown,Univ. of Illinois (UIUC),smith@unlv.edu,2020-01-15,25,FREE,Ethics,Notes on &quot;UIUC&quot;
REC-2953,PRJ-2026-9900,Analysis of Cataloging,Robert Jhnson,2005,M.I.T.,contact@lab.org,2018-11-05,17,"$62,090.50",GIS Mapping,Phase 1 &amp; 2 complete
,,,,,,,,,,Metadata,Sub-tag record
,,,,,,,,,,Python,Sub-tag record
,,,,,,,,,,Machine Learning,Sub-tag record
REC-2954,PRJ-2026-9900,Comprehensive Digital Humanities Data Archival Research Project Phase 2,Dr. Smith,2015,MIT,smith@unlv.edu,2021-07-22,37,-$207.00,Python,Phase 1 &amp; 2 complete
REC-2955,prj-2026-1001,Investigation into Metadata and Modern Data Pipelines,Smith,1882,M.I.T.,jdoe@illinois.edu,2099-12-31,40,122851.78,Machine Learning,Notes on &quot;UIUC&quot;
REC-2956,prj-2026-1001,Proj A,m. davis,'15,Massachusetts Institute of Technology,r.johnson@mit.edu,2023-09-30,34,-$213.00,Metadata,Notes on &quot;UIUC&quot;
REC-2957,PRJ-2026-9900,Investigation into Data Science and Modern Data Pipelines,Dr. Jane Mary Smith,2022,Urbana Champaign University of Illinois,a.wright@berkeley.edu,1900-01-01,42,FREE,Ethics,Na&iuml;ve Bayes test
REC-2958,PRJ-2026-9900,Analysis of Archival Studies,Alexandr Wright,Pending,Cal Berkeley,contact@lab.org,2021-07-22,4,"$8,856.27",Python,Phase 1 &amp; 2 complete
REC-2959,INVALID_CODE,Proj A,Dr. Jane Mary Smith,2022,University of Illinois at Urbana-Champaign,a.wright@berkeley.edu,1900-01-01,45,171100.77 USD,Cataloging,Na&iuml;ve Bayes test
REC-2960,,National Science Foundation Geospatial Analysis Infrastructure Program,Dr. Brown,2020,M.I.T.,contact@lab.org,1900-01-01,40,-$145.00,Data Science,Notes on &quot;UIUC&quot;
REC-2961,PRJ-2026-4052,Analysis of GIS Mapping,Alexandr Wright,Unknown,Univ. of Illinois (UIUC),smith@unlv.edu,2025-12-01,28,62329.13 USD,Bioinformatics,Cost &lt; Budget
REC-2962,,Analysis of Python,Alexander Wright,'15,Cal Berkeley,duplicate.user@research.org,2025-12-01,21,57629.76 USD,Python,Cost &lt; Budget
REC-2963,PRJ-2026-8819,Analysis of Ethics,Johnathan Doee,1998,M.I.T.,duplicate.user@research.org,2018-11-05,32,138241.4 USD,Cataloging,Phase 1 &amp; 2 complete
REC-2964,prj-2026-1001,Analysis of Archival Studies,Patricia Taylor-Garcia,2005,Urbana Champaign University of Illinois,smith@unlv.edu,,16,"$52,722.70",Bioinformatics,Caf&eacute; study group
REC-2965,INVALID_CODE,Study on Data Science,Jane Smith,2015,Cal Berkeley,contact@lab.org,1900-01-01,16,FREE,GIS Mapping,Phase 1 &amp; 2 complete
REC-2966,PRJ-2026-4052,Investigation into Cataloging and Modern Data Pipelines,A. PROF. WILSON,2012.0,"University of California, Berkeley",r.johnson@mit.edu,2099-12-31,42,-$201.00,Bioinformatics,Caf&eacute; study group
REC-2967,PRJ-2026-9900,National Science Foundation Geospatial Analysis Infrastructure Project,Dr. Johnson,2015,Univ of Illinois Urbana Champaign,a.wright@berkeley.edu,2023-09-30,39,156240.82,Cataloging,Caf&eacute; study group
REC-2968,PRJ-2026-1001,Analysis of Ethics,Alexandr Wright,c. 2005,"Urbana-Champaign, University of Illinois",contact@lab.org,2025-12-01,8,25275.02 USD,GIS Mapping,Caf&eacute; study group
REC-2969,PRJ-26-1001,Proj A,m. davis,Class of 2018,MIT,r.johnson@mit.edu,2016-03-12,35,FREE,Bioinformatics,Na&iuml;ve Bayes test
REC-2970,INVALID_CODE,Analysis of Cataloging,Patricia Taylor Garcia,,"Urbana-Champaign, University of Illinois",contact@lab.org,2023-09-30,43,FREE,Cataloging,Caf&eacute; study group
REC-2971,PRJ-2026-8819,National Science Foundation Geospatial Analysis Infrastructure Project,Dr. Johnson,c. 2005,Massachusetts Institute of Technology,jdoe@illinois.edu,2018-11-05,18,"$54,237.81",Data Science,Cost &lt; Budget
,,,,,,,,,,Cataloging,Sub-tag record
,,,,,,,,,,Metadata,Sub-tag record
,,,,,,,,,,Bioinformatics,Sub-tag record
REC-2972,PRJ-2026-1001,Investigation into GIS Mapping and Modern Data Pipelines,A. PROF. WILSON,2015,"Technology, Massachusetts Institute of",contact@lab.org,2021-07-22,31,72187.03 USD,Machine Learning,Caf&eacute; study group
REC-2973,PRJ-2026-9900,Study on Metadata,Kathryn Write,c. 2005,Univ of Illinois Urbana Champaign,duplicate.user@research.org,1900-01-01,38,-$464.00,Machine Learning,Cost &lt; Budget
REC-2974,PRJ-2026-9900,Study on GIS Mapping,Jane Smith,c. 2005,Univ of Illinois Urbana Champaign,smith@unlv.edu,2021-07-22,37,101674.21 USD,Ethics,Cost &lt; Budget
,,,,,,,,,,Python,Sub-tag record
REC-2975,PRJ-2026-9900,Comprehensive Digital Humanities Data Archival Research Project Phase 1,Dr. Smith,2050,UIUC,a.wright@berkeley.edu,,4,6822.96,Archival Studies,Phase 1 &amp; 2 complete
REC-2976,prj-2026-1001,Study on Python,Brian Stuart,2018,"Berkeley, University of California",jdoe@illinois.edu,2018-11-05,43,165688.93,Python,Notes on &quot;UIUC&quot;
,,,,,,,,,,Machine Learning,Sub-tag record
,,,,,,,,,,GIS Mapping,Sub-tag record
REC-2977,,Study on Cataloging,Christina Taylor,N/A,UC Berkeley,jdoe@illinois.edu,1900-01-01,3,9326.41,Metadata,Caf&eacute; study group
REC-2978,INVALID_CODE,Analysis of Ethics,Michael O'Brown,2015,U.N.L.V.,jdoe@illinois.edu,2018-11-05,17,FREE,GIS Mapping,Notes on &quot;UIUC&quot;
,,,,,,,,,,Python,Sub-tag record
REC-2979,PRJ20261001,Analysis of GIS Mapping,Michael OBrown,2018,"Urbana-Champaign, University of Illinois",smith@unlv.edu,2018-11-05,36,114012.5 USD,Archival Studies,Caf&eacute; study group
REC-2980,INVALID_CODE,National Science Foundation Geospatial Analysis Infrastructure Program,Dr. Smith,2021,Massachusetts Institute of Technology,smith@unlv.edu,2020-01-15,6,-$289.00,Bioinformatics,Phase 1 &amp; 2 complete
REC-2981,PRJ-2026-1001,Comprehensive Digital Humanities Data Archival Research Project Phase 1,Dr. Brown,2021,UIUC,a.wright@berkeley.edu,2018-11-05,10,FREE,Cataloging,Na&iuml;ve Bayes test
REC-2982,PRJ20261001,Analysis of Python,Michael OBrown,2050,U.N.L.V.,contact@lab.org,2020-01-15,12,25961.82,Python,Phase 1 &amp; 2 complete
REC-2983,INVALID_CODE,Proj A,A. PROF. WILSON,2050,University of Illinois at Urbana-Champaign,jdoe@illinois.edu,,25,FREE,Metadata,Phase 1 &amp; 2 complete
REC-2984,PRJ-2026-4052,Study on Data Science,Stephen Miller,2021,"University of California, Berkeley",r.johnson@mit.edu,,29,-$459.00,Archival Studies,Phase 1 &amp; 2 complete
,,,,,,,,,,Machine Learning,Sub-tag record
,,,,,,,,,,Metadata,Sub-tag record
,,,,,,,,,,Data Science,Sub-tag record
REC-2985,PRJ-2026-1001,Analysis of Python,Patricia Taylor Garcia,Class of 2018,Univ of Nevada Las Vegas,r.johnson@mit.edu,1900-01-01,24,-$117.00,Metadata,Phase 1 &amp; 2 complete
REC-2986,,Investigation into Python and Modern Data Pipelines,Dr. Jane Mary Smith,1882,"Technology, Massachusetts Institute of",contact@lab.org,2025-12-01,34,-$240.00,Data Science,Na&iuml;ve Bayes test
,,,,,,,,,,GIS Mapping,Sub-tag record
REC-2987,,National Science Foundation Geospatial Analysis Infrastructure Program,Dr. Brown,2005,"Technology, Massachusetts Institute of",smith@unlv.edu,2023-09-30,27,-$276.00,Machine Learning,Caf&eacute; study group
REC-2988,INVALID_CODE,Proj A,Dr. Jane Mary Smith,c2020,"University of California, Berkeley",r.johnson@mit.edu,,3,5712.76 USD,Archival Studies,Cost &lt; Budget
REC-2989,INVALID_CODE,Investigation into Machine Learning and Modern Data Pipelines,Smith,2022,Massachusetts Institute of Technology,contact@lab.org,1900-01-01,22,FREE,Bioinformatics,Phase 1 &amp; 2 complete
REC-2990,PRJ20261001,Proj A,m. davis,2012.0,Massachusetts Institute of Technology,a.wright@berkeley.edu,2023-09-30,26,103105.07 USD,Cataloging,Phase 1 &amp; 2 complete
REC-2991,PRJ-26-1001,Study on Python,Christina Taylor,Class of 2018,Univ. of Illinois (UIUC),smith@unlv.edu,2020-01-15,27,"$107,822.53",Ethics,Cost &lt; Budget
REC-2992,PRJ-26-1001,Comprehensive Digital Humanities Data Archival Research Project Phase 1,Dr. Brown,2005,MIT,jdoe@illinois.edu,2020-01-15,17,"$42,353.36",Machine Learning,Phase 1 &amp; 2 complete
REC-2993,PRJ-2026-9900,National Science Foundation Geospatial Analysis Infrastructure Program,Dr. Johnson,c. 2005,University of Illinois at Urbana-Champaign,contact@lab.org,2023-09-30,11,"$40,444.85",Metadata,Notes on &quot;UIUC&quot;
,,,,,,,,,,GIS Mapping,Sub-tag record
REC-2994,,Comprehensive Digital Humanities Data Archival Research Project Phase 1,Dr. Doe,2020,Univ of Nevada Las Vegas,jdoe@illinois.edu,2099-12-31,47,FREE,Archival Studies,Na&iuml;ve Bayes test
REC-2995,PRJ-2026-4052,Proj A,A. PROF. WILSON,2018,"Las Vegas, University of Nevada",jdoe@illinois.edu,1900-01-01,8,-$389.00,Ethics,Na&iuml;ve Bayes test
REC-2996,PRJ-2026-8819,Study on Data Science,Brian Stuart,2050,"Urbana-Champaign, University of Illinois",r.johnson@mit.edu,1900-01-01,36,137414.55 USD,Python,Cost &lt; Budget
REC-2997,PRJ-2026-9900,National Science Foundation Geospatial Analysis Infrastructure Program,Dr. Brown,2012.0,"Las Vegas, University of Nevada",a.wright@berkeley.edu,2023-09-30,37,71451.38 USD,Metadata,Na&iuml;ve Bayes test
REC-2998,PRJ-26-1001,Comprehensive Digital Humanities Data Archival Research Initiative Phase 1,Dr. Johnson,2022,UIUC,smith@unlv.edu,2018-11-05,36,FREE,Python,Phase 1 &amp; 2 complete
REC-2999,,Study on Python,Steven Miller,1882,"University of Nevada, Las Vegas",smith@unlv.edu,2099-12-31,1,750000.0 USD,Bioinformatics,Notes on &quot;UIUC&quot;
REC-3000,PRJ-26-1001,Proj A,Smith,1882,"Berkeley, University of California",r.johnson@mit.edu,,45,84966.56 USD,Machine Learning,Caf&eacute; study group
REC-3001,INVALID_CODE,Analysis of Cataloging,Robert Johnson,2012.0,Univ of Illinois Urbana Champaign,smith@unlv.edu,2020-01-15,5,14711.47,Machine Learning,Phase 1 &amp; 2 complete
REC-3002,INVALID_CODE,Comprehensive Digital Humanities Data Archival Research Project Phase 2,Dr. Johnson,2021,University of Illinois at Urbana-Champaign,duplicate.user@research.org,2018-11-05,25,-$295.00,Python,Cost &lt; Budget
REC-3003,PRJ20261001,Proj A,Dr. Jane Mary Smith,2020,Urbana Champaign University of Illinois,contact@lab.org,2018-11-05,26,FREE,Archival Studies,Phase 1 &amp; 2 complete
REC-3004,PRJ-2026-1001,Analysis of Archival Studies,Alexandr Wright,2020,University of Illinois at Urbana-Champaign,duplicate.user@research.org,2021-07-22,22,72583.86 USD,Ethics,Cost &lt; Budget
REC-3005,,Comprehensive Digital Humanities Data Archival Research Project Phase 1,Dr. Brown,,"University of California, Berkeley",a.wright@berkeley.edu,1900-01-01,11,-$402.00,GIS Mapping,Phase 1 &amp; 2 complete
REC-3006,PRJ-2026-1001,Analysis of Cataloging,Robert Jhnson,2022,"University of California, Berkeley",r.johnson@mit.edu,2021-07-22,13,-$264.00,Data Science,Notes on &quot;UIUC&quot;
REC-3007,PRJ-2026-9900,Investigation into GIS Mapping and Modern Data Pipelines,Smith,2021,Urbana Champaign University of Illinois,contact@lab.org,1900-01-01,32,93273.47 USD,Archival Studies,Na&iuml;ve Bayes test
REC-3008,PRJ20261001,Study on Bioinformatics,Steven Miller,c2020,U.N.L.V.,duplicate.user@research.org,1900-01-01,38,"$154,184.99",Metadata,Notes on &quot;UIUC&quot;
REC-3009,PRJ-2026-8819,Analysis of Cataloging,Johnathan Doe,N/A,"University of California, Berkeley",contact@lab.org,2099-12-31,31,58930.69,Cataloging,Na&iuml;ve Bayes test
REC-3010,PRJ-2026-8819,Analysis of GIS Mapping,Michael O'Brown,2050,U.N.L.V.,a.wright@berkeley.edu,2016-03-12,28,44726.77,Cataloging,Caf&eacute; study group
REC-3011,,Study on GIS Mapping,Steven Miller,c. 2005,Urbana Champaign University of Illinois,r.johnson@mit.edu,2018-11-05,45,109253.73 USD,Metadata,Phase 1 &amp; 2 complete
REC-3012,,Comprehensive Digital Humanities Data Archival Research Project Phase 1,Dr. Doe,c2020,University of Illinois at Urbana-Champaign,a.wright@berkeley.edu,2018-11-05,4,FREE,GIS Mapping,Caf&eacute; study group
REC-3013,PRJ-26-1001,Study on Python,Jane Smith,2012.0,UC Berkeley,contact@lab.org,2023-09-30,18,FREE,Cataloging,Notes on &quot;UIUC&quot;
REC-3014,PRJ20261001,Investigation into Bioinformatics and Modern Data Pipelines,Jane Smith,Unknown,UC Berkeley,a.wright@berkeley.edu,1900-01-01,34,FREE,Ethics,Na&iuml;ve Bayes test
REC-3015,PRJ-2026-4052,Investigation into Cataloging and Modern Data Pipelines,Smith,Unknown,university of illinois at urbana-champaign,contact@lab.org,2025-12-01,38,-$434.00,GIS Mapping,Notes on &quot;UIUC&quot;
REC-3016,PRJ20261001,Analysis of Metadata,Robert Johnson,1998,Urbana Champaign University of Illinois,jdoe@illinois.edu,1900-01-01,4,"$6,397.89",Machine Learning,Phase 1 &amp; 2 complete
REC-3017,INVALID_CODE,National Science Foundation Geospatial Analysis Infrastructure Project,Dr. Johnson,'15,University of Illinois at Urbana-Champaign,smith@unlv.edu,2023-09-30,7,-$409.00,Ethics,Caf&eacute; study group
,,,,,,,,,,Bioinformatics,Sub-tag record
REC-3018,PRJ-2026-4052,Study on GIS Mapping,Catherine Wright,2015,MIT,contact@lab.org,2025-12-01,45,191988.57 USD,Bioinformatics,Caf&eacute; study group
REC-3019,PRJ-2026-4052,Investigation into Bioinformatics and Modern Data Pipelines,Jane Smith,2018,UIUC,a.wright@berkeley.edu,2016-03-12,32,65395.61,Metadata,Notes on &quot;UIUC&quot;
REC-3020,prj-2026-1001,Study on Bioinformatics,Geoffrey Clark,2050,UC Berkeley,smith@unlv.edu,2025-12-01,9,31443.47,Archival Studies,Na&iuml;ve Bayes test
REC-3021,prj-2026-1001,Analysis of Archival Studies,Michael O'Brown,2015,MIT,r.johnson@mit.edu,2018-11-05,16,FREE,Bioinformatics,Caf&eacute; study group
REC-3022,,Study on Python,Brian Stuart,,"Technology, Massachusetts Institute of",contact@lab.org,1900-01-01,36,-$342.00,Python,Phase 1 &amp; 2 complete
REC-3023,PRJ-2026-1001,Proj A,m. davis,N/A,Urbana Champaign University of Illinois,a.wright@berkeley.edu,2020-01-15,34,91352.56 USD,Python,Caf&eacute; study group
REC-3024,prj-2026-1001,Investigation into Python and Modern Data Pipelines,Dr. Jane Mary Smith,c2020,Massachusetts Institute of Technology,contact@lab.org,2099-12-31,43,FREE,Archival Studies,Phase 1 &amp; 2 complete
REC-3025,PRJ-26-1001,Comprehensive Digital Humanities Data Archival Research Project Phase 1,Dr. Johnson,Class of 2018,Univ. of Illinois (UIUC),duplicate.user@research.org,2021-07-22,41,-$471.00,Ethics,Caf&eacute; study group
REC-3026,prj-2026-1001,Investigation into Cataloging and Modern Data Pipelines,Dr. Jane Mary Smith,2015,UNLV,r.johnson@mit.edu,,33,101472.73,Cataloging,Phase 1 &amp; 2 complete
REC-3027,PRJ-2026-4052,Analysis of Bioinformatics,Alexandr Wright,1998,UC Berkeley,contact@lab.org,2021-07-22,22,-$121.00,GIS Mapping,Caf&eacute; study group
REC-3028,INVALID_CODE,Study on Cataloging,Kathryn Write,Class of 2018,"Urbana-Champaign, University of Illinois",jdoe@illinois.edu,2021-07-22,48,"$109,089.77",Data Science,Notes on &quot;UIUC&quot;
REC-3029,PRJ-2026-9900,Analysis of Cataloging,Robert Jhnson,Pending,"Berkeley, University of California",a.wright@berkeley.edu,2021-07-22,32,74988.74 USD,Bioinformatics,Cost &lt; Budget
REC-3030,PRJ20261001,Proj A,Smith,Unknown,Univ. of Illinois (UIUC),contact@lab.org,2023-09-30,12,-$245.00,Machine Learning,Phase 1 &amp; 2 complete
REC-3031,PRJ-2026-4052,Study on Archival Studies,Jayne Smyth,2018,"Technology, Massachusetts Institute of",contact@lab.org,2025-12-01,36,82336.05 USD,Archival Studies,Phase 1 &amp; 2 complete
REC-3032,PRJ-2026-9900,Analysis of Cataloging,Alexandr Wright,N/A,University of Illinois at Urbana-Champaign,r.johnson@mit.edu,2025-12-01,26,60028.15 USD,Cataloging,Caf&eacute; study group
REC-3033,PRJ20261001,Comprehensive Digital Humanities Data Archival Research Initiative Phase 1,Dr. Smith,N/A,UIUC,duplicate.user@research.org,2016-03-12,33,82577.89 USD,Ethics,Caf&eacute; study group
,,,,,,,,,,Machine Learning,Sub-tag record
REC-3034,PRJ-2026-9900,Analysis of Bioinformatics,Alexandr Wright,1998,Univ of Illinois Urbana Champaign,smith@unlv.edu,2099-12-31,41,-$252.00,Machine Learning,Caf&eacute; study group
REC-3035,PRJ-2026-1001,Analysis of Ethics,Michael OBrown,2015,MIT,contact@lab.org,2099-12-31,5,16919.53 USD,Python,Na&iuml;ve Bayes test
REC-3036,PRJ20261001,Study on GIS Mapping,Jane Smith,Unknown,"Urbana-Champaign, University of Illinois",duplicate.user@research.org,,46,158077.25 USD,GIS Mapping,Notes on &quot;UIUC&quot;
REC-3037,prj-2026-1001,Analysis of Ethics,Johnathan Doee,Pending,U.N.L.V.,r.johnson@mit.edu,2016-03-12,42,FREE,Data Science,Cost &lt; Budget
REC-3038,prj-2026-1001,Analysis of Ethics,Johnathan Doe,2012,"University of California, Berkeley",a.wright@berkeley.edu,2021-07-22,36,-$357.00,GIS Mapping,Phase 1 &amp; 2 complete
REC-3039,PRJ-2026-9900,National Science Foundation Geospatial Analysis Infrastructure Project,Dr. Smith,2050,"Berkeley, University of California",contact@lab.org,2016-03-12,43,68843.99,Python,Notes on &quot;UIUC&quot;
REC-3040,PRJ-2026-8819,Analysis of Data Science,Robert Johnson,2012.0,Univ of Illinois Urbana Champaign,jdoe@illinois.edu,1900-01-01,4,FREE,Python,Caf&eacute; study group
REC-3041,PRJ-2026-4052,Proj A,Dr. Jane Mary Smith,2015,"University of Nevada, Las Vegas",contact@lab.org,2025-12-01,6,23477.59 USD,Metadata,Cost &lt; Budget
REC-3042,PRJ-2026-1001,Study on Python,Jayne Smyth,2020,Urbana Champaign University of Illinois,r.johnson@mit.edu,2016-03-12,8,-$171.00,Bioinformatics,Cost &lt; Budget
REC-3043,PRJ-26-1001,Analysis of Machine Learning,Johnathan Doee,2050,"Urbana-Champaign, University of Illinois",jdoe@illinois.edu,2023-09-30,31,-$283.00,Archival Studies,Na&iuml;ve Bayes test
REC-3044,PRJ-2026-9900,Proj A,Jane Smith,c. 2005,Univ of Nevada Las Vegas,r.johnson@mit.edu,,8,24858.82 USD,Cataloging,Phase 1 &amp; 2 complete
REC-3045,,Analysis of Metadata,Robert Johnson,2012.0,UC Berkeley,jdoe@illinois.edu,2025-12-01,26,89428.66 USD,Ethics,Notes on &quot;UIUC&quot;
REC-3046,INVALID_CODE,Study on Data Science,Geoffrey Clark,2018,"University of Nevada, Las Vegas",jdoe@illinois.edu,2025-12-01,35,"$100,115.68",Python,Cost &lt; Budget
REC-3047,PRJ-26-1001,Study on Ethics,Christina Taylor,'15,"Berkeley, University of California",jdoe@illinois.edu,2016-03-12,44,99700.61 USD,Data Science,Na&iuml;ve Bayes test
REC-3048,PRJ-2026-9900,Analysis of Bioinformatics,Patricia Taylor Garcia,2012.0,Cal Berkeley,r.johnson@mit.edu,2025-12-01,7,-$487.00,Metadata,Cost &lt; Budget
REC-3049,prj-2026-1001,Investigation into Python and Modern Data Pipelines,m. davis,Pending,MIT,a.wright@berkeley.edu,2025-12-01,26,"$61,142.00",Ethics,Na&iuml;ve Bayes test
REC-3050,PRJ20261001,Proj A,Jane Smith,Unknown,M.I.T.,jdoe@illinois.edu,2016-03-12,26,85787.94,GIS Mapping,Cost &lt; Budget
REC-3051,PRJ-26-1001,Proj A,m. davis,N/A,"Technology, Massachusetts Institute of",contact@lab.org,1900-01-01,24,FREE,Data Science,Caf&eacute; study group
REC-3052,PRJ-2026-8819,Analysis of GIS Mapping,Robert Jhnson,2015,Cal Berkeley,jdoe@illinois.edu,2020-01-15,33,FREE,GIS Mapping,Caf&eacute; study group
REC-3053,PRJ-2026-1001,Comprehensive Digital Humanities Data Archival Research Project Phase 2,Dr. Smith,2021,Univ of Nevada Las Vegas,jdoe@illinois.edu,2025-12-01,24,76009.27,Python,Cost &lt; Budget
REC-3054,PRJ-2026-9900,Comprehensive Digital Humanities Data Archival Research Project Phase 2,Dr. Brown,N/A,Univ of Illinois Urbana Champaign,smith@unlv.edu,2025-12-01,29,"$79,584.23",Python,Caf&eacute; study group
REC-3055,prj-2026-1001,Study on Machine Learning,Geoffrey Clark,,University of Illinois at Urbana-Champaign,jdoe@illinois.edu,2021-07-22,26,110035.98 USD,Metadata,Phase 1 &amp; 2 complete
REC-3056,INVALID_CODE,Study on Archival Studies,Christina Taylor,2012,UC Berkeley,contact@lab.org,2016-03-12,18,73998.38 USD,Ethics,Na&iuml;ve Bayes test
,,,,,,,,,,Python,Sub-tag record
,,,,,,,,,,Archival Studies,Sub-tag record
,,,,,,,,,,Bioinformatics,Sub-tag record
REC-3057,PRJ-2026-4052,Study on Python,Jayne Smyth,1998,"Berkeley, University of California",jdoe@illinois.edu,2025-12-01,13,"$35,329.99",Cataloging,Notes on &quot;UIUC&quot;
,,,,,,,,,,Ethics,Sub-tag record
,,,,,,,,,,Python,Sub-tag record
,,,,,,,,,,Machine Learning,Sub-tag record
REC-3058,,Proj A,Jane Smith,2015,UIUC,smith@unlv.edu,,44,"$197,245.35",Cataloging,Caf&eacute; study group
REC-3059,PRJ20261001,National Science Foundation Geospatial Analysis Infrastructure Program,Dr. Johnson,2021,"University of California, Berkeley",a.wright@berkeley.edu,1900-01-01,20,FREE,Ethics,Caf&eacute; study group
REC-3060,INVALID_CODE,Analysis of Machine Learning,Patricia Taylor-Garcia,'15,UIUC,a.wright@berkeley.edu,2023-09-30,29,"$70,205.00",Ethics,Caf&eacute; study group
REC-3061,,Analysis of Bioinformatics,Michael O'Brown,2012,"Technology, Massachusetts Institute of",r.johnson@mit.edu,2018-11-05,22,-$186.00,Ethics,Na&iuml;ve Bayes test
REC-3062,PRJ-26-1001,Investigation into GIS Mapping and Modern Data Pipelines,Smith,1998,Massachusetts Institute of Technology,contact@lab.org,2021-07-22,24,94182.21 USD,Metadata,Phase 1 &amp; 2 complete
REC-3063,INVALID_CODE,Analysis of Metadata,Alexandr Wright,2050,Massachusetts Institute of Technology,contact@lab.org,2023-09-30,29,-$132.00,Machine Learning,Na&iuml;ve Bayes test
REC-3064,PRJ20261001,Analysis of Metadata,Michael O'Brown,2022,"University of Nevada, Las Vegas",contact@lab.org,2020-01-15,17,FREE,Ethics,Notes on &quot;UIUC&quot;
REC-3065,prj-2026-1001,National Science Foundation Geospatial Analysis Infrastructure Program,Dr. Smith,1998,university of illinois at urbana-champaign,a.wright@berkeley.edu,,18,29778.72,Python,Cost &lt; Budget
REC-3066,PRJ-2026-1001,Investigation into Archival Studies and Modern Data Pipelines,Dr. Jane Mary Smith,Pending,U.N.L.V.,contact@lab.org,2016-03-12,11,46746.61 USD,GIS Mapping,Cost &lt; Budget
REC-3067,PRJ-26-1001,Comprehensive Digital Humanities Data Archival Research Project Phase 2,Dr. Johnson,2012,"Technology, Massachusetts Institute of",jdoe@illinois.edu,1900-01-01,30,76961.85,Metadata,Phase 1 &amp; 2 complete
REC-3068,PRJ-2026-4052,Study on Machine Learning,Jayne Smyth,N/A,"University of California, Berkeley",a.wright@berkeley.edu,2025-12-01,23,-$147.00,Ethics,Notes on &quot;UIUC&quot;
REC-3069,PRJ-2026-9900,Comprehensive Digital Humanities Data Archival Research Initiative Phase 1,Dr. Smith,2012.0,"Technology, Massachusetts Institute of",smith@unlv.edu,2025-12-01,37,65222.57,Metadata,Na&iuml;ve Bayes test
REC-3070,PRJ-2026-8819,Analysis of Archival Studies,Alexander Wright,N/A,"Technology, Massachusetts Institute of",smith@unlv.edu,2099-12-31,6,FREE,Ethics,Na&iuml;ve Bayes test
REC-3071,PRJ-2026-1001,Study on Ethics,Jayne Smyth,2020,Cal Berkeley,a.wright@berkeley.edu,2016-03-12,41,71527.15,GIS Mapping,Cost &lt; Budget
REC-3072,PRJ-2026-8819,Investigation into Data Science and Modern Data Pipelines,Dr. Jane Mary Smith,Unknown,Univ. of Illinois (UIUC),duplicate.user@research.org,2025-12-01,9,39351.92,Ethics,Na&iuml;ve Bayes test
REC-3073,PRJ-2026-4052,Analysis of Data Science,Johnathan Doee,Unknown,M.I.T.,r.johnson@mit.edu,2021-07-22,3,FREE,Metadata,Phase 1 &amp; 2 complete
REC-3074,PRJ20261001,Study on Archival Studies,Catherine Wright,c. 2005,"Las Vegas, University of Nevada",smith@unlv.edu,2018-11-05,18,FREE,Machine Learning,Cost &lt; Budget
,,,,,,,,,,Metadata,Sub-tag record
REC-3075,INVALID_CODE,Proj A,Dr. Jane Mary Smith,N/A,UIUC,r.johnson@mit.edu,2016-03-12,28,49261.62 USD,Python,Notes on &quot;UIUC&quot;
REC-3076,INVALID_CODE,Study on GIS Mapping,Catherine Wright,c. 2005,MIT,smith@unlv.edu,2099-12-31,46,102389.69 USD,Metadata,Notes on &quot;UIUC&quot;
REC-3077,,Proj A,Dr. Jane Mary Smith,2012.0,University of Illinois at Urbana-Champaign,a.wright@berkeley.edu,2099-12-31,3,"$7,372.86",Metadata,Phase 1 &amp; 2 complete
REC-3078,PRJ-26-1001,Study on Bioinformatics,Christina Taylor,1998,MIT,smith@unlv.edu,2021-07-22,47,"$200,085.11",Python,Na&iuml;ve Bayes test
REC-3079,PRJ-26-1001,National Science Foundation Geospatial Analysis Infrastructure Project,Dr. Johnson,2020,UNLV,a.wright@berkeley.edu,2099-12-31,40,FREE,Ethics,Phase 1 &amp; 2 complete
REC-3080,PRJ-26-1001,Analysis of Metadata,Johnathan Doee,Class of 2018,Massachusetts Institute of Technology,contact@lab.org,2025-12-01,12,43946.79,Machine Learning,Phase 1 &amp; 2 complete
,,,,,,,,,,Python,Sub-tag record
,,,,,,,,,,Archival Studies,Sub-tag record
,,,,,,,,,,Metadata,Sub-tag record
REC-3081,PRJ-2026-9900,Study on Cataloging,Jeffrey Clarke,'15,Urbana Champaign University of Illinois,r.johnson@mit.edu,2021-07-22,18,27351.71 USD,Python,Caf&eacute; study group
REC-3082,prj-2026-1001,National Science Foundation Geospatial Analysis Infrastructure Program,Dr. Doe,2015,"Urbana-Champaign, University of Illinois",contact@lab.org,2018-11-05,19,41797.37 USD,Metadata,Caf&eacute; study group
,,,,,,,,,,Machine Learning,Sub-tag record
,,,,,,,,,,Bioinformatics,Sub-tag record
,,,,,,,,,,Cataloging,Sub-tag record
REC-3083,PRJ-2026-8819,Study on Data Science,Kristina Tailor,2005,Univ of Illinois Urbana Champaign,contact@lab.org,,43,170248.59 USD,Ethics,Notes on &quot;UIUC&quot;
REC-3084,PRJ-26-1001,National Science Foundation Geospatial Analysis Infrastructure Project,Dr. Brown,Pending,Univ of Illinois Urbana Champaign,a.wright@berkeley.edu,2016-03-12,34,FREE,Cataloging,Cost &lt; Budget
REC-3085,PRJ-2026-4052,Study on Data Science,Kristina Tailor,2012.0,U.N.L.V.,contact@lab.org,1900-01-01,15,"$33,630.69",Cataloging,Na&iuml;ve Bayes test
REC-3086,INVALID_CODE,Proj A,Dr. Jane Mary Smith,Class of 2018,"University of California, Berkeley",jdoe@illinois.edu,2025-12-01,25,99602.6,Python,Cost &lt; Budget
REC-3087,PRJ-2026-8819,Investigation into Archival Studies and Modern Data Pipelines,Smith,2015,U.N.L.V.,a.wright@berkeley.edu,2016-03-12,44,FREE,Metadata,Caf&eacute; study group
REC-3088,PRJ-2026-4052,Investigation into Metadata and Modern Data Pipelines,Smith,2022,University of Illinois at Urbana-Champaign,a.wright@berkeley.edu,2018-11-05,4,"$14,874.05",Cataloging,Na&iuml;ve Bayes test
REC-3089,PRJ20261001,Investigation into Machine Learning and Modern Data Pipelines,Smith,2015,UC Berkeley,jdoe@illinois.edu,2016-03-12,11,32986.61 USD,Ethics,Phase 1 &amp; 2 complete
REC-3090,PRJ-2026-1001,Study on Ethics,Geoffrey Clark,Pending,MIT,a.wright@berkeley.edu,2018-11-05,32,60876.64 USD,Machine Learning,Cost &lt; Budget
REC-3091,PRJ20261001,Study on Bioinformatics,Brian Stuart,N/A,"Las Vegas, University of Nevada",duplicate.user@research.org,2099-12-31,41,-$451.00,Metadata,Notes on &quot;UIUC&quot;
REC-3092,PRJ20261001,Analysis of Machine Learning,Johnathan Doee,2012.0,Urbana Champaign University of Illinois,contact@lab.org,2023-09-30,42,"$85,013.21",Machine Learning,Na&iuml;ve Bayes test
,,,,,,,,,,Bioinformatics,Sub-tag record
,,,,,,,,,,Cataloging,Sub-tag record
REC-3093,PRJ-2026-8819,National Science Foundation Geospatial Analysis Infrastructure Program,Dr. Brown,2012.0,Urbana Champaign University of Illinois,contact@lab.org,2018-11-05,19,57546.75,Cataloging,Caf&eacute; study group
REC-3094,INVALID_CODE,National Science Foundation Geospatial Analysis Infrastructure Project,Dr. Johnson,1998,"Las Vegas, University of Nevada",r.johnson@mit.edu,2099-12-31,12,"$45,828.77",Data Science,Phase 1 &amp; 2 complete
REC-3095,PRJ-2026-4052,Proj A,Dr. Jane Mary Smith,c2020,Univ. of Illinois (UIUC),jdoe@illinois.edu,1900-01-01,16,"$41,738.92",Machine Learning,Na&iuml;ve Bayes test
REC-3096,PRJ-2026-8819,Analysis of Cataloging,Alexandr Wright,c. 2005,"Urbana-Champaign, University of Illinois",contact@lab.org,,18,44788.9,Metadata,Caf&eacute; study group
REC-3097,PRJ-2026-4052,Study on GIS Mapping,Stephen Miller,Unknown,"Berkeley, University of California",contact@lab.org,2018-11-05,28,-$200.00,Python,Notes on &quot;UIUC&quot;
REC-3098,PRJ20261001,Study on Metadata,Kathryn Write,2022,Univ. of Illinois (UIUC),jdoe@illinois.edu,2099-12-31,3,-$433.00,Archival Studies,Na&iuml;ve Bayes test
REC-3099,PRJ20261001,Comprehensive Digital Humanities Data Archival Research Initiative Phase 1,Dr. Smith,Unknown,UNLV,a.wright@berkeley.edu,2018-11-05,7,29707.19,Python,Caf&eacute; study group
REC-3100,PRJ-2026-8819,Analysis of Machine Learning,Patricia Taylor Garcia,c. 2005,university of illinois at urbana-champaign,jdoe@illinois.edu,2099-12-31,20,FREE,Python,Notes on &quot;UIUC&quot;
REC-3101,PRJ-2026-4052,Proj A,Dr. Jane Mary Smith,Class of 2018,Cal Berkeley,contact@lab.org,1900-01-01,32,-$374.00,Data Science,Na&iuml;ve Bayes test
REC-3102,PRJ-2026-1001,Proj A,A. PROF. WILSON,Class of 2018,UC Berkeley,jdoe@illinois.edu,2018-11-05,34,-$342.00,Cataloging,Phase 1 &amp; 2 complete
REC-3103,PRJ-2026-4052,National Science Foundation Geospatial Analysis Infrastructure Project,Dr. Johnson,2021,Univ. of Illinois (UIUC),jdoe@illinois.edu,,43,-$418.00,Cataloging,Phase 1 &amp; 2 complete
REC-3104,PRJ-2026-4052,Analysis of Archival Studies,Alexandr Wright,1998,UNLV,contact@lab.org,2018-11-05,34,FREE,Python,Phase 1 &amp; 2 complete
REC-3105,PRJ-26-1001,Investigation into Machine Learning and Modern Data Pipelines,Smith,2005,"Las Vegas, University of Nevada",r.johnson@mit.edu,2025-12-01,13,FREE,Cataloging,Cost &lt; Budget
REC-3106,prj-2026-1001,National Science Foundation Geospatial Analysis Infrastructure Program,Dr. Johnson,2005,Cal Berkeley,smith@unlv.edu,2016-03-12,8,FREE,Cataloging,Caf&eacute; study group
REC-3107,PRJ20261001,National Science Foundation Geospatial Analysis Infrastructure Program,Dr. Brown,c. 2005,"Urbana-Champaign, University of Illinois",r.johnson@mit.edu,2016-03-12,18,-$139.00,Python,Phase 1 &amp; 2 complete
,,,,,,,,,,Machine Learning,Sub-tag record
,,,,,,,,,,Cataloging,Sub-tag record
,,,,,,,,,,Archival Studies,Sub-tag record
REC-3108,PRJ-2026-8819,Comprehensive Digital Humanities Data Archival Research Project Phase 1,Dr. Doe,2020,Univ of Nevada Las Vegas,jdoe@illinois.edu,2020-01-15,34,"$85,471.30",Data Science,Cost &lt; Budget
REC-3109,prj-2026-1001,Comprehensive Digital Humanities Data Archival Research Initiative Phase 1,Dr. Brown,,university of illinois at urbana-champaign,r.johnson@mit.edu,2018-11-05,15,42063.77,Data Science,Notes on &quot;UIUC&quot;
REC-3110,,Analysis of Machine Learning,Alexandr Wright,N/A,UNLV,r.johnson@mit.edu,2018-11-05,9,31508.53 USD,Data Science,Caf&eacute; study group
REC-3111,PRJ-2026-4052,Comprehensive Digital Humanities Data Archival Research Initiative Phase 1,Dr. Doe,2005,UC Berkeley,contact@lab.org,2018-11-05,40,169258.61,GIS Mapping,Cost &lt; Budget
REC-3112,PRJ-2026-9900,Study on Machine Learning,Jeffrey Clarke,,Urbana Champaign University of Illinois,a.wright@berkeley.edu,2018-11-05,29,"$71,465.93",Metadata,Cost &lt; Budget
REC-3113,prj-2026-1001,Study on Data Science,Jayne Smyth,2018,Univ. of Illinois (UIUC),contact@lab.org,2023-09-30,35,-$300.00,GIS Mapping,Caf&eacute; study group
REC-3114,PRJ20261001,Study on Archival Studies,Christina Taylor,2021,UIUC,a.wright@berkeley.edu,2025-12-01,29,70658.89,Machine Learning,Na&iuml;ve Bayes test
REC-3115,PRJ-2026-4052,Comprehensive Digital Humanities Data Archival Research Project Phase 2,Dr. Doe,1882,Univ of Illinois Urbana Champaign,jdoe@illinois.edu,2021-07-22,11,23685.03,Ethics,Phase 1 &amp; 2 complete
REC-3116,prj-2026-1001,Analysis of Ethics,Michael OBrown,2015,Univ of Nevada Las Vegas,smith@unlv.edu,1900-01-01,33,FREE,Metadata,Notes on &quot;UIUC&quot;
REC-3117,PRJ-2026-1001,Study on GIS Mapping,Steven Miller,2012,UIUC,a.wright@berkeley.edu,2099-12-31,22,-$474.00,Ethics,Caf&eacute; study group
REC-3118,PRJ20261001,Investigation into Bioinformatics and Modern Data Pipelines,m. davis,2018,"Las Vegas, University of Nevada",a.wright@berkeley.edu,2020-01-15,44,110621.45,Data Science,Phase 1 &amp; 2 complete
REC-3119,PRJ20261001,Study on Data Science,Stephen Miller,2020,U.N.L.V.,duplicate.user@research.org,2020-01-15,11,FREE,GIS Mapping,Cost &lt; Budget
REC-3120,INVALID_CODE,Study on Ethics,Catherine Wright,1998,UC Berkeley,a.wright@berkeley.edu,2021-07-22,47,-$436.00,Ethics,Na&iuml;ve Bayes test
REC-3121,,Analysis of Bioinformatics,Alexander Wright,2005,Urbana Champaign University of Illinois,a.wright@berkeley.edu,1900-01-01,5,FREE,Archival Studies,Na&iuml;ve Bayes test
REC-3122,INVALID_CODE,Analysis of Python,Johnathan Doe,2012,UC Berkeley,jdoe@illinois.edu,2020-01-15,23,51711.8 USD,Python,Phase 1 &amp; 2 complete
REC-3123,,Study on Data Science,Catherine Wright,Unknown,M.I.T.,contact@lab.org,2023-09-30,39,129802.33 USD,Python,Na&iuml;ve Bayes test
REC-3124,,Investigation into Ethics and Modern Data Pipelines,m. davis,2022,"Technology, Massachusetts Institute of",smith@unlv.edu,2016-03-12,25,42971.95,Python,Cost &lt; Budget
REC-3125,PRJ-2026-9900,Comprehensive Digital Humanities Data Archival Research Project Phase 2,Dr. Doe,2050,U.N.L.V.,jdoe@illinois.edu,2021-07-22,42,71482.43,Bioinformatics,Phase 1 &amp; 2 complete
REC-3126,PRJ-2026-4052,Analysis of Machine Learning,Patricia Taylor Garcia,N/A,University of Illinois at Urbana-Champaign,r.johnson@mit.edu,2021-07-22,25,"$92,560.10",Python,Caf&eacute; study group
REC-3127,PRJ-2026-8819,Study on Cataloging,Jeffrey Clarke,2022,M.I.T.,r.johnson@mit.edu,1900-01-01,32,"$131,364.02",Cataloging,Caf&eacute; study group
REC-3128,PRJ-2026-4052,Analysis of Ethics,Michael O'Brown,2022,Univ of Illinois Urbana Champaign,a.wright@berkeley.edu,,39,146263.66,GIS Mapping,Na&iuml;ve Bayes test
REC-3129,INVALID_CODE,Proj A,Dr. Jane Mary Smith,2005,university of illinois at urbana-champaign,r.johnson@mit.edu,2021-07-22,16,27375.85,Cataloging,Caf&eacute; study group
REC-3130,PRJ-2026-1001,Analysis of Ethics,Johnathan Doe,c2020,"University of California, Berkeley",smith@unlv.edu,1900-01-01,40,"$166,634.42",Machine Learning,Cost &lt; Budget
,,,,,,,,,,Data Science,Sub-tag record
,,,,,,,,,,Ethics,Sub-tag record
,,,,,,,,,,Python,Sub-tag record
REC-3131,PRJ-2026-4052,Investigation into Ethics and Modern Data Pipelines,Dr. Jane Mary Smith,2018,university of illinois at urbana-champaign,smith@unlv.edu,,48,-$144.00,Metadata,Notes on &quot;UIUC&quot;
REC-3132,PRJ-2026-9900,Comprehensive Digital Humanities Data Archival Research Project Phase 1,Dr. Brown,1882,"Technology, Massachusetts Institute of",a.wright@berkeley.edu,2020-01-15,41,"$132,094.91",Metadata,Phase 1 &amp; 2 complete
REC-3133,prj-2026-1001,Study on GIS Mapping,Jeffrey Clarke,Class of 2018,M.I.T.,smith@unlv.edu,2023-09-30,29,"$74,926.42",GIS Mapping,Notes on &quot;UIUC&quot;
REC-3134,PRJ-26-1001,Proj A,Smith,2021,"Las Vegas, University of Nevada",smith@unlv.edu,2025-12-01,32,FREE,Metadata,Cost &lt; Budget
,,,,,,,,,,Ethics,Sub-tag record
,,,,,,,,,,Python,Sub-tag record
REC-3135,INVALID_CODE,Analysis of Bioinformatics,Alexander Wright,2022,MIT,a.wright@berkeley.edu,2018-11-05,41,-$398.00,Ethics,Na&iuml;ve Bayes test
REC-3136,,Investigation into Bioinformatics and Modern Data Pipelines,m. davis,2012.0,MIT,smith@unlv.edu,2099-12-31,11,-$374.00,Cataloging,Caf&eacute; study group
REC-3137,PRJ-26-1001,Investigation into Data Science and Modern Data Pipelines,Jane Smith,Unknown,"University of California, Berkeley",r.johnson@mit.edu,2018-11-05,24,89227.0 USD,Machine Learning,Na&iuml;ve Bayes test
REC-3138,PRJ20261001,Proj A,Jane Smith,1882,"Berkeley, University of California",jdoe@illinois.edu,1900-01-01,5,"$11,219.63",Archival Studies,Cost &lt; Budget
REC-3139,PRJ-26-1001,National Science Foundation Geospatial Analysis Infrastructure Project,Dr. Johnson,2050,Urbana Champaign University of Illinois,contact@lab.org,2021-07-22,5,12925.46,Cataloging,Caf&eacute; study group
REC-3140,PRJ-2026-9900,Analysis of Machine Learning,Alexandr Wright,c. 2005,UC Berkeley,a.wright@berkeley.edu,,32,"$48,809.58",Machine Learning,Cost &lt; Budget
REC-3141,PRJ-26-1001,National Science Foundation Geospatial Analysis Infrastructure Program,Dr. Doe,Class of 2018,"Berkeley, University of California",r.johnson@mit.edu,2025-12-01,46,113106.25,Data Science,Cost &lt; Budget
REC-3142,PRJ-2026-8819,Investigation into Bioinformatics and Modern Data Pipelines,A. PROF. WILSON,,MIT,contact@lab.org,2020-01-15,5,18604.01 USD,Data Science,Phase 1 &amp; 2 complete
REC-3143,PRJ-2026-4052,National Science Foundation Geospatial Analysis Infrastructure Project,Dr. Smith,Unknown,"Las Vegas, University of Nevada",jdoe@illinois.edu,2020-01-15,47,133046.63 USD,Data Science,Cost &lt; Budget
REC-3144,PRJ-2026-4052,Comprehensive Digital Humanities Data Archival Research Project Phase 1,Dr. Smith,1882,"Las Vegas, University of Nevada",a.wright@berkeley.edu,,20,38936.09 USD,GIS Mapping,Caf&eacute; study group
REC-3145,PRJ-2026-4052,Comprehensive Digital Humanities Data Archival Research Project Phase 1,Dr. Brown,2050,Univ of Nevada Las Vegas,a.wright@berkeley.edu,2018-11-05,35,"$101,134.52",Metadata,Phase 1 &amp; 2 complete
REC-3146,PRJ20261001,Comprehensive Digital Humanities Data Archival Research Project Phase 1,Dr. Brown,'15,"Las Vegas, University of Nevada",jdoe@illinois.edu,2021-07-22,27,-$389.00,Archival Studies,Notes on &quot;UIUC&quot;
REC-3147,,Comprehensive Digital Humanities Data Archival Research Project Phase 2,Dr. Smith,Class of 2018,"Urbana-Champaign, University of Illinois",smith@unlv.edu,2018-11-05,41,-$402.00,GIS Mapping,Caf&eacute; study group
REC-3148,PRJ-2026-4052,Investigation into Metadata and Modern Data Pipelines,A. PROF. WILSON,2015,MIT,contact@lab.org,2018-11-05,35,97230.53,Cataloging,Notes on &quot;UIUC&quot;
REC-3149,PRJ-2026-8819,Study on Bioinformatics,Geoffrey Clark,2021,U.N.L.V.,jdoe@illinois.edu,2099-12-31,33,FREE,Archival Studies,Cost &lt; Budget
REC-3150,prj-2026-1001,Comprehensive Digital Humanities Data Archival Research Project Phase 2,Dr. Doe,c2020,U.N.L.V.,a.wright@berkeley.edu,2016-03-12,11,FREE,Machine Learning,Cost &lt; Budget
REC-3151,PRJ-2026-8819,Comprehensive Digital Humanities Data Archival Research Project Phase 1,Dr. Johnson,2021,university of illinois at urbana-champaign,jdoe@illinois.edu,2016-03-12,1,750000.0 USD,Cataloging,Caf&eacute; study group
REC-3152,prj-2026-1001,Study on Metadata,Jayne Smyth,2020,UIUC,r.johnson@mit.edu,2020-01-15,31,FREE,Python,Caf&eacute; study group
REC-3153,PRJ-2026-4052,Analysis of Metadata,Alexandr Wright,N/A,UNLV,a.wright@berkeley.edu,2025-12-01,42,FREE,Machine Learning,Na&iuml;ve Bayes test
REC-3154,,Comprehensive Digital Humanities Data Archival Research Initiative Phase 1,Dr. Johnson,Pending,Urbana Champaign University of Illinois,r.johnson@mit.edu,2020-01-15,44,"$148,482.32",GIS Mapping,Caf&eacute; study group
REC-3155,PRJ-26-1001,Comprehensive Digital Humanities Data Archival Research Project Phase 2,Dr. Smith,2022,Urbana Champaign University of Illinois,contact@lab.org,2021-07-22,47,99581.84,Metadata,Cost &lt; Budget
REC-3156,PRJ-2026-4052,Study on Archival Studies,Jeffrey Clarke,2018,UNLV,contact@lab.org,2099-12-31,21,88960.34,Archival Studies,Notes on &quot;UIUC&quot;
REC-3157,PRJ-2026-9900,Investigation into Archival Studies and Modern Data Pipelines,m. davis,Class of 2018,"Las Vegas, University of Nevada",r.johnson@mit.edu,2016-03-12,6,"$9,878.56",Ethics,Cost &lt; Budget
REC-3158,PRJ-2026-9900,Analysis of Bioinformatics,Robert Jhnson,Pending,Univ. of Illinois (UIUC),r.johnson@mit.edu,2099-12-31,38,97086.53,Bioinformatics,Caf&eacute; study group
REC-3159,PRJ-2026-8819,Study on Machine Learning,Brian Stuart,Class of 2018,University of Illinois at Urbana-Champaign,duplicate.user@research.org,2025-12-01,25,-$322.00,Data Science,Cost &lt; Budget
,,,,,,,,,,Cataloging,Sub-tag record
,,,,,,,,,,Machine Learning,Sub-tag record
REC-3160,PRJ-26-1001,Comprehensive Digital Humanities Data Archival Research Project Phase 1,Dr. Brown,2050,MIT,smith@unlv.edu,2018-11-05,10,"$35,569.13",Python,Caf&eacute; study group
REC-3161,prj-2026-1001,Study on GIS Mapping,Christina Taylor,,"University of Nevada, Las Vegas",r.johnson@mit.edu,2020-01-15,25,FREE,Archival Studies,Caf&eacute; study group
REC-3162,PRJ-26-1001,Comprehensive Digital Humanities Data Archival Research Initiative Phase 1,Dr. Brown,'15,UNLV,r.johnson@mit.edu,2099-12-31,14,FREE,Archival Studies,Na&iuml;ve Bayes test
REC-3163,prj-2026-1001,National Science Foundation Geospatial Analysis Infrastructure Program,Dr. Doe,,Univ of Illinois Urbana Champaign,smith@unlv.edu,2016-03-12,16,FREE,Machine Learning,Notes on &quot;UIUC&quot;
REC-3164,PRJ-26-1001,Proj A,m. davis,2018,Univ of Nevada Las Vegas,a.wright@berkeley.edu,2025-12-01,38,-$140.00,Data Science,Phase 1 &amp; 2 complete
REC-3165,PRJ-2026-1001,Comprehensive Digital Humanities Data Archival Research Project Phase 2,Dr. Smith,1882,Univ. of Illinois (UIUC),smith@unlv.edu,2099-12-31,24,FREE,Ethics,Cost &lt; Budget
REC-3166,PRJ-2026-9900,Analysis of Bioinformatics,Robert Johnson,Unknown,M.I.T.,smith@unlv.edu,2021-07-22,16,FREE,Archival Studies,Cost &lt; Budget
REC-3167,PRJ-2026-8819,Analysis of Ethics,Michael O'Brown,N/A,Urbana Champaign University of Illinois,contact@lab.org,2018-11-05,3,"$5,741.58",Metadata,Cost &lt; Budget
REC-3168,INVALID_CODE,Study on GIS Mapping,Jeffrey Clarke,c2020,"University of California, Berkeley",contact@lab.org,2025-12-01,7,18085.04,Machine Learning,Notes on &quot;UIUC&quot;
REC-3169,PRJ20261001,Study on Ethics,Jeffrey Clarke,1882,UC Berkeley,contact@lab.org,2021-07-22,39,"$174,112.79",Cataloging,Phase 1 &amp; 2 complete
REC-3170,prj-2026-1001,Analysis of Cataloging,Robert Jhnson,2022,Univ of Illinois Urbana Champaign,smith@unlv.edu,2018-11-05,6,FREE,Archival Studies,Cost &lt; Budget
REC-3171,PRJ-2026-1001,National Science Foundation Geospatial Analysis Infrastructure Project,Dr. Smith,N/A,Univ. of Illinois (UIUC),jdoe@illinois.edu,2016-03-12,4,12729.3 USD,Metadata,Caf&eacute; study group
REC-3172,INVALID_CODE,Study on GIS Mapping,Bryan Stewart,2005,U.N.L.V.,r.johnson@mit.edu,2016-03-12,7,-$499.00,Ethics,Notes on &quot;UIUC&quot;
REC-3173,PRJ-2026-9900,Investigation into Machine Learning and Modern Data Pipelines,Dr. Jane Mary Smith,Pending,U.N.L.V.,jdoe@illinois.edu,2020-01-15,60,-$375.00,Data Science,Notes on &quot;UIUC&quot;
,,,,,,,,,,GIS Mapping,Sub-tag record
,,,,,,,,,,Ethics,Sub-tag record
REC-3174,PRJ-2026-1001,Proj A,Dr. Jane Mary Smith,2021,Univ of Nevada Las Vegas,jdoe@illinois.edu,2099-12-31,30,89426.24,Archival Studies,Na&iuml;ve Bayes test
REC-3175,PRJ-2026-4052,National Science Foundation Geospatial Analysis Infrastructure Project,Dr. Johnson,2015,UNLV,contact@lab.org,2023-09-30,42,167434.48 USD,Cataloging,Cost &lt; Budget
REC-3176,PRJ-26-1001,Investigation into GIS Mapping and Modern Data Pipelines,m. davis,Pending,Univ. of Illinois (UIUC),a.wright@berkeley.edu,2018-11-05,21,FREE,Ethics,Na&iuml;ve Bayes test
,,,,,,,,,,GIS Mapping,Sub-tag record
REC-3177,prj-2026-1001,Comprehensive Digital Humanities Data Archival Research Initiative Phase 1,Dr. Smith,2022,Massachusetts Institute of Technology,a.wright@berkeley.edu,2021-07-22,15,61124.13,Bioinformatics,Cost &lt; Budget
REC-3178,,Investigation into Data Science and Modern Data Pipelines,Dr. Jane Mary Smith,1882,"Berkeley, University of California",a.wright@berkeley.edu,2025-12-01,20,"$67,235.65",Bioinformatics,Na&iuml;ve Bayes test
,,,,,,,,,,Archival Studies,Sub-tag record
,,,,,,,,,,Python,Sub-tag record
,,,,,,,,,,Machine Learning,Sub-tag record
REC-3179,,Investigation into Machine Learning and Modern Data Pipelines,Dr. Jane Mary Smith,2012,Cal Berkeley,a.wright@berkeley.edu,2025-12-01,6,FREE,Cataloging,Notes on &quot;UIUC&quot;
REC-3180,PRJ-2026-9900,Study on Python,Catherine Wright,,Cal Berkeley,r.johnson@mit.edu,2099-12-31,1,750000.0,Cataloging,Na&iuml;ve Bayes test
,,,,,,,,,,Bioinformatics,Sub-tag record
,,,,,,,,,,Metadata,Sub-tag record
,,,,,,,,,,Data Science,Sub-tag record
REC-3181,PRJ-2026-9900,Proj A,Dr. Jane Mary Smith,2050,"Technology, Massachusetts Institute of",jdoe@illinois.edu,2020-01-15,24,"$91,894.64",Bioinformatics,Caf&eacute; study group
REC-3182,PRJ-26-1001,Proj A,Jane Smith,2015,"University of Nevada, Las Vegas",duplicate.user@research.org,2099-12-31,25,"$96,575.37",Metadata,Na&iuml;ve Bayes test
REC-3183,,Comprehensive Digital Humanities Data Archival Research Initiative Phase 1,Dr. Doe,c2020,Massachusetts Institute of Technology,duplicate.user@research.org,2016-03-12,37,-$123.00,Cataloging,Cost &lt; Budget
REC-3184,PRJ-26-1001,Study on GIS Mapping,Stephen Miller,2012,university of illinois at urbana-champaign,a.wright@berkeley.edu,2021-07-22,23,-$236.00,Archival Studies,Notes on &quot;UIUC&quot;
REC-3185,prj-2026-1001,Proj A,Smith,2018,"Technology, Massachusetts Institute of",duplicate.user@research.org,1900-01-01,18,40366.11 USD,GIS Mapping,Phase 1 &amp; 2 complete
,,,,,,,,,,Machine Learning,Sub-tag record
REC-3186,PRJ-2026-9900,Proj A,Dr. Jane Mary Smith,1882,Massachusetts Institute of Technology,a.wright@berkeley.edu,,8,33757.09 USD,GIS Mapping,Caf&eacute; study group
REC-3187,PRJ-2026-8819,Study on Python,Kristina Tailor,N/A,"University of California, Berkeley",contact@lab.org,2023-09-30,22,FREE,Python,Na&iuml;ve Bayes test
REC-3188,prj-2026-1001,Analysis of Ethics,Johnathan Doee,Unknown,"University of California, Berkeley",smith@unlv.edu,2020-01-15,11,FREE,Ethics,Phase 1 &amp; 2 complete
REC-3189,PRJ-2026-9900,Analysis of Data Science,Johnathan Doee,Pending,University of Illinois at Urbana-Champaign,jdoe@illinois.edu,2020-01-15,20,86884.52,Python,Phase 1 &amp; 2 complete
REC-3190,INVALID_CODE,Proj A,m. davis,Class of 2018,U.N.L.V.,a.wright@berkeley.edu,1900-01-01,29,FREE,Machine Learning,Phase 1 &amp; 2 complete
REC-3191,INVALID_CODE,Investigation into Python and Modern Data Pipelines,Dr. Jane Mary Smith,Unknown,Massachusetts Institute of Technology,a.wright@berkeley.edu,2025-12-01,27,72970.53,Bioinformatics,Caf&eacute; study group
REC-3192,INVALID_CODE,Study on Data Science,Brian Stuart,c. 2005,"University of California, Berkeley",smith@unlv.edu,2023-09-30,14,23965.6,Ethics,Cost &lt; Budget
,,,,,,,,,,Archival Studies,Sub-tag record
,,,,,,,,,,GIS Mapping,Sub-tag record
,,,,,,,,,,Machine Learning,Sub-tag record
REC-3193,INVALID_CODE,Investigation into Archival Studies and Modern Data Pipelines,Jane Smith,Class of 2018,"Las Vegas, University of Nevada",jdoe@illinois.edu,2018-11-05,5,-$187.00,Ethics,Na&iuml;ve Bayes test
REC-3194,PRJ-2026-8819,Investigation into Ethics and Modern Data Pipelines,Jane Smith,2018,Univ of Nevada Las Vegas,a.wright@berkeley.edu,2023-09-30,30,"$63,195.23",Machine Learning,Caf&eacute; study group
REC-3195,PRJ-2026-9900,Comprehensive Digital Humanities Data Archival Research Project Phase 1,Dr. Doe,2020,Urbana Champaign University of Illinois,smith@unlv.edu,2021-07-22,9,-$234.00,Bioinformatics,Phase 1 &amp; 2 complete
REC-3196,PRJ-26-1001,National Science Foundation Geospatial Analysis Infrastructure Project,Dr. Johnson,c. 2005,"Berkeley, University of California",a.wright@berkeley.edu,2025-12-01,25,49010.98 USD,Machine Learning,Notes on &quot;UIUC&quot;
REC-3197,PRJ20261001,National Science Foundation Geospatial Analysis Infrastructure Program,Dr. Doe,Pending,Cal Berkeley,r.johnson@mit.edu,,31,-$202.00,Archival Studies,Notes on &quot;UIUC&quot;
REC-3198,PRJ-2026-9900,Study on Python,Kristina Tailor,N/A,Massachusetts Institute of Technology,a.wright@berkeley.edu,2021-07-22,39,-$323.00,Machine Learning,Na&iuml;ve Bayes test
REC-3199,PRJ-2026-4052,Investigation into Metadata and Modern Data Pipelines,A. PROF. WILSON,2018,Massachusetts Institute of Technology,contact@lab.org,1900-01-01,30,129084.44,Bioinformatics,Notes on &quot;UIUC&quot;
REC-3200,PRJ-2026-4052,Analysis of Ethics,Alexandr Wright,2022,"Las Vegas, University of Nevada",r.johnson@mit.edu,2099-12-31,30,-$124.00,Data Science,Na&iuml;ve Bayes test
REC-3201,PRJ-2026-1001,Analysis of Data Science,Robert Johnson,c. 2005,Cal Berkeley,smith@unlv.edu,2021-07-22,32,FREE,Python,Na&iuml;ve Bayes test
REC-3202,prj-2026-1001,Study on GIS Mapping,Brian Stuart,c2020,U.N.L.V.,r.johnson@mit.edu,1900-01-01,9,24048.52 USD,Cataloging,Notes on &quot;UIUC&quot;
REC-3203,PRJ-2026-8819,Analysis of Metadata,Patricia Taylor Garcia,1998,"Las Vegas, University of Nevada",a.wright@berkeley.edu,2025-12-01,8,"$34,905.83",Archival Studies,Notes on &quot;UIUC&quot;
REC-3204,PRJ-2026-8819,National Science Foundation Geospatial Analysis Infrastructure Project,Dr. Johnson,'15,"University of California, Berkeley",r.johnson@mit.edu,2016-03-12,36,86132.79,Python,Notes on &quot;UIUC&quot;
,,,,,,,,,,Data Science,Sub-tag record
,,,,,,,,,,Bioinformatics,Sub-tag record
REC-3205,PRJ20261001,Analysis of Ethics,Michael O'Brown,2050,"Urbana-Champaign, University of Illinois",contact@lab.org,2016-03-12,3,FREE,Data Science,Notes on &quot;UIUC&quot;
REC-3206,PRJ-2026-8819,Proj A,m. davis,c. 2005,"University of Nevada, Las Vegas",smith@unlv.edu,2099-12-31,17,50465.46,Archival Studies,Caf&eacute; study group
REC-3207,PRJ-26-1001,Proj A,Smith,2012.0,MIT,smith@unlv.edu,2025-12-01,9,"$21,278.71",Bioinformatics,Cost &lt; Budget
REC-3208,PRJ-2026-8819,Investigation into Machine Learning and Modern Data Pipelines,m. davis,2050,"University of Nevada, Las Vegas",contact@lab.org,2023-09-30,6,"$23,980.84",Machine Learning,Notes on &quot;UIUC&quot;
REC-3209,PRJ20261001,Analysis of Cataloging,Patricia Taylor-Garcia,2050,"University of Nevada, Las Vegas",smith@unlv.edu,,24,72305.75,Archival Studies,Na&iuml;ve Bayes test
REC-3210,PRJ-2026-4052,Analysis of Machine Learning,Michael O'Brown,2018,Univ. of Illinois (UIUC),jdoe@illinois.edu,2020-01-15,18,57637.4,Machine Learning,Caf&eacute; study group
REC-3211,PRJ-2026-8819,Comprehensive Digital Humanities Data Archival Research Project Phase 1,Dr. Doe,N/A,university of illinois at urbana-champaign,smith@unlv.edu,2016-03-12,46,"$113,877.95",GIS Mapping,Caf&eacute; study group
,,,,,,,,,,Ethics,Sub-tag record
,,,,,,,,,,Machine Learning,Sub-tag record
,,,,,,,,,,Cataloging,Sub-tag record
REC-3212,INVALID_CODE,National Science Foundation Geospatial Analysis Infrastructure Program,Dr. Doe,'15,Univ of Nevada Las Vegas,smith@unlv.edu,2018-11-05,47,"$177,680.78",Archival Studies,Cost &lt; Budget
REC-3213,PRJ20261001,Analysis of Archival Studies,Michael O'Brown,,Massachusetts Institute of Technology,smith@unlv.edu,,35,147258.21 USD,Python,Phase 1 &amp; 2 complete
REC-3214,PRJ-2026-1001,Proj A,Smith,1882,Urbana Champaign University of Illinois,smith@unlv.edu,2016-03-12,6,FREE,Metadata,Phase 1 &amp; 2 complete
REC-3215,,National Science Foundation Geospatial Analysis Infrastructure Program,Dr. Brown,c. 2005,MIT,r.johnson@mit.edu,1900-01-01,38,132019.99 USD,Cataloging,Phase 1 &amp; 2 complete
REC-3216,INVALID_CODE,National Science Foundation Geospatial Analysis Infrastructure Program,Dr. Johnson,2012,Urbana Champaign University of Illinois,r.johnson@mit.edu,2025-12-01,36,"$84,784.93",Bioinformatics,Caf&eacute; study group
REC-3217,,Analysis of Python,Patricia Taylor Garcia,1998,M.I.T.,jdoe@illinois.edu,2025-12-01,34,91380.1 USD,Python,Phase 1 &amp; 2 complete
REC-3218,PRJ-26-1001,Proj A,Dr. Jane Mary Smith,2012,"Urbana-Champaign, University of Illinois",a.wright@berkeley.edu,2020-01-15,28,-$231.00,Machine Learning,Notes on &quot;UIUC&quot;
REC-3219,PRJ-26-1001,Study on Metadata,Brian Stuart,2020,UNLV,r.johnson@mit.edu,2099-12-31,15,FREE,Bioinformatics,Na&iuml;ve Bayes test
REC-3220,PRJ-2026-9900,Proj A,Smith,2022,"Las Vegas, University of Nevada",r.johnson@mit.edu,2016-03-12,33,"$54,077.61",Archival Studies,Notes on &quot;UIUC&quot;
REC-3221,PRJ-26-1001,Analysis of Metadata,Michael O'Brown,2015,Univ of Illinois Urbana Champaign,smith@unlv.edu,2020-01-15,45,FREE,Python,Cost &lt; Budget
REC-3222,prj-2026-1001,Study on GIS Mapping,Jane Smith,c2020,UC Berkeley,contact@lab.org,2016-03-12,46,-$268.00,Data Science,Caf&eacute; study group
REC-3223,PRJ-2026-1001,Investigation into Cataloging and Modern Data Pipelines,A. PROF. WILSON,c2020,M.I.T.,contact@lab.org,2016-03-12,22,53027.59 USD,Bioinformatics,Caf&eacute; study group
REC-3224,,National Science Foundation Geospatial Analysis Infrastructure Program,Dr. Doe,2050,University of Illinois at Urbana-Champaign,smith@unlv.edu,1900-01-01,46,"$171,589.63",Python,Na&iuml;ve Bayes test
REC-3225,INVALID_CODE,Analysis of Bioinformatics,Patricia Taylor-Garcia,2050,UIUC,smith@unlv.edu,1900-01-01,12,FREE,Metadata,Na&iuml;ve Bayes test
REC-3226,prj-2026-1001,Investigation into GIS Mapping and Modern Data Pipelines,Jane Smith,2005,"Berkeley, University of California",jdoe@illinois.edu,2099-12-31,46,162831.33,Bioinformatics,Notes on &quot;UIUC&quot;
REC-3227,INVALID_CODE,Proj A,m. davis,2021,U.N.L.V.,r.johnson@mit.edu,2018-11-05,27,110977.2 USD,Ethics,Na&iuml;ve Bayes test
REC-3228,prj-2026-1001,Investigation into Ethics and Modern Data Pipelines,A. PROF. WILSON,2005,Cal Berkeley,r.johnson@mit.edu,2016-03-12,44,-$284.00,Bioinformatics,Notes on &quot;UIUC&quot;
REC-3229,,Comprehensive Digital Humanities Data Archival Research Project Phase 1,Dr. Brown,'15,"University of Nevada, Las Vegas",contact@lab.org,2021-07-22,37,"$82,980.71",Cataloging,Notes on &quot;UIUC&quot;
REC-3230,PRJ20261001,National Science Foundation Geospatial Analysis Infrastructure Program,Dr. Brown,2020,UC Berkeley,smith@unlv.edu,2099-12-31,18,-$382.00,Machine Learning,Na&iuml;ve Bayes test
REC-3231,PRJ-26-1001,Analysis of Data Science,Michael O'Brown,c2020,university of illinois at urbana-champaign,contact@lab.org,2020-01-15,1,-$150.00,Cataloging,Phase 1 &amp; 2 complete
REC-3232,,Study on Bioinformatics,Steven Miller,2020,Urbana Champaign University of Illinois,jdoe@illinois.edu,2020-01-15,5,"$10,253.86",Bioinformatics,Phase 1 &amp; 2 complete
REC-3233,PRJ-2026-4052,Proj A,Jane Smith,2012.0,UIUC,smith@unlv.edu,2099-12-31,28,"$117,940.09",Machine Learning,Caf&eacute; study group
,,,,,,,,,,Ethics,Sub-tag record
REC-3234,PRJ-2026-9900,Proj A,m. davis,'15,UIUC,contact@lab.org,2023-09-30,35,148015.41 USD,Machine Learning,Notes on &quot;UIUC&quot;
REC-3235,PRJ20261001,National Science Foundation Geospatial Analysis Infrastructure Program,Dr. Johnson,N/A,"Las Vegas, University of Nevada",jdoe@illinois.edu,2016-03-12,11,-$195.00,GIS Mapping,Na&iuml;ve Bayes test
REC-3236,prj-2026-1001,Study on Ethics,Jane Smith,1882,University of Illinois at Urbana-Champaign,smith@unlv.edu,2018-11-05,13,"$23,916.98",Cataloging,Notes on &quot;UIUC&quot;
,,,,,,,,,,Metadata,Sub-tag record
,,,,,,,,,,Archival Studies,Sub-tag record
,,,,,,,,,,Python,Sub-tag record
REC-3237,PRJ-2026-8819,Study on Python,Brian Stuart,Pending,UIUC,r.johnson@mit.edu,2016-03-12,10,17961.85 USD,GIS Mapping,Notes on &quot;UIUC&quot;
REC-3238,PRJ-2026-4052,Analysis of Cataloging,Alexander Wright,c2020,UIUC,jdoe@illinois.edu,2018-11-05,10,18388.19 USD,Archival Studies,Caf&eacute; study group
REC-3239,INVALID_CODE,Proj A,Jane Smith,2021,UNLV,contact@lab.org,2023-09-30,17,FREE,GIS Mapping,Notes on &quot;UIUC&quot;
REC-3240,PRJ-26-1001,Study on Python,Catherine Wright,2015,Urbana Champaign University of Illinois,jdoe@illinois.edu,2021-07-22,20,"$76,758.38",Data Science,Phase 1 &amp; 2 complete
REC-3241,,Proj A,Dr. Jane Mary Smith,Class of 2018,"University of California, Berkeley",smith@unlv.edu,2023-09-30,31,52292.48 USD,Bioinformatics,Caf&eacute; study group
REC-3242,PRJ-2026-1001,Proj A,A. PROF. WILSON,1882,University of Illinois at Urbana-Champaign,smith@unlv.edu,2099-12-31,21,83839.01,Cataloging,Caf&eacute; study group
REC-3243,PRJ-2026-8819,Comprehensive Digital Humanities Data Archival Research Project Phase 1,Dr. Johnson,Unknown,university of illinois at urbana-champaign,a.wright@berkeley.edu,2099-12-31,18,FREE,Data Science,Na&iuml;ve Bayes test
REC-3244,PRJ-2026-8819,Study on Cataloging,Christina Taylor,2015,Univ. of Illinois (UIUC),jdoe@illinois.edu,2018-11-05,30,125585.2 USD,Machine Learning,Notes on &quot;UIUC&quot;
REC-3245,PRJ20261001,Study on GIS Mapping,Jeffrey Clarke,c2020,"Urbana-Champaign, University of Illinois",jdoe@illinois.edu,2023-09-30,8,23061.32 USD,Python,Caf&eacute; study group
REC-3246,PRJ-2026-1001,Investigation into Bioinformatics and Modern Data Pipelines,A. PROF. WILSON,2020,Urbana Champaign University of Illinois,r.johnson@mit.edu,2099-12-31,43,"$102,911.37",Ethics,Na&iuml;ve Bayes test
REC-3247,INVALID_CODE,Study on Machine Learning,Brian Stuart,Class of 2018,Univ of Illinois Urbana Champaign,r.johnson@mit.edu,2099-12-31,29,-$273.00,Bioinformatics,Caf&eacute; study group
REC-3248,PRJ-2026-4052,Study on Metadata,Jayne Smyth,Pending,Univ of Illinois Urbana Champaign,r.johnson@mit.edu,2099-12-31,5,FREE,Ethics,Caf&eacute; study group
REC-3249,PRJ20261001,Study on Python,Geoffrey Clark,'15,"University of Nevada, Las Vegas",smith@unlv.edu,2099-12-31,15,"$55,283.77",Python,Notes on &quot;UIUC&quot;
REC-3250,PRJ20261001,Analysis of Ethics,Alexandr Wright,2012,M.I.T.,contact@lab.org,2020-01-15,42,FREE,Python,Caf&eacute; study group
REC-3251,INVALID_CODE,Investigation into Metadata and Modern Data Pipelines,Smith,2012,University of Illinois at Urbana-Champaign,a.wright@berkeley.edu,2021-07-22,22,83542.19,GIS Mapping,Na&iuml;ve Bayes test
REC-3252,PRJ-26-1001,Analysis of Ethics,Robert Jhnson,c. 2005,"University of Nevada, Las Vegas",a.wright@berkeley.edu,2020-01-15,38,140566.87 USD,Bioinformatics,Notes on &quot;UIUC&quot;
REC-3253,INVALID_CODE,Analysis of Python,Michael OBrown,2012,"University of Nevada, Las Vegas",jdoe@illinois.edu,2020-01-15,29,FREE,Data Science,Phase 1 &amp; 2 complete
REC-3254,prj-2026-1001,Study on Metadata,Geoffrey Clark,2012.0,university of illinois at urbana-champaign,smith@unlv.edu,2025-12-01,29,FREE,Ethics,Notes on &quot;UIUC&quot;
REC-3255,prj-2026-1001,Proj A,Jane Smith,Pending,U.N.L.V.,duplicate.user@research.org,2023-09-30,48,88875.84,GIS Mapping,Cost &lt; Budget
REC-3256,prj-2026-1001,Analysis of Archival Studies,Johnathan Doee,Class of 2018,UNLV,r.johnson@mit.edu,2025-12-01,13,"$49,347.06",Ethics,Caf&eacute; study group
REC-3257,PRJ-2026-4052,Comprehensive Digital Humanities Data Archival Research Initiative Phase 1,Dr. Doe,2012,Massachusetts Institute of Technology,r.johnson@mit.edu,2020-01-15,29,67260.63 USD,Metadata,Na&iuml;ve Bayes test
REC-3258,PRJ20261001,Comprehensive Digital Humanities Data Archival Research Initiative Phase 1,Dr. Brown,2050,UIUC,contact@lab.org,2020-01-15,16,-$416.00,Archival Studies,Cost &lt; Budget
REC-3259,PRJ-2026-4052,Comprehensive Digital Humanities Data Archival Research Initiative Phase 1,Dr. Smith,2015,"University of Nevada, Las Vegas",r.johnson@mit.edu,2023-09-30,44,-$212.00,Archival Studies,Cost &lt; Budget
REC-3260,PRJ-2026-4052,Analysis of Archival Studies,Michael OBrown,2005,"Berkeley, University of California",smith@unlv.edu,2016-03-12,19,51556.61,Cataloging,Na&iuml;ve Bayes test
REC-3261,prj-2026-1001,Proj A,A. PROF. WILSON,1998,"Las Vegas, University of Nevada",jdoe@illinois.edu,1900-01-01,40,"$106,710.78",Bioinformatics,Phase 1 &amp; 2 complete
REC-3262,PRJ-2026-1001,Analysis of Machine Learning,Robert Johnson,2020,Univ. of Illinois (UIUC),a.wright@berkeley.edu,1900-01-01,1,750000.0,Python,Cost &lt; Budget
REC-3263,PRJ-2026-4052,Study on Metadata,Jayne Smyth,2015,UNLV,smith@unlv.edu,1900-01-01,1,"$750,000.00",Archival Studies,Phase 1 &amp; 2 complete
REC-3264,PRJ-2026-4052,Analysis of Ethics,Alexander Wright,,"Technology, Massachusetts Institute of",smith@unlv.edu,2020-01-15,8,-$380.00,Python,Phase 1 &amp; 2 complete
REC-3265,PRJ-2026-8819,Study on Bioinformatics,Catherine Wright,Pending,Cal Berkeley,r.johnson@mit.edu,2016-03-12,21,36840.97,Bioinformatics,Phase 1 &amp; 2 complete
REC-3266,INVALID_CODE,Study on Archival Studies,Kristina Tailor,2012,UIUC,contact@lab.org,2018-11-05,13,39733.94,GIS Mapping,Cost &lt; Budget
REC-3267,,Investigation into Archival Studies and Modern Data Pipelines,Dr. Jane Mary Smith,Unknown,Urbana Champaign University of Illinois,contact@lab.org,2020-01-15,24,58636.2 USD,Ethics,Na&iuml;ve Bayes test
REC-3268,PRJ-2026-1001,Analysis of Data Science,Robert Jhnson,'15,M.I.T.,jdoe@illinois.edu,2025-12-01,20,-$152.00,GIS Mapping,Na&iuml;ve Bayes test
REC-3269,,Analysis of Cataloging,Alexandr Wright,N/A,UNLV,smith@unlv.edu,2025-12-01,42,142723.35 USD,Data Science,Na&iuml;ve Bayes test
REC-3270,PRJ20261001,Investigation into Python and Modern Data Pipelines,Jane Smith,c2020,MIT,duplicate.user@research.org,2025-12-01,8,-$248.00,Metadata,Phase 1 &amp; 2 complete
REC-3271,PRJ-2026-8819,Analysis of GIS Mapping,Robert Jhnson,,Univ of Illinois Urbana Champaign,duplicate.user@research.org,2023-09-30,6,-$424.00,Bioinformatics,Cost &lt; Budget
REC-3272,PRJ20261001,Comprehensive Digital Humanities Data Archival Research Initiative Phase 1,Dr. Doe,Class of 2018,UIUC,a.wright@berkeley.edu,2025-12-01,29,123639.88,Python,Phase 1 &amp; 2 complete
REC-3273,PRJ-26-1001,Investigation into Archival Studies and Modern Data Pipelines,Jane Smith,2012.0,"Berkeley, University of California",smith@unlv.edu,2018-11-05,24,-$248.00,Data Science,Notes on &quot;UIUC&quot;
REC-3274,PRJ-2026-8819,Study on Python,Kristina Tailor,2005,UIUC,contact@lab.org,2023-09-30,30,FREE,Bioinformatics,Na&iuml;ve Bayes test
REC-3275,prj-2026-1001,Proj A,Dr. Jane Mary Smith,2012,"Urbana-Champaign, University of Illinois",r.johnson@mit.edu,2016-03-12,60,$100.00,Machine Learning,Caf&eacute; study group
REC-3276,PRJ-26-1001,Analysis of Python,Patricia Taylor Garcia,c. 2005,M.I.T.,contact@lab.org,2018-11-05,41,168601.87 USD,Python,Notes on &quot;UIUC&quot;
REC-3277,PRJ-2026-1001,Analysis of Machine Learning,Alexandr Wright,2022,"Las Vegas, University of Nevada",smith@unlv.edu,2023-09-30,12,FREE,Bioinformatics,Phase 1 &amp; 2 complete
REC-3278,,Study on Archival Studies,Jane Smith,Unknown,"University of California, Berkeley",smith@unlv.edu,2020-01-15,41,FREE,Ethics,Caf&eacute; study group
REC-3279,PRJ-2026-1001,Study on Machine Learning,Jeffrey Clarke,2020,M.I.T.,a.wright@berkeley.edu,2021-07-22,46,-$291.00,Machine Learning,Notes on &quot;UIUC&quot;
REC-3280,PRJ-2026-9900,National Science Foundation Geospatial Analysis Infrastructure Program,Dr. Doe,2018,"Technology, Massachusetts Institute of",jdoe@illinois.edu,2018-11-05,38,FREE,Machine Learning,Notes on &quot;UIUC&quot;
REC-3281,PRJ20261001,Study on Bioinformatics,Brian Stuart,N/A,M.I.T.,a.wright@berkeley.edu,2099-12-31,24,91097.62 USD,Python,Notes on &quot;UIUC&quot;
REC-3282,PRJ-2026-4052,Comprehensive Digital Humanities Data Archival Research Initiative Phase 1,Dr. Johnson,2018,Cal Berkeley,contact@lab.org,2025-12-01,10,"$18,236.36",Cataloging,Cost &lt; Budget
REC-3283,PRJ-2026-9900,Comprehensive Digital Humanities Data Archival Research Project Phase 2,Dr. Johnson,2018,"University of Nevada, Las Vegas",smith@unlv.edu,2021-07-22,8,"$16,938.60",Ethics,Notes on &quot;UIUC&quot;
REC-3284,PRJ-2026-1001,Comprehensive Digital Humanities Data Archival Research Project Phase 1,Dr. Johnson,2015,MIT,r.johnson@mit.edu,1900-01-01,30,46278.52 USD,Machine Learning,Notes on &quot;UIUC&quot;
REC-3285,PRJ-2026-4052,Comprehensive Digital Humanities Data Archival Research Initiative Phase 1,Dr. Smith,,"Las Vegas, University of Nevada",smith@unlv.edu,1900-01-01,18,66677.07,Archival Studies,Cost &lt; Budget
REC-3286,PRJ-26-1001,Proj A,Jane Smith,'15,UC Berkeley,contact@lab.org,2099-12-31,45,FREE,Python,Notes on &quot;UIUC&quot;
REC-3287,prj-2026-1001,Analysis of Machine Learning,Robert Jhnson,2012.0,UIUC,contact@lab.org,,8,-$253.00,Python,Na&iuml;ve Bayes test
REC-3288,prj-2026-1001,Study on Python,Catherine Wright,2050,Cal Berkeley,contact@lab.org,2025-12-01,21,94401.52 USD,Python,Caf&eacute; study group
REC-3289,PRJ-2026-8819,Analysis of Data Science,Michael O'Brown,Class of 2018,University of Illinois at Urbana-Champaign,r.johnson@mit.edu,2023-09-30,36,-$287.00,Archival Studies,Notes on &quot;UIUC&quot;
REC-3290,prj-2026-1001,Study on Archival Studies,Jane Smith,2012.0,M.I.T.,jdoe@illinois.edu,1900-01-01,42,FREE,Metadata,Caf&eacute; study group
REC-3291,PRJ-2026-4052,Comprehensive Digital Humanities Data Archival Research Project Phase 2,Dr. Smith,2015,"University of California, Berkeley",r.johnson@mit.edu,2099-12-31,5,19929.83 USD,Bioinformatics,Caf&eacute; study group
REC-3292,PRJ20261001,Study on Bioinformatics,Kristina Tailor,2012,Univ of Illinois Urbana Champaign,jdoe@illinois.edu,2020-01-15,20,51003.01,Archival Studies,Phase 1 &amp; 2 complete
REC-3293,INVALID_CODE,Comprehensive Digital Humanities Data Archival Research Project Phase 2,Dr. Johnson,1998,"University of California, Berkeley",contact@lab.org,2099-12-31,8,"$35,027.33",Bioinformatics,Na&iuml;ve Bayes test
REC-3294,INVALID_CODE,Study on Archival Studies,Jeffrey Clarke,c. 2005,Univ of Illinois Urbana Champaign,a.wright@berkeley.edu,2018-11-05,40,"$166,978.38",Bioinformatics,Caf&eacute; study group
REC-3295,PRJ-2026-4052,Analysis of Data Science,Robert Jhnson,2050,UNLV,r.johnson@mit.edu,1900-01-01,7,-$271.00,Cataloging,Phase 1 &amp; 2 complete
REC-3296,INVALID_CODE,Analysis of Python,Michael OBrown,,university of illinois at urbana-champaign,a.wright@berkeley.edu,2018-11-05,12,41084.61 USD,Archival Studies,Na&iuml;ve Bayes test
REC-3297,,National Science Foundation Geospatial Analysis Infrastructure Project,Dr. Brown,1882,M.I.T.,a.wright@berkeley.edu,1900-01-01,30,"$128,674.28",Archival Studies,Notes on &quot;UIUC&quot;
REC-3298,PRJ-2026-4052,Study on Bioinformatics,Geoffrey Clark,2005,UC Berkeley,r.johnson@mit.edu,1900-01-01,3,FREE,Bioinformatics,Cost &lt; Budget
REC-3299,INVALID_CODE,Study on Cataloging,Jayne Smyth,2020,Univ of Illinois Urbana Champaign,contact@lab.org,2021-07-22,44,-$285.00,Cataloging,Caf&eacute; study group
REC-3300,PRJ-2026-9900,Proj A,Smith,1998,UIUC,duplicate.user@research.org,2025-12-01,44,163271.78 USD,Bioinformatics,Caf&eacute; study group
REC-3301,prj-2026-1001,National Science Foundation Geospatial Analysis Infrastructure Project,Dr. Doe,'15,"University of California, Berkeley",jdoe@illinois.edu,2016-03-12,13,"$37,782.17",Metadata,Phase 1 &amp; 2 complete
REC-3302,PRJ-2026-8819,National Science Foundation Geospatial Analysis Infrastructure Program,Dr. Doe,c2020,"Las Vegas, University of Nevada",r.johnson@mit.edu,2021-07-22,8,-$453.00,Data Science,Cost &lt; Budget
REC-3303,PRJ-2026-8819,Analysis of Bioinformatics,Alexandr Wright,c. 2005,UC Berkeley,a.wright@berkeley.edu,2018-11-05,44,"$193,746.00",Machine Learning,Na&iuml;ve Bayes test
REC-3304,INVALID_CODE,Analysis of Archival Studies,Alexander Wright,2015,M.I.T.,smith@unlv.edu,1900-01-01,28,-$255.00,Ethics,Caf&eacute; study group
REC-3305,PRJ-2026-1001,Study on Bioinformatics,Kristina Tailor,2050,UNLV,r.johnson@mit.edu,2021-07-22,34,FREE,GIS Mapping,Notes on &quot;UIUC&quot;
REC-3306,PRJ-2026-9900,Study on Cataloging,Steven Miller,1998,U.N.L.V.,jdoe@illinois.edu,2020-01-15,11,44399.0 USD,Python,Cost &lt; Budget
REC-3307,,Investigation into Machine Learning and Modern Data Pipelines,m. davis,2012,"Urbana-Champaign, University of Illinois",a.wright@berkeley.edu,2099-12-31,7,13141.83 USD,GIS Mapping,Na&iuml;ve Bayes test
REC-3308,,National Science Foundation Geospatial Analysis Infrastructure Project,Dr. Smith,2005,U.N.L.V.,contact@lab.org,2021-07-22,13,"$54,963.59",GIS Mapping,Na&iuml;ve Bayes test
REC-3309,PRJ-2026-4052,Investigation into Archival Studies and Modern Data Pipelines,m. davis,2050,Univ of Nevada Las Vegas,a.wright@berkeley.edu,1900-01-01,25,FREE,Bioinformatics,Cost &lt; Budget
REC-3310,prj-2026-1001,Study on GIS Mapping,Bryan Stewart,2015,UC Berkeley,smith@unlv.edu,,21,43451.85,Python,Cost &lt; Budget
REC-3311,INVALID_CODE,Investigation into Bioinformatics and Modern Data Pipelines,m. davis,2012,university of illinois at urbana-champaign,contact@lab.org,2025-12-01,60,$100.00,Machine Learning,Cost &lt; Budget
REC-3312,PRJ-26-1001,National Science Foundation Geospatial Analysis Infrastructure Program,Dr. Johnson,,MIT,smith@unlv.edu,2021-07-22,10,32375.2,Archival Studies,Caf&eacute; study group
REC-3313,PRJ20261001,Study on Ethics,Kathryn Write,2012,UNLV,contact@lab.org,,31,FREE,Cataloging,Phase 1 &amp; 2 complete
,,,,,,,,,,Machine Learning,Sub-tag record
REC-3314,PRJ20261001,Study on Bioinformatics,Steven Miller,Unknown,Massachusetts Institute of Technology,smith@unlv.edu,2020-01-15,31,67289.7,Bioinformatics,Phase 1 &amp; 2 complete
REC-3315,PRJ-2026-1001,National Science Foundation Geospatial Analysis Infrastructure Program,Dr. Brown,Pending,University of Illinois at Urbana-Champaign,contact@lab.org,2025-12-01,23,68336.47,Cataloging,Caf&eacute; study group
REC-3316,PRJ-2026-9900,Proj A,m. davis,Class of 2018,UNLV,a.wright@berkeley.edu,2021-07-22,41,62193.42,Bioinformatics,Phase 1 &amp; 2 complete
REC-3317,PRJ-2026-1001,Investigation into Data Science and Modern Data Pipelines,Jane Smith,,"University of California, Berkeley",jdoe@illinois.edu,2020-01-15,9,-$190.00,Bioinformatics,Cost &lt; Budget
REC-3318,PRJ-26-1001,Analysis of Archival Studies,Patricia Taylor Garcia,2018,"University of California, Berkeley",contact@lab.org,,8,30709.93 USD,Python,Phase 1 &amp; 2 complete
REC-3319,PRJ20261001,Proj A,Smith,2050,university of illinois at urbana-champaign,jdoe@illinois.edu,2021-07-22,23,52276.69 USD,Cataloging,Na&iuml;ve Bayes test
REC-3320,PRJ-2026-1001,Comprehensive Digital Humanities Data Archival Research Initiative Phase 1,Dr. Brown,c2020,"University of Nevada, Las Vegas",smith@unlv.edu,,16,-$262.00,Bioinformatics,Na&iuml;ve Bayes test
REC-3321,PRJ-26-1001,Proj A,Smith,2021,Univ. of Illinois (UIUC),jdoe@illinois.edu,2023-09-30,37,FREE,Machine Learning,Notes on &quot;UIUC&quot;
REC-3322,prj-2026-1001,Study on Data Science,Jane Smith,2012.0,Urbana Champaign University of Illinois,jdoe@illinois.edu,2020-01-15,14,34167.57 USD,Data Science,Na&iuml;ve Bayes test
REC-3323,INVALID_CODE,Analysis of Ethics,Michael OBrown,N/A,MIT,a.wright@berkeley.edu,2016-03-12,36,116341.77,Machine Learning,Caf&eacute; study group
REC-3324,PRJ20261001,Analysis of Cataloging,Patricia Taylor Garcia,Unknown,UC Berkeley,contact@lab.org,2023-09-30,44,-$151.00,Bioinformatics,Cost &lt; Budget
REC-3325,INVALID_CODE,Analysis of Cataloging,Michael O'Brown,Pending,Cal Berkeley,smith@unlv.edu,1900-01-01,3,8747.31,Ethics,Notes on &quot;UIUC&quot;
REC-3326,,Study on Cataloging,Brian Stuart,2021,"University of Nevada, Las Vegas",a.wright@berkeley.edu,1900-01-01,31,84257.23 USD,Metadata,Phase 1 &amp; 2 complete
REC-3327,PRJ-26-1001,Analysis of Data Science,Johnathan Doe,,Univ. of Illinois (UIUC),a.wright@berkeley.edu,2099-12-31,35,FREE,Data Science,Cost &lt; Budget
REC-3328,PRJ-2026-8819,Analysis of Archival Studies,Robert Jhnson,,M.I.T.,contact@lab.org,2023-09-30,14,36876.21,Archival Studies,Na&iuml;ve Bayes test
REC-3329,PRJ-26-1001,Study on GIS Mapping,Stephen Miller,N/A,UC Berkeley,r.johnson@mit.edu,2018-11-05,31,FREE,GIS Mapping,Cost &lt; Budget
REC-3330,PRJ-2026-1001,Comprehensive Digital Humanities Data Archival Research Initiative Phase 1,Dr. Doe,N/A,Univ. of Illinois (UIUC),contact@lab.org,2018-11-05,9,"$34,071.23",Python,Na&iuml;ve Bayes test
REC-3331,INVALID_CODE,Proj A,m. davis,2012.0,"Berkeley, University of California",a.wright@berkeley.edu,2023-09-30,5,"$17,235.14",Ethics,Caf&eacute; study group
REC-3332,prj-2026-1001,Study on Ethics,Bryan Stewart,2020,Urbana Champaign University of Illinois,smith@unlv.edu,1900-01-01,14,52894.89,Bioinformatics,Cost &lt; Budget
REC-3333,PRJ-2026-9900,Study on GIS Mapping,Stephen Miller,c2020,U.N.L.V.,smith@unlv.edu,,22,74162.09,Python,Na&iuml;ve Bayes test
REC-3334,PRJ-2026-8819,Proj A,Smith,c. 2005,UNLV,contact@lab.org,1900-01-01,3,FREE,GIS Mapping,Notes on &quot;UIUC&quot;
REC-3335,INVALID_CODE,Analysis of Machine Learning,Robert Jhnson,c2020,"University of California, Berkeley",contact@lab.org,2099-12-31,14,FREE,Data Science,Cost &lt; Budget
REC-3336,INVALID_CODE,Analysis of GIS Mapping,Alexandr Wright,1882,M.I.T.,smith@unlv.edu,,15,-$179.00,GIS Mapping,Phase 1 &amp; 2 complete
REC-3337,INVALID_CODE,Study on Cataloging,Christina Taylor,,Univ. of Illinois (UIUC),jdoe@illinois.edu,2020-01-15,40,"$90,084.70",Python,Cost &lt; Budget
REC-3338,PRJ-2026-8819,Comprehensive Digital Humanities Data Archival Research Initiative Phase 1,Dr. Johnson,2020,Univ of Nevada Las Vegas,contact@lab.org,2025-12-01,18,"$31,619.06",Python,Na&iuml;ve Bayes test
,,,,,,,,,,Bioinformatics,Sub-tag record
REC-3339,PRJ-26-1001,Analysis of Metadata,Johnathan Doee,2022,"University of California, Berkeley",smith@unlv.edu,2023-09-30,60,-$486.00,Bioinformatics,Na&iuml;ve Bayes test
REC-3340,PRJ-2026-8819,Comprehensive Digital Humanities Data Archival Research Project Phase 1,Dr. Brown,,"Technology, Massachusetts Institute of",a.wright@berkeley.edu,2018-11-05,26,43655.24 USD,Ethics,Notes on &quot;UIUC&quot;
REC-3341,PRJ-2026-1001,Investigation into Python and Modern Data Pipelines,A. PROF. WILSON,1998,"Las Vegas, University of Nevada",a.wright@berkeley.edu,,4,12919.44,Metadata,Na&iuml;ve Bayes test
REC-3342,PRJ-2026-9900,National Science Foundation Geospatial Analysis Infrastructure Program,Dr. Brown,c2020,Urbana Champaign University of Illinois,a.wright@berkeley.edu,2021-07-22,21,"$55,909.03",Bioinformatics,Phase 1 &amp; 2 complete
REC-3343,,Analysis of Cataloging,Alexander Wright,c2020,Urbana Champaign University of Illinois,jdoe@illinois.edu,2023-09-30,8,27160.52 USD,Cataloging,Caf&eacute; study group
REC-3344,INVALID_CODE,Comprehensive Digital Humanities Data Archival Research Project Phase 1,Dr. Doe,2021,"University of Nevada, Las Vegas",jdoe@illinois.edu,1900-01-01,30,FREE,Python,Notes on &quot;UIUC&quot;
REC-3345,PRJ20261001,Comprehensive Digital Humanities Data Archival Research Project Phase 1,Dr. Johnson,2015,"Las Vegas, University of Nevada",r.johnson@mit.edu,1900-01-01,39,"$99,683.45",Ethics,Notes on &quot;UIUC&quot;
REC-3346,PRJ-2026-1001,Comprehensive Digital Humanities Data Archival Research Project Phase 1,Dr. Brown,c2020,"Urbana-Champaign, University of Illinois",a.wright@berkeley.edu,2016-03-12,3,-$109.00,Archival Studies,Notes on &quot;UIUC&quot;
REC-3347,PRJ-2026-8819,Comprehensive Digital Humanities Data Archival Research Project Phase 2,Dr. Johnson,2021,"University of California, Berkeley",a.wright@berkeley.edu,2023-09-30,4,10996.96 USD,GIS Mapping,Cost &lt; Budget
REC-3348,PRJ-2026-8819,Comprehensive Digital Humanities Data Archival Research Project Phase 2,Dr. Brown,2020,Univ. of Illinois (UIUC),jdoe@illinois.edu,2023-09-30,36,115801.43,GIS Mapping,Notes on &quot;UIUC&quot;
REC-3349,,Study on Machine Learning,Kathryn Write,Pending,University of Illinois at Urbana-Champaign,contact@lab.org,2025-12-01,45,156435.25,Data Science,Phase 1 &amp; 2 complete
REC-3350,PRJ-2026-9900,Proj A,m. davis,1882,Univ of Nevada Las Vegas,smith@unlv.edu,2018-11-05,19,54439.65,Machine Learning,Caf&eacute; study group
REC-3351,PRJ-2026-8819,Analysis of Ethics,Alexander Wright,'15,UIUC,contact@lab.org,2020-01-15,14,-$136.00,Metadata,Phase 1 &amp; 2 complete
REC-3352,,Study on Python,Bryan Stewart,2021,Univ. of Illinois (UIUC),a.wright@berkeley.edu,2016-03-12,13,35765.16 USD,Data Science,Phase 1 &amp; 2 complete
REC-3353,PRJ-2026-4052,National Science Foundation Geospatial Analysis Infrastructure Program,Dr. Smith,2022,"University of Nevada, Las Vegas",contact@lab.org,2021-07-22,6,FREE,Metadata,Na&iuml;ve Bayes test
REC-3354,prj-2026-1001,Proj A,Dr. Jane Mary Smith,1882,"University of Nevada, Las Vegas",r.johnson@mit.edu,2016-03-12,28,FREE,GIS Mapping,Notes on &quot;UIUC&quot;
REC-3355,,Analysis of Ethics,Alexander Wright,1998,University of Illinois at Urbana-Champaign,jdoe@illinois.edu,1900-01-01,21,FREE,Data Science,Cost &lt; Budget
REC-3356,PRJ20261001,Comprehensive Digital Humanities Data Archival Research Initiative Phase 1,Dr. Smith,Class of 2018,"Urbana-Champaign, University of Illinois",contact@lab.org,2018-11-05,23,FREE,Archival Studies,Cost &lt; Budget
REC-3357,prj-2026-1001,Proj A,Jane Smith,2018,Cal Berkeley,r.johnson@mit.edu,2099-12-31,39,"$71,044.92",Archival Studies,Na&iuml;ve Bayes test
REC-3358,,Comprehensive Digital Humanities Data Archival Research Project Phase 1,Dr. Smith,Class of 2018,Urbana Champaign University of Illinois,contact@lab.org,2023-09-30,46,FREE,GIS Mapping,Na&iuml;ve Bayes test
REC-3359,PRJ-2026-1001,Proj A,m. davis,2022,MIT,a.wright@berkeley.edu,2023-09-30,12,"$18,240.48",Cataloging,Caf&eacute; study group
REC-3360,prj-2026-1001,Proj A,A. PROF. WILSON,2022,U.N.L.V.,contact@lab.org,2016-03-12,18,"$68,780.60",Metadata,Cost &lt; Budget
REC-3361,INVALID_CODE,Investigation into Python and Modern Data Pipelines,A. PROF. WILSON,2012.0,MIT,a.wright@berkeley.edu,,6,"$12,906.51",Bioinformatics,Cost &lt; Budget
REC-3362,PRJ-2026-4052,Investigation into Machine Learning and Modern Data Pipelines,A. PROF. WILSON,2022,UNLV,contact@lab.org,2021-07-22,27,FREE,Ethics,Cost &lt; Budget
REC-3363,PRJ-2026-8819,Analysis of Cataloging,Alexandr Wright,2012.0,Cal Berkeley,r.johnson@mit.edu,1900-01-01,37,FREE,Ethics,Phase 1 &amp; 2 complete
REC-3364,PRJ20261001,Proj A,Jane Smith,2020,university of illinois at urbana-champaign,contact@lab.org,2023-09-30,20,FREE,Archival Studies,Caf&eacute; study group
REC-3365,prj-2026-1001,Proj A,Smith,N/A,UC Berkeley,jdoe@illinois.edu,2025-12-01,24,77397.42 USD,Bioinformatics,Caf&eacute; study group
REC-3366,,Study on GIS Mapping,Jane Smith,c. 2005,University of Illinois at Urbana-Champaign,a.wright@berkeley.edu,2018-11-05,4,"$9,520.06",Archival Studies,Phase 1 &amp; 2 complete
REC-3367,PRJ-2026-8819,National Science Foundation Geospatial Analysis Infrastructure Project,Dr. Brown,1998,Univ of Nevada Las Vegas,duplicate.user@research.org,2018-11-05,35,100413.12 USD,Bioinformatics,Na&iuml;ve Bayes test
REC-3368,PRJ-2026-4052,Study on Archival Studies,Kathryn Write,2012,UIUC,r.johnson@mit.edu,2018-11-05,24,-$465.00,Machine Learning,Phase 1 &amp; 2 complete
REC-3369,PRJ-2026-8819,Analysis of Archival Studies,Robert Jhnson,1882,UIUC,contact@lab.org,2018-11-05,38,-$360.00,Metadata,Notes on &quot;UIUC&quot;
REC-3370,PRJ-2026-4052,National Science Foundation Geospatial Analysis Infrastructure Project,Dr. Smith,2015,Massachusetts Institute of Technology,r.johnson@mit.edu,2025-12-01,26,FREE,Cataloging,Na&iuml;ve Bayes test
,,,,,,,,,,Archival Studies,Sub-tag record
,,,,,,,,,,Ethics,Sub-tag record
REC-3371,PRJ20261001,Analysis of Python,Johnathan Doe,c2020,UC Berkeley,jdoe@illinois.edu,2018-11-05,19,"$43,050.33",GIS Mapping,Caf&eacute; study group
REC-3372,PRJ-2026-8819,Study on GIS Mapping,Jayne Smyth,Pending,"Urbana-Champaign, University of Illinois",jdoe@illinois.edu,2021-07-22,30,"$73,111.37",Archival Studies,Phase 1 &amp; 2 complete
REC-3373,prj-2026-1001,Analysis of Metadata,Alexandr Wright,1882,UIUC,r.johnson@mit.edu,2020-01-15,20,-$464.00,Metadata,Caf&eacute; study group
REC-3374,PRJ-26-1001,National Science Foundation Geospatial Analysis Infrastructure Project,Dr. Smith,1998,M.I.T.,a.wright@berkeley.edu,2023-09-30,26,78680.87 USD,Cataloging,Caf&eacute; study group
REC-3375,PRJ-26-1001,Investigation into Data Science and Modern Data Pipelines,Smith,2050,Urbana Champaign University of Illinois,smith@unlv.edu,2016-03-12,34,-$265.00,Bioinformatics,Caf&eacute; study group
REC-3376,PRJ-26-1001,Study on GIS Mapping,Kristina Tailor,2015,"University of Nevada, Las Vegas",smith@unlv.edu,1900-01-01,10,"$21,029.34",Bioinformatics,Phase 1 &amp; 2 complete
REC-3377,PRJ20261001,Proj A,m. davis,2015,M.I.T.,smith@unlv.edu,2099-12-31,16,59581.88,Metadata,Phase 1 &amp; 2 complete
,,,,,,,,,,Archival Studies,Sub-tag record
,,,,,,,,,,Machine Learning,Sub-tag record
REC-3378,PRJ20261001,Study on Ethics,Kristina Tailor,2021,"Berkeley, University of California",a.wright@berkeley.edu,1900-01-01,13,52579.26 USD,Python,Notes on &quot;UIUC&quot;
,,,,,,,,,,GIS Mapping,Sub-tag record
,,,,,,,,,,Machine Learning,Sub-tag record
,,,,,,,,,,Data Science,Sub-tag record
REC-3379,PRJ20261001,Investigation into Machine Learning and Modern Data Pipelines,Jane Smith,'15,"University of California, Berkeley",r.johnson@mit.edu,2020-01-15,21,55688.86 USD,Ethics,Cost &lt; Budget
REC-3380,PRJ-26-1001,Analysis of Bioinformatics,Johnathan Doe,2015,Cal Berkeley,jdoe@illinois.edu,2025-12-01,14,"$37,500.58",Data Science,Phase 1 &amp; 2 complete
REC-3381,INVALID_CODE,Proj A,Jane Smith,2018,Univ. of Illinois (UIUC),a.wright@berkeley.edu,2099-12-31,23,"$54,267.60",Metadata,Caf&eacute; study group
REC-3382,PRJ-2026-9900,Comprehensive Digital Humanities Data Archival Research Project Phase 1,Dr. Doe,2050,"Technology, Massachusetts Institute of",r.johnson@mit.edu,2020-01-15,7,"$20,293.60",Machine Learning,Na&iuml;ve Bayes test
REC-3383,INVALID_CODE,Analysis of Python,Alexandr Wright,2012,MIT,smith@unlv.edu,2099-12-31,44,139932.01,Python,Na&iuml;ve Bayes test
REC-3384,PRJ-26-1001,Analysis of Machine Learning,Robert Jhnson,Pending,University of Illinois at Urbana-Champaign,duplicate.user@research.org,2025-12-01,60,FREE,Python,Caf&eacute; study group
REC-3385,PRJ-26-1001,Study on Archival Studies,Brian Stuart,'15,Univ of Nevada Las Vegas,smith@unlv.edu,,14,60176.66,Metadata,Na&iuml;ve Bayes test
REC-3386,PRJ-26-1001,Investigation into Python and Modern Data Pipelines,Jane Smith,2018,University of Illinois at Urbana-Champaign,smith@unlv.edu,2025-12-01,33,-$486.00,Python,Phase 1 &amp; 2 complete
REC-3387,PRJ-2026-8819,Study on Ethics,Brian Stuart,2050,Univ of Nevada Las Vegas,jdoe@illinois.edu,2099-12-31,19,74512.38,Data Science,Notes on &quot;UIUC&quot;
REC-3388,INVALID_CODE,Study on Bioinformatics,Bryan Stewart,2021,UIUC,r.johnson@mit.edu,2018-11-05,27,FREE,Bioinformatics,Caf&eacute; study group
REC-3389,PRJ20261001,Comprehensive Digital Humanities Data Archival Research Project Phase 2,Dr. Doe,2022,Univ. of Illinois (UIUC),r.johnson@mit.edu,2016-03-12,3,-$453.00,Archival Studies,Na&iuml;ve Bayes test
REC-3390,PRJ-2026-9900,Study on GIS Mapping,Bryan Stewart,1882,"Urbana-Champaign, University of Illinois",r.johnson@mit.edu,2099-12-31,44,"$162,017.73",Bioinformatics,Cost &lt; Budget
REC-3391,PRJ-26-1001,Study on Cataloging,Catherine Wright,2015,University of Illinois at Urbana-Champaign,jdoe@illinois.edu,,41,168832.66,Ethics,Na&iuml;ve Bayes test
REC-3392,PRJ-26-1001,Study on Data Science,Brian Stuart,1998,Urbana Champaign University of Illinois,jdoe@illinois.edu,2016-03-12,10,"$35,846.34",Cataloging,Na&iuml;ve Bayes test
REC-3393,PRJ-2026-9900,National Science Foundation Geospatial Analysis Infrastructure Project,Dr. Brown,2018,UC Berkeley,jdoe@illinois.edu,2018-11-05,29,92950.42 USD,Machine Learning,Phase 1 &amp; 2 complete
,,,,,,,,,,Metadata,Sub-tag record
REC-3394,PRJ-2026-8819,National Science Foundation Geospatial Analysis Infrastructure Program,Dr. Brown,Class of 2018,"Technology, Massachusetts Institute of",jdoe@illinois.edu,2025-12-01,15,FREE,Ethics,Na&iuml;ve Bayes test
,,,,,,,,,,GIS Mapping,Sub-tag record
,,,,,,,,,,Archival Studies,Sub-tag record
REC-3395,PRJ-2026-1001,Comprehensive Digital Humanities Data Archival Research Project Phase 2,Dr. Smith,2015,Massachusetts Institute of Technology,smith@unlv.edu,2021-07-22,19,70969.96,Python,Notes on &quot;UIUC&quot;
REC-3396,PRJ-2026-4052,Investigation into Bioinformatics and Modern Data Pipelines,Smith,Unknown,U.N.L.V.,contact@lab.org,2021-07-22,39,"$131,463.74",Ethics,Phase 1 &amp; 2 complete
REC-3397,INVALID_CODE,Investigation into Machine Learning and Modern Data Pipelines,Dr. Jane Mary Smith,2012.0,Univ of Nevada Las Vegas,duplicate.user@research.org,2020-01-15,15,FREE,Cataloging,Na&iuml;ve Bayes test
REC-3398,PRJ-2026-8819,Study on GIS Mapping,Catherine Wright,Unknown,"Berkeley, University of California",jdoe@illinois.edu,1900-01-01,45,184464.96,Python,Phase 1 &amp; 2 complete
REC-3399,,Investigation into Python and Modern Data Pipelines,Dr. Jane Mary Smith,,Univ of Illinois Urbana Champaign,r.johnson@mit.edu,2021-07-22,5,15271.17,GIS Mapping,Na&iuml;ve Bayes test
REC-3400,PRJ-2026-8819,Analysis of Python,Robert Johnson,1882,UC Berkeley,jdoe@illinois.edu,2016-03-12,26,FREE,Bioinformatics,Caf&eacute; study group
REC-3401,PRJ-2026-4052,Analysis of Metadata,Robert Jhnson,2012,Univ. of Illinois (UIUC),smith@unlv.edu,2020-01-15,19,FREE,Python,Caf&eacute; study group
REC-3402,,National Science Foundation Geospatial Analysis Infrastructure Project,Dr. Brown,2005,"Urbana-Champaign, University of Illinois",smith@unlv.edu,2016-03-12,34,"$59,227.90",GIS Mapping,Phase 1 &amp; 2 complete
REC-3403,PRJ-2026-9900,Comprehensive Digital Humanities Data Archival Research Project Phase 2,Dr. Smith,2050,Massachusetts Institute of Technology,a.wright@berkeley.edu,2025-12-01,44,FREE,Data Science,Notes on &quot;UIUC&quot;
REC-3404,PRJ20261001,Analysis of Machine Learning,Michael O'Brown,N/A,"University of California, Berkeley",a.wright@berkeley.edu,2016-03-12,34,148889.6,Metadata,Caf&eacute; study group
REC-3405,PRJ-2026-9900,Study on Machine Learning,Christina Taylor,'15,"Urbana-Champaign, University of Illinois",duplicate.user@research.org,,32,FREE,Machine Learning,Cost &lt; Budget
REC-3406,PRJ-2026-8819,Investigation into Archival Studies and Modern Data Pipelines,m. davis,1998,"University of Nevada, Las Vegas",r.johnson@mit.edu,2020-01-15,17,FREE,Metadata,Cost &lt; Budget
REC-3407,PRJ-26-1001,National Science Foundation Geospatial Analysis Infrastructure Program,Dr. Brown,2005,MIT,r.johnson@mit.edu,2099-12-31,9,-$369.00,Metadata,Cost &lt; Budget
REC-3408,PRJ-2026-9900,Study on GIS Mapping,Jane Smith,'15,"University of California, Berkeley",jdoe@illinois.edu,1900-01-01,40,-$350.00,Ethics,Notes on &quot;UIUC&quot;
REC-3409,,Comprehensive Digital Humanities Data Archival Research Project Phase 1,Dr. Doe,Pending,"Las Vegas, University of Nevada",contact@lab.org,2021-07-22,41,99762.03 USD,Cataloging,Cost &lt; Budget
,,,,,,,,,,Metadata,Sub-tag record
,,,,,,,,,,GIS Mapping,Sub-tag record
REC-3410,prj-2026-1001,Comprehensive Digital Humanities Data Archival Research Project Phase 2,Dr. Doe,2022,"Urbana-Champaign, University of Illinois",r.johnson@mit.edu,1900-01-01,48,167783.7 USD,GIS Mapping,Phase 1 &amp; 2 complete
REC-3411,PRJ-2026-9900,Proj A,m. davis,2050,"University of California, Berkeley",a.wright@berkeley.edu,1900-01-01,39,96591.47,Python,Phase 1 &amp; 2 complete
REC-3412,PRJ-2026-1001,Analysis of Ethics,Johnathan Doee,Pending,UNLV,r.johnson@mit.edu,2018-11-05,16,-$316.00,Cataloging,Na&iuml;ve Bayes test
REC-3413,,Investigation into GIS Mapping and Modern Data Pipelines,Dr. Jane Mary Smith,2050,MIT,a.wright@berkeley.edu,2020-01-15,38,"$138,863.28",Machine Learning,Notes on &quot;UIUC&quot;
,,,,,,,,,,GIS Mapping,Sub-tag record
REC-3414,PRJ-2026-4052,Analysis of Bioinformatics,Alexander Wright,2018,Cal Berkeley,r.johnson@mit.edu,2025-12-01,24,-$492.00,Data Science,Caf&eacute; study group
REC-3415,prj-2026-1001,Proj A,m. davis,2015,"University of California, Berkeley",duplicate.user@research.org,2025-12-01,14,FREE,GIS Mapping,Na&iuml;ve Bayes test
REC-3416,PRJ-2026-1001,Proj A,m. davis,'15,Cal Berkeley,smith@unlv.edu,2025-12-01,40,115769.83,Cataloging,Phase 1 &amp; 2 complete
,,,,,,,,,,GIS Mapping,Sub-tag record
,,,,,,,,,,Machine Learning,Sub-tag record
,,,,,,,,,,Bioinformatics,Sub-tag record
REC-3417,PRJ20261001,National Science Foundation Geospatial Analysis Infrastructure Program,Dr. Doe,2012.0,MIT,a.wright@berkeley.edu,2099-12-31,11,29304.09,Archival Studies,Notes on &quot;UIUC&quot;
REC-3418,PRJ20261001,Comprehensive Digital Humanities Data Archival Research Project Phase 2,Dr. Smith,2015,university of illinois at urbana-champaign,contact@lab.org,2018-11-05,60,$100.00,Metadata,Cost &lt; Budget
REC-3419,INVALID_CODE,Study on Data Science,Kathryn Write,Class of 2018,M.I.T.,a.wright@berkeley.edu,2099-12-31,8,FREE,Cataloging,Cost &lt; Budget
REC-3420,PRJ-2026-9900,National Science Foundation Geospatial Analysis Infrastructure Program,Dr. Brown,2012,"University of California, Berkeley",jdoe@illinois.edu,2020-01-15,27,-$290.00,Python,Cost &lt; Budget
REC-3421,PRJ20261001,National Science Foundation Geospatial Analysis Infrastructure Program,Dr. Brown,1998,M.I.T.,jdoe@illinois.edu,,45,-$452.00,GIS Mapping,Phase 1 &amp; 2 complete
REC-3422,prj-2026-1001,Investigation into GIS Mapping and Modern Data Pipelines,m. davis,2005,university of illinois at urbana-champaign,jdoe@illinois.edu,2021-07-22,18,-$302.00,Archival Studies,Caf&eacute; study group
REC-3423,PRJ-26-1001,Comprehensive Digital Humanities Data Archival Research Initiative Phase 1,Dr. Brown,2012,Univ of Nevada Las Vegas,jdoe@illinois.edu,2018-11-05,28,116648.62 USD,Data Science,Na&iuml;ve Bayes test
REC-3424,PRJ-26-1001,Study on Bioinformatics,Kristina Tailor,2021,Univ. of Illinois (UIUC),jdoe@illinois.edu,2018-11-05,31,"$93,968.84",Ethics,Caf&eacute; study group
REC-3425,INVALID_CODE,Study on Python,Jayne Smyth,Unknown,Urbana Champaign University of Illinois,smith@unlv.edu,2025-12-01,43,-$262.00,Ethics,Notes on &quot;UIUC&quot;
REC-3426,PRJ-2026-1001,Investigation into Archival Studies and Modern Data Pipelines,m. davis,c. 2005,"Urbana-Champaign, University of Illinois",contact@lab.org,2099-12-31,47,-$296.00,Machine Learning,Phase 1 &amp; 2 complete
REC-3427,PRJ-2026-8819,National Science Foundation Geospatial Analysis Infrastructure Project,Dr. Johnson,Unknown,UIUC,duplicate.user@research.org,2021-07-22,9,FREE,Cataloging,Notes on &quot;UIUC&quot;
REC-3428,,Proj A,Dr. Jane Mary Smith,2020,UIUC,contact@lab.org,2023-09-30,33,FREE,Machine Learning,Phase 1 &amp; 2 complete
REC-3429,PRJ-2026-4052,Comprehensive Digital Humanities Data Archival Research Initiative Phase 1,Dr. Doe,2050,university of illinois at urbana-champaign,a.wright@berkeley.edu,2099-12-31,26,-$180.00,Python,Caf&eacute; study group
REC-3430,INVALID_CODE,National Science Foundation Geospatial Analysis Infrastructure Project,Dr. Doe,1882,UNLV,jdoe@illinois.edu,2021-07-22,12,-$498.00,Metadata,Phase 1 &amp; 2 complete
REC-3431,PRJ-2026-4052,Analysis of Metadata,Michael OBrown,Pending,"Berkeley, University of California",a.wright@berkeley.edu,2025-12-01,41,141316.95,Metadata,Notes on &quot;UIUC&quot;
REC-3432,PRJ-26-1001,Investigation into GIS Mapping and Modern Data Pipelines,A. PROF. WILSON,N/A,Univ of Nevada Las Vegas,r.johnson@mit.edu,2016-03-12,36,"$80,502.07",Machine Learning,Caf&eacute; study group
REC-3433,PRJ-26-1001,National Science Foundation Geospatial Analysis Infrastructure Project,Dr. Smith,2018,"Berkeley, University of California",a.wright@berkeley.edu,1900-01-01,25,93762.58,Data Science,Cost &lt; Budget
REC-3434,INVALID_CODE,Comprehensive Digital Humanities Data Archival Research Project Phase 1,Dr. Smith,1882,University of Illinois at Urbana-Champaign,contact@lab.org,2099-12-31,19,42957.41 USD,Archival Studies,Na&iuml;ve Bayes test
,,,,,,,,,,Bioinformatics,Sub-tag record
REC-3435,PRJ-2026-9900,Investigation into Bioinformatics and Modern Data Pipelines,Jane Smith,c. 2005,Massachusetts Institute of Technology,smith@unlv.edu,2023-09-30,39,FREE,Archival Studies,Caf&eacute; study group
REC-3436,PRJ-26-1001,Analysis of Bioinformatics,Michael O'Brown,,UIUC,jdoe@illinois.edu,2016-03-12,21,44524.37 USD,Python,Notes on &quot;UIUC&quot;
REC-3437,PRJ-2026-1001,Study on Machine Learning,Geoffrey Clark,'15,Cal Berkeley,duplicate.user@research.org,2023-09-30,29,45798.59 USD,Bioinformatics,Caf&eacute; study group
REC-3438,INVALID_CODE,Analysis of Python,Alexandr Wright,Unknown,UC Berkeley,a.wright@berkeley.edu,2016-03-12,23,-$385.00,GIS Mapping,Na&iuml;ve Bayes test
REC-3439,,Investigation into Bioinformatics and Modern Data Pipelines,Jane Smith,1998,U.N.L.V.,contact@lab.org,2025-12-01,22,-$449.00,Python,Na&iuml;ve Bayes test
REC-3440,prj-2026-1001,Proj A,Smith,1882,Cal Berkeley,r.johnson@mit.edu,1900-01-01,18,72589.77,Archival Studies,Phase 1 &amp; 2 complete
REC-3441,PRJ-2026-4052,National Science Foundation Geospatial Analysis Infrastructure Program,Dr. Brown,Class of 2018,M.I.T.,smith@unlv.edu,2020-01-15,35,100285.73,Machine Learning,Notes on &quot;UIUC&quot;
REC-3442,,Study on Ethics,Bryan Stewart,c. 2005,M.I.T.,contact@lab.org,2021-07-22,41,"$66,480.32",Python,Notes on &quot;UIUC&quot;
REC-3443,PRJ-26-1001,Study on Machine Learning,Jeffrey Clarke,2012,MIT,contact@lab.org,2023-09-30,39,FREE,Metadata,Phase 1 &amp; 2 complete
REC-3444,PRJ-2026-9900,Comprehensive Digital Humanities Data Archival Research Project Phase 2,Dr. Brown,2021,M.I.T.,smith@unlv.edu,2021-07-22,29,FREE,Cataloging,Phase 1 &amp; 2 complete
REC-3445,INVALID_CODE,Comprehensive Digital Humanities Data Archival Research Initiative Phase 1,Dr. Brown,1882,UC Berkeley,duplicate.user@research.org,2020-01-15,48,89285.5 USD,Ethics,Na&iuml;ve Bayes test
REC-3446,PRJ-2026-8819,Investigation into Archival Studies and Modern Data Pipelines,A. PROF. WILSON,,M.I.T.,contact@lab.org,2099-12-31,30,-$340.00,Ethics,Notes on &quot;UIUC&quot;
REC-3447,PRJ20261001,Analysis of Bioinformatics,Robert Johnson,2050,University of Illinois at Urbana-Champaign,contact@lab.org,,3,"$11,618.67",GIS Mapping,Cost &lt; Budget
REC-3448,PRJ-2026-1001,Comprehensive Digital Humanities Data Archival Research Project Phase 1,Dr. Johnson,2022,MIT,smith@unlv.edu,2018-11-05,42,FREE,Metadata,Phase 1 &amp; 2 complete
REC-3449,PRJ-2026-9900,Investigation into Metadata and Modern Data Pipelines,Dr. Jane Mary Smith,2005,"University of California, Berkeley",a.wright@berkeley.edu,2016-03-12,45,78085.27,Machine Learning,Cost &lt; Budget
REC-3450,PRJ-2026-8819,Study on Cataloging,Kathryn Write,1882,UC Berkeley,a.wright@berkeley.edu,2023-09-30,48,-$335.00,Ethics,Cost &lt; Budget
REC-3451,PRJ-2026-1001,National Science Foundation Geospatial Analysis Infrastructure Program,Dr. Smith,c. 2005,UNLV,contact@lab.org,2025-12-01,24,80538.31 USD,Ethics,Notes on &quot;UIUC&quot;
REC-3452,PRJ-2026-1001,Analysis of Data Science,Alexander Wright,2015,MIT,smith@unlv.edu,1900-01-01,14,FREE,Python,Na&iuml;ve Bayes test
REC-3453,PRJ-26-1001,Investigation into Cataloging and Modern Data Pipelines,A. PROF. WILSON,2005,University of Illinois at Urbana-Champaign,contact@lab.org,2021-07-22,38,"$144,883.41",Metadata,Caf&eacute; study group
REC-3454,INVALID_CODE,Comprehensive Digital Humanities Data Archival Research Project Phase 2,Dr. Smith,2021,M.I.T.,jdoe@illinois.edu,2021-07-22,36,FREE,GIS Mapping,Na&iuml;ve Bayes test
,,,,,,,,,,Cataloging,Sub-tag record
,,,,,,,,,,Bioinformatics,Sub-tag record
,,,,,,,,,,Archival Studies,Sub-tag record
REC-3455,PRJ-2026-1001,Study on Cataloging,Kathryn Write,c2020,"Berkeley, University of California",a.wright@berkeley.edu,1900-01-01,25,79809.14 USD,Python,Caf&eacute; study group
REC-3456,PRJ-26-1001,Comprehensive Digital Humanities Data Archival Research Project Phase 1,Dr. Smith,Pending,UNLV,smith@unlv.edu,2016-03-12,24,-$433.00,Ethics,Cost &lt; Budget
REC-3457,PRJ-26-1001,Study on Python,Jane Smith,,UNLV,smith@unlv.edu,2099-12-31,26,FREE,Metadata,Na&iuml;ve Bayes test
,,,,,,,,,,GIS Mapping,Sub-tag record
REC-3458,PRJ-2026-9900,Study on Machine Learning,Jane Smith,2018,U.N.L.V.,r.johnson@mit.edu,2018-11-05,36,126480.64 USD,Machine Learning,Caf&eacute; study group
REC-3459,PRJ-2026-1001,Study on Bioinformatics,Geoffrey Clark,2020,"Technology, Massachusetts Institute of",r.johnson@mit.edu,2023-09-30,25,"$40,877.91",GIS Mapping,Caf&eacute; study group
REC-3460,PRJ-2026-1001,Comprehensive Digital Humanities Data Archival Research Project Phase 1,Dr. Johnson,2050,"Berkeley, University of California",a.wright@berkeley.edu,1900-01-01,5,21402.79 USD,GIS Mapping,Na&iuml;ve Bayes test
REC-3461,INVALID_CODE,Analysis of Python,Patricia Taylor Garcia,2018,"University of California, Berkeley",smith@unlv.edu,2021-07-22,21,FREE,Python,Na&iuml;ve Bayes test
REC-3462,PRJ-2026-8819,Study on Cataloging,Kathryn Write,2012.0,"University of Nevada, Las Vegas",r.johnson@mit.edu,2023-09-30,42,142464.69 USD,Cataloging,Cost &lt; Budget
REC-3463,PRJ-2026-1001,Study on GIS Mapping,Jane Smith,1998,U.N.L.V.,contact@lab.org,2023-09-30,37,144192.6 USD,Metadata,Na&iuml;ve Bayes test
REC-3464,PRJ-2026-1001,Comprehensive Digital Humanities Data Archival Research Initiative Phase 1,Dr. Smith,2050,University of Illinois at Urbana-Champaign,a.wright@berkeley.edu,,34,-$356.00,Bioinformatics,Caf&eacute; study group
REC-3465,prj-2026-1001,Proj A,A. PROF. WILSON,2015,"University of Nevada, Las Vegas",contact@lab.org,1900-01-01,14,44079.67,GIS Mapping,Na&iuml;ve Bayes test
,,,,,,,,,,Python,Sub-tag record
,,,,,,,,,,Metadata,Sub-tag record
REC-3466,PRJ-2026-9900,Investigation into Metadata and Modern Data Pipelines,m. davis,2012,MIT,r.johnson@mit.edu,1900-01-01,28,91854.33 USD,Metadata,Phase 1 &amp; 2 complete
REC-3467,,National Science Foundation Geospatial Analysis Infrastructure Project,Dr. Brown,Unknown,"Las Vegas, University of Nevada",jdoe@illinois.edu,2016-03-12,42,"$161,739.17",Cataloging,Na&iuml;ve Bayes test
REC-3468,prj-2026-1001,Analysis of Archival Studies,Johnathan Doe,N/A,Univ of Illinois Urbana Champaign,duplicate.user@research.org,2020-01-15,8,18361.34,Bioinformatics,Caf&eacute; study group
REC-3469,prj-2026-1001,Comprehensive Digital Humanities Data Archival Research Initiative Phase 1,Dr. Smith,2021,Univ of Nevada Las Vegas,a.wright@berkeley.edu,2023-09-30,35,FREE,Bioinformatics,Cost &lt; Budget
REC-3470,PRJ-2026-9900,Comprehensive Digital Humanities Data Archival Research Initiative Phase 1,Dr. Johnson,2050,university of illinois at urbana-champaign,jdoe@illinois.edu,2099-12-31,41,123735.72 USD,Cataloging,Na&iuml;ve Bayes test
REC-3471,PRJ20261001,Analysis of Bioinformatics,Robert Jhnson,2005,UNLV,smith@unlv.edu,1900-01-01,34,"$79,694.43",GIS Mapping,Phase 1 &amp; 2 complete
REC-3472,prj-2026-1001,Comprehensive Digital Humanities Data Archival Research Project Phase 2,Dr. Smith,2021,"Technology, Massachusetts Institute of",smith@unlv.edu,2020-01-15,27,FREE,Bioinformatics,Cost &lt; Budget
REC-3473,PRJ-26-1001,Analysis of GIS Mapping,Johnathan Doee,2012.0,Univ of Illinois Urbana Champaign,jdoe@illinois.edu,2023-09-30,43,FREE,Python,Notes on &quot;UIUC&quot;
REC-3474,,Study on Ethics,Jeffrey Clarke,2018,"University of California, Berkeley",r.johnson@mit.edu,2020-01-15,33,56610.27 USD,GIS Mapping,Phase 1 &amp; 2 complete
REC-3475,PRJ-2026-8819,Study on Cataloging,Christina Taylor,,M.I.T.,smith@unlv.edu,1900-01-01,18,40167.51 USD,Archival Studies,Caf&eacute; study group
REC-3476,PRJ-2026-4052,Investigation into GIS Mapping and Modern Data Pipelines,m. davis,c. 2005,Cal Berkeley,contact@lab.org,2023-09-30,31,106035.37 USD,Metadata,Caf&eacute; study group
REC-3477,INVALID_CODE,National Science Foundation Geospatial Analysis Infrastructure Project,Dr. Johnson,1998,Cal Berkeley,smith@unlv.edu,2099-12-31,34,67012.28 USD,GIS Mapping,Cost &lt; Budget
REC-3478,PRJ-2026-8819,Study on Bioinformatics,Kristina Tailor,Pending,"Technology, Massachusetts Institute of",smith@unlv.edu,2016-03-12,10,FREE,Archival Studies,Notes on &quot;UIUC&quot;
REC-3479,PRJ-2026-9900,Investigation into Data Science and Modern Data Pipelines,A. PROF. WILSON,'15,"University of Nevada, Las Vegas",duplicate.user@research.org,,15,27081.41,Machine Learning,Na&iuml;ve Bayes test
REC-3480,PRJ-2026-8819,Study on GIS Mapping,Jayne Smyth,2015,"Berkeley, University of California",a.wright@berkeley.edu,,41,-$454.00,Python,Phase 1 &amp; 2 complete
REC-3481,PRJ-26-1001,Analysis of GIS Mapping,Johnathan Doee,2050,"University of Nevada, Las Vegas",jdoe@illinois.edu,2099-12-31,8,-$143.00,Bioinformatics,Notes on &quot;UIUC&quot;
,,,,,,,,,,Data Science,Sub-tag record
,,,,,,,,,,GIS Mapping,Sub-tag record
REC-3482,PRJ-2026-8819,Investigation into Cataloging and Modern Data Pipelines,Jane Smith,2018,U.N.L.V.,jdoe@illinois.edu,1900-01-01,22,89946.39 USD,Metadata,Notes on &quot;UIUC&quot;
REC-3483,PRJ-2026-9900,Analysis of Ethics,Patricia Taylor Garcia,N/A,Univ. of Illinois (UIUC),jdoe@illinois.edu,2025-12-01,11,-$248.00,Archival Studies,Phase 1 &amp; 2 complete
,,,,,,,,,,Ethics,Sub-tag record
,,,,,,,,,,Python,Sub-tag record
REC-3484,PRJ20261001,Study on Ethics,Kathryn Write,2018,university of illinois at urbana-champaign,contact@lab.org,2025-12-01,30,92787.73 USD,Data Science,Notes on &quot;UIUC&quot;
REC-3485,PRJ20261001,Analysis of Bioinformatics,Robert Johnson,2005,"Berkeley, University of California",jdoe@illinois.edu,2021-07-22,6,18458.18 USD,GIS Mapping,Caf&eacute; study group
REC-3486,PRJ-2026-1001,Analysis of Data Science,Alexandr Wright,2022,Cal Berkeley,duplicate.user@research.org,2025-12-01,5,FREE,GIS Mapping,Caf&eacute; study group
REC-3487,PRJ-2026-8819,Investigation into Ethics and Modern Data Pipelines,Dr. Jane Mary Smith,,MIT,contact@lab.org,2018-11-05,17,52680.42,Metadata,Notes on &quot;UIUC&quot;
REC-3488,prj-2026-1001,Analysis of Archival Studies,Michael OBrown,c. 2005,UIUC,jdoe@illinois.edu,2021-07-22,21,62326.08,Machine Learning,Na&iuml;ve Bayes test
REC-3489,PRJ-2026-8819,Investigation into Python and Modern Data Pipelines,Dr. Jane Mary Smith,1882,MIT,a.wright@berkeley.edu,2023-09-30,29,-$223.00,Python,Caf&eacute; study group
REC-3490,PRJ20261001,Comprehensive Digital Humanities Data Archival Research Project Phase 1,Dr. Johnson,c. 2005,Univ of Nevada Las Vegas,contact@lab.org,2025-12-01,60,100.0 USD,Data Science,Phase 1 &amp; 2 complete
REC-3491,,Analysis of Metadata,Johnathan Doee,2020,Univ of Illinois Urbana Champaign,r.johnson@mit.edu,2016-03-12,18,32939.53,Bioinformatics,Cost &lt; Budget
REC-3492,PRJ-2026-4052,Comprehensive Digital Humanities Data Archival Research Project Phase 1,Dr. Smith,2020,"Urbana-Champaign, University of Illinois",jdoe@illinois.edu,2021-07-22,3,12142.87 USD,Metadata,Notes on &quot;UIUC&quot;
REC-3493,INVALID_CODE,Proj A,Smith,Class of 2018,Massachusetts Institute of Technology,a.wright@berkeley.edu,2021-07-22,9,-$179.00,Data Science,Notes on &quot;UIUC&quot;
REC-3494,prj-2026-1001,Study on Archival Studies,Kathryn Write,2050,Univ of Illinois Urbana Champaign,a.wright@berkeley.edu,2016-03-12,41,-$285.00,Data Science,Cost &lt; Budget
,,,,,,,,,,Ethics,Sub-tag record
REC-3495,PRJ-2026-9900,National Science Foundation Geospatial Analysis Infrastructure Program,Dr. Brown,2012.0,"University of Nevada, Las Vegas",a.wright@berkeley.edu,2025-12-01,33,FREE,GIS Mapping,Na&iuml;ve Bayes test
REC-3496,INVALID_CODE,Study on Data Science,Stephen Miller,2005,Univ. of Illinois (UIUC),contact@lab.org,2099-12-31,29,71908.41 USD,Metadata,Phase 1 &amp; 2 complete
,,,,,,,,,,Cataloging,Sub-tag record
,,,,,,,,,,Ethics,Sub-tag record
REC-3497,PRJ20261001,Investigation into Archival Studies and Modern Data Pipelines,m. davis,'15,university of illinois at urbana-champaign,r.johnson@mit.edu,2018-11-05,12,22626.18 USD,Archival Studies,Caf&eacute; study group
REC-3498,,National Science Foundation Geospatial Analysis Infrastructure Program,Dr. Doe,c. 2005,Univ of Illinois Urbana Champaign,contact@lab.org,2018-11-05,38,"$155,252.81",Machine Learning,Caf&eacute; study group
REC-3499,PRJ-2026-4052,Comprehensive Digital Humanities Data Archival Research Project Phase 1,Dr. Smith,Class of 2018,university of illinois at urbana-champaign,r.johnson@mit.edu,2020-01-15,35,85234.16,Bioinformatics,Cost &lt; Budget
REC-3500,prj-2026-1001,Proj A,Jane Smith,2020,MIT,a.wright@berkeley.edu,2018-11-05,3,10641.54 USD,GIS Mapping,Na&iuml;ve Bayes test
REC-3501,PRJ-2026-9900,National Science Foundation Geospatial Analysis Infrastructure Project,Dr. Smith,Unknown,U.N.L.V.,jdoe@illinois.edu,2023-09-30,44,"$195,422.66",Bioinformatics,Phase 1 &amp; 2 complete
REC-3502,PRJ20261001,Study on Machine Learning,Kathryn Write,2018,Urbana Champaign University of Illinois,smith@unlv.edu,2021-07-22,8,-$423.00,Machine Learning,Na&iuml;ve Bayes test
REC-3503,INVALID_CODE,Proj A,Jane Smith,Unknown,UNLV,r.johnson@mit.edu,2023-09-30,39,65967.53,Metadata,Phase 1 &amp; 2 complete
REC-3504,PRJ-2026-9900,Proj A,Smith,2020,"Las Vegas, University of Nevada",r.johnson@mit.edu,2023-09-30,45,"$162,994.13",GIS Mapping,Notes on &quot;UIUC&quot;
REC-3505,PRJ-2026-8819,Investigation into GIS Mapping and Modern Data Pipelines,Dr. Jane Mary Smith,2022,"Technology, Massachusetts Institute of",contact@lab.org,2020-01-15,6,20595.97,Machine Learning,Notes on &quot;UIUC&quot;
REC-3506,PRJ-26-1001,Study on GIS Mapping,Catherine Wright,2018,Massachusetts Institute of Technology,contact@lab.org,2018-11-05,18,42070.19 USD,Metadata,Cost &lt; Budget
REC-3507,PRJ-2026-4052,Study on GIS Mapping,Kathryn Write,1998,UNLV,smith@unlv.edu,1900-01-01,23,"$35,158.90",GIS Mapping,Cost &lt; Budget
REC-3508,INVALID_CODE,Study on Cataloging,Jane Smith,2021,M.I.T.,r.johnson@mit.edu,2021-07-22,3,-$406.00,Data Science,Phase 1 &amp; 2 complete
REC-3509,,Investigation into Bioinformatics and Modern Data Pipelines,A. PROF. WILSON,c2020,MIT,contact@lab.org,2021-07-22,47,165488.86,Archival Studies,Phase 1 &amp; 2 complete
REC-3510,PRJ20261001,Comprehensive Digital Humanities Data Archival Research Project Phase 2,Dr. Brown,Class of 2018,"University of Nevada, Las Vegas",r.johnson@mit.edu,2021-07-22,33,52908.4 USD,Python,Caf&eacute; study group
REC-3511,PRJ-2026-1001,Analysis of Machine Learning,Patricia Taylor-Garcia,c. 2005,M.I.T.,duplicate.user@research.org,2021-07-22,60,$100.00,Bioinformatics,Caf&eacute; study group
REC-3512,PRJ-26-1001,Investigation into Data Science and Modern Data Pipelines,Dr. Jane Mary Smith,2050,UIUC,duplicate.user@research.org,2016-03-12,39,"$76,419.85",Archival Studies,Na&iuml;ve Bayes test
REC-3513,PRJ-2026-8819,Analysis of Data Science,Robert Jhnson,1998,Massachusetts Institute of Technology,contact@lab.org,2023-09-30,43,-$277.00,Data Science,Phase 1 &amp; 2 complete
REC-3514,INVALID_CODE,Proj A,Jane Smith,1882,"University of California, Berkeley",jdoe@illinois.edu,,10,"$19,502.79",Python,Notes on &quot;UIUC&quot;
REC-3515,PRJ-26-1001,Analysis of Metadata,Alexandr Wright,2012,Urbana Champaign University of Illinois,smith@unlv.edu,1900-01-01,25,FREE,Python,Caf&eacute; study group
REC-3516,PRJ-2026-4052,Proj A,Smith,2021,MIT,r.johnson@mit.edu,2021-07-22,34,117576.41 USD,Cataloging,Cost &lt; Budget
REC-3517,prj-2026-1001,Comprehensive Digital Humanities Data Archival Research Project Phase 2,Dr. Brown,Class of 2018,M.I.T.,jdoe@illinois.edu,2020-01-15,14,-$222.00,GIS Mapping,Phase 1 &amp; 2 complete
REC-3518,PRJ-26-1001,Study on Archival Studies,Geoffrey Clark,'15,university of illinois at urbana-champaign,jdoe@illinois.edu,2020-01-15,44,"$172,489.03",Python,Cost &lt; Budget
REC-3519,PRJ20261001,National Science Foundation Geospatial Analysis Infrastructure Program,Dr. Brown,2012,Cal Berkeley,smith@unlv.edu,2021-07-22,32,-$469.00,Bioinformatics,Caf&eacute; study group
REC-3520,PRJ-2026-9900,Study on Machine Learning,Stephen Miller,c. 2005,"University of Nevada, Las Vegas",jdoe@illinois.edu,2021-07-22,33,81989.15,Data Science,Phase 1 &amp; 2 complete
REC-3521,PRJ-2026-8819,Analysis of GIS Mapping,Patricia Taylor Garcia,'15,"University of California, Berkeley",jdoe@illinois.edu,2021-07-22,11,FREE,Ethics,Notes on &quot;UIUC&quot;
REC-3522,prj-2026-1001,Investigation into Ethics and Modern Data Pipelines,Jane Smith,2018,M.I.T.,contact@lab.org,2021-07-22,9,"$20,210.90",Python,Na&iuml;ve Bayes test
REC-3523,INVALID_CODE,Investigation into Cataloging and Modern Data Pipelines,A. PROF. WILSON,2005,Cal Berkeley,jdoe@illinois.edu,,44,"$73,139.19",Cataloging,Notes on &quot;UIUC&quot;
REC-3524,,Proj A,Smith,2012,Cal Berkeley,a.wright@berkeley.edu,2023-09-30,37,FREE,Cataloging,Cost &lt; Budget
REC-3525,PRJ20261001,Proj A,Dr. Jane Mary Smith,2021,"Berkeley, University of California",smith@unlv.edu,2016-03-12,28,56200.23,Data Science,Cost &lt; Budget
REC-3526,,Proj A,m. davis,2012,UNLV,r.johnson@mit.edu,,19,"$59,950.87",Ethics,Notes on &quot;UIUC&quot;
REC-3527,PRJ-2026-1001,Study on Metadata,Christina Taylor,2012,UC Berkeley,r.johnson@mit.edu,2020-01-15,33,-$491.00,Python,Na&iuml;ve Bayes test
REC-3528,PRJ-2026-4052,Investigation into Cataloging and Modern Data Pipelines,Dr. Jane Mary Smith,2012.0,university of illinois at urbana-champaign,r.johnson@mit.edu,2025-12-01,5,"$14,193.72",Bioinformatics,Notes on &quot;UIUC&quot;
REC-3529,INVALID_CODE,Proj A,Smith,2020,"University of Nevada, Las Vegas",jdoe@illinois.edu,2018-11-05,40,FREE,Archival Studies,Phase 1 &amp; 2 complete
,,,,,,,,,,Cataloging,Sub-tag record
REC-3530,PRJ20261001,Study on Data Science,Steven Miller,Unknown,"University of Nevada, Las Vegas",jdoe@illinois.edu,2016-03-12,43,"$148,624.83",Ethics,Notes on &quot;UIUC&quot;
REC-3531,PRJ-2026-8819,Analysis of GIS Mapping,Johnathan Doe,,U.N.L.V.,a.wright@berkeley.edu,2018-11-05,20,56925.95,Bioinformatics,Caf&eacute; study group
REC-3532,PRJ-2026-1001,Comprehensive Digital Humanities Data Archival Research Project Phase 2,Dr. Brown,2012.0,Univ. of Illinois (UIUC),r.johnson@mit.edu,1900-01-01,39,"$135,786.72",Cataloging,Cost &lt; Budget
REC-3533,PRJ-26-1001,Proj A,m. davis,Pending,University of Illinois at Urbana-Champaign,jdoe@illinois.edu,2099-12-31,41,FREE,Python,Na&iuml;ve Bayes test
REC-3534,PRJ-26-1001,Study on Bioinformatics,Brian Stuart,Class of 2018,"Berkeley, University of California",a.wright@berkeley.edu,2099-12-31,31,FREE,GIS Mapping,Na&iuml;ve Bayes test
,,,,,,,,,,Data Science,Sub-tag record
,,,,,,,,,,Python,Sub-tag record
REC-3535,PRJ-2026-1001,Comprehensive Digital Humanities Data Archival Research Initiative Phase 1,Dr. Smith,N/A,UNLV,r.johnson@mit.edu,2020-01-15,28,96263.04,Cataloging,Phase 1 &amp; 2 complete
REC-3536,,Study on GIS Mapping,Jayne Smyth,'15,university of illinois at urbana-champaign,r.johnson@mit.edu,2016-03-12,4,12850.93,GIS Mapping,Caf&eacute; study group
REC-3537,prj-2026-1001,Investigation into GIS Mapping and Modern Data Pipelines,Dr. Jane Mary Smith,2018,University of Illinois at Urbana-Champaign,duplicate.user@research.org,2016-03-12,29,65673.69,Archival Studies,Phase 1 &amp; 2 complete
REC-3538,INVALID_CODE,Investigation into Cataloging and Modern Data Pipelines,A. PROF. WILSON,Pending,"Berkeley, University of California",r.johnson@mit.edu,2016-03-12,38,FREE,Bioinformatics,Cost &lt; Budget
REC-3539,,Investigation into Python and Modern Data Pipelines,Jane Smith,2018,"Technology, Massachusetts Institute of",smith@unlv.edu,2016-03-12,8,-$157.00,Machine Learning,Caf&eacute; study group
REC-3540,PRJ-26-1001,Investigation into Metadata and Modern Data Pipelines,Dr. Jane Mary Smith,1882,"Urbana-Champaign, University of Illinois",r.johnson@mit.edu,2016-03-12,24,103686.0 USD,Machine Learning,Cost &lt; Budget
REC-3541,INVALID_CODE,Investigation into Machine Learning and Modern Data Pipelines,Dr. Jane Mary Smith,Unknown,Univ of Nevada Las Vegas,a.wright@berkeley.edu,2021-07-22,47,FREE,Metadata,Phase 1 &amp; 2 complete
REC-3542,INVALID_CODE,Analysis of Bioinformatics,Johnathan Doe,2018,M.I.T.,r.johnson@mit.edu,2018-11-05,21,-$314.00,Ethics,Caf&eacute; study group
REC-3543,PRJ-2026-4052,Analysis of Machine Learning,Patricia Taylor-Garcia,2012,"Berkeley, University of California",jdoe@illinois.edu,2021-07-22,20,86503.57,Metadata,Caf&eacute; study group
REC-3544,prj-2026-1001,Investigation into Machine Learning and Modern Data Pipelines,Dr. Jane Mary Smith,,"Las Vegas, University of Nevada",contact@lab.org,2016-03-12,22,-$230.00,Cataloging,Phase 1 &amp; 2 complete
REC-3545,PRJ20261001,Analysis of Ethics,Patricia Taylor-Garcia,1882,M.I.T.,duplicate.user@research.org,2021-07-22,43,151390.96 USD,GIS Mapping,Caf&eacute; study group
REC-3546,PRJ-26-1001,Proj A,Jane Smith,2012,UNLV,smith@unlv.edu,2018-11-05,37,105958.21 USD,Ethics,Na&iuml;ve Bayes test
REC-3547,PRJ-2026-1001,Investigation into Archival Studies and Modern Data Pipelines,Dr. Jane Mary Smith,N/A,MIT,a.wright@berkeley.edu,2018-11-05,15,FREE,GIS Mapping,Na&iuml;ve Bayes test
REC-3548,PRJ20261001,Analysis of Cataloging,Patricia Taylor-Garcia,Pending,Univ of Illinois Urbana Champaign,contact@lab.org,2016-03-12,29,108926.16 USD,Machine Learning,Na&iuml;ve Bayes test
REC-3549,PRJ20261001,Study on Bioinformatics,Kristina Tailor,2050,Urbana Champaign University of Illinois,a.wright@berkeley.edu,2016-03-12,31,90904.56 USD,Machine Learning,Cost &lt; Budget
REC-3550,PRJ-2026-8819,Comprehensive Digital Humanities Data Archival Research Initiative Phase 1,Dr. Smith,Pending,MIT,jdoe@illinois.edu,2025-12-01,26,67745.18,GIS Mapping,Phase 1 &amp; 2 complete
REC-3551,PRJ-26-1001,Study on Ethics,Christina Taylor,Pending,UNLV,smith@unlv.edu,1900-01-01,20,-$237.00,Python,Notes on &quot;UIUC&quot;
REC-3552,PRJ-2026-1001,Proj A,m. davis,c. 2005,"University of Nevada, Las Vegas",smith@unlv.edu,2025-12-01,24,"$104,545.03",Metadata,Phase 1 &amp; 2 complete
REC-3553,,Proj A,m. davis,c2020,M.I.T.,contact@lab.org,2099-12-31,38,123241.83,Metadata,Phase 1 &amp; 2 complete
REC-3554,PRJ-2026-1001,Proj A,m. davis,N/A,"Technology, Massachusetts Institute of",contact@lab.org,2020-01-15,22,FREE,GIS Mapping,Caf&eacute; study group
REC-3555,PRJ-26-1001,Analysis of Archival Studies,Patricia Taylor Garcia,c2020,Cal Berkeley,a.wright@berkeley.edu,2021-07-22,32,113353.27,Archival Studies,Caf&eacute; study group
REC-3556,PRJ-26-1001,Study on Machine Learning,Catherine Wright,2021,UC Berkeley,a.wright@berkeley.edu,2016-03-12,24,79731.7,Machine Learning,Caf&eacute; study group
,,,,,,,,,,Python,Sub-tag record
,,,,,,,,,,Cataloging,Sub-tag record
REC-3557,PRJ20261001,Investigation into Data Science and Modern Data Pipelines,A. PROF. WILSON,,Cal Berkeley,jdoe@illinois.edu,2016-03-12,15,32209.15,Data Science,Phase 1 &amp; 2 complete
REC-3558,PRJ-2026-8819,Analysis of Archival Studies,Michael O'Brown,2012,"Las Vegas, University of Nevada",a.wright@berkeley.edu,2023-09-30,38,57431.02 USD,Python,Na&iuml;ve Bayes test
REC-3559,PRJ-2026-1001,Study on Metadata,Jane Smith,'15,UC Berkeley,r.johnson@mit.edu,2021-07-22,37,72781.56 USD,Machine Learning,Phase 1 &amp; 2 complete
REC-3560,PRJ-2026-8819,Comprehensive Digital Humanities Data Archival Research Initiative Phase 1,Dr. Brown,2012.0,UC Berkeley,jdoe@illinois.edu,2016-03-12,39,"$153,691.36",Bioinformatics,Notes on &quot;UIUC&quot;
REC-3561,PRJ-2026-9900,Proj A,m. davis,2050,Urbana Champaign University of Illinois,r.johnson@mit.edu,,25,103540.08,Ethics,Notes on &quot;UIUC&quot;
REC-3562,PRJ-26-1001,Comprehensive Digital Humanities Data Archival Research Project Phase 2,Dr. Brown,Unknown,M.I.T.,contact@lab.org,2016-03-12,60,FREE,Archival Studies,Notes on &quot;UIUC&quot;
REC-3563,PRJ-26-1001,Analysis of Cataloging,Johnathan Doe,c2020,university of illinois at urbana-champaign,jdoe@illinois.edu,2025-12-01,31,FREE,GIS Mapping,Notes on &quot;UIUC&quot;
REC-3564,,Analysis of Ethics,Robert Jhnson,Unknown,MIT,smith@unlv.edu,,41,FREE,Bioinformatics,Na&iuml;ve Bayes test
REC-3565,INVALID_CODE,Investigation into Ethics and Modern Data Pipelines,Jane Smith,Class of 2018,M.I.T.,contact@lab.org,2018-11-05,31,FREE,Bioinformatics,Phase 1 &amp; 2 complete
REC-3566,,Comprehensive Digital Humanities Data Archival Research Initiative Phase 1,Dr. Doe,c. 2005,Univ of Illinois Urbana Champaign,jdoe@illinois.edu,2016-03-12,1,"$750,000.00",Data Science,Notes on &quot;UIUC&quot;
REC-3567,PRJ20261001,Proj A,Smith,Class of 2018,Cal Berkeley,smith@unlv.edu,2016-03-12,31,"$95,707.13",Bioinformatics,Notes on &quot;UIUC&quot;
REC-3568,PRJ-2026-4052,Analysis of Machine Learning,Patricia Taylor Garcia,1998,UC Berkeley,jdoe@illinois.edu,2016-03-12,35,84225.0 USD,Cataloging,Phase 1 &amp; 2 complete
REC-3569,PRJ-2026-4052,Study on Data Science,Steven Miller,Pending,university of illinois at urbana-champaign,smith@unlv.edu,2099-12-31,4,FREE,Archival Studies,Cost &lt; Budget
,,,,,,,,,,Cataloging,Sub-tag record
REC-3570,PRJ-2026-4052,Investigation into Cataloging and Modern Data Pipelines,Jane Smith,2020,"Urbana-Champaign, University of Illinois",jdoe@illinois.edu,2023-09-30,13,-$415.00,Metadata,Na&iuml;ve Bayes test
REC-3571,PRJ-26-1001,Comprehensive Digital Humanities Data Archival Research Project Phase 1,Dr. Smith,2020,"Technology, Massachusetts Institute of",a.wright@berkeley.edu,2023-09-30,28,46452.2,GIS Mapping,Na&iuml;ve Bayes test
REC-3572,PRJ-2026-1001,Analysis of Data Science,Patricia Taylor-Garcia,Unknown,Univ of Nevada Las Vegas,contact@lab.org,2016-03-12,8,FREE,Machine Learning,Cost &lt; Budget
REC-3573,prj-2026-1001,Comprehensive Digital Humanities Data Archival Research Project Phase 1,Dr. Brown,Unknown,Univ. of Illinois (UIUC),smith@unlv.edu,2099-12-31,29,47822.63,Ethics,Caf&eacute; study group
REC-3574,PRJ-2026-8819,Comprehensive Digital Humanities Data Archival Research Project Phase 2,Dr. Brown,Unknown,UNLV,r.johnson@mit.edu,2020-01-15,19,71655.94 USD,GIS Mapping,Cost &lt; Budget
REC-3575,PRJ20261001,Investigation into Archival Studies and Modern Data Pipelines,Smith,2021,Univ of Nevada Las Vegas,smith@unlv.edu,2099-12-31,22,"$70,075.96",Python,Phase 1 &amp; 2 complete
REC-3576,PRJ-2026-8819,Study on Python,Jane Smith,Unknown,U.N.L.V.,duplicate.user@research.org,1900-01-01,27,109372.5,GIS Mapping,Caf&eacute; study group
REC-3577,prj-2026-1001,Comprehensive Digital Humanities Data Archival Research Project Phase 1,Dr. Johnson,Class of 2018,"Las Vegas, University of Nevada",contact@lab.org,2020-01-15,43,-$131.00,Data Science,Caf&eacute; study group
REC-3578,INVALID_CODE,Study on Cataloging,Geoffrey Clark,,MIT,smith@unlv.edu,,31,FREE,Bioinformatics,Cost &lt; Budget
REC-3579,PRJ20261001,Study on Data Science,Jeffrey Clarke,c2020,MIT,jdoe@illinois.edu,2016-03-12,7,FREE,Archival Studies,Phase 1 &amp; 2 complete
REC-3580,PRJ-26-1001,Analysis of Archival Studies,Michael O'Brown,N/A,Massachusetts Institute of Technology,jdoe@illinois.edu,2023-09-30,8,"$19,738.70",Bioinformatics,Phase 1 &amp; 2 complete
REC-3581,PRJ-2026-1001,Study on Archival Studies,Jane Smith,2021,U.N.L.V.,contact@lab.org,2016-03-12,38,-$245.00,Python,Caf&eacute; study group
REC-3582,INVALID_CODE,Investigation into Machine Learning and Modern Data Pipelines,m. davis,Unknown,M.I.T.,a.wright@berkeley.edu,2099-12-31,41,FREE,Cataloging,Notes on &quot;UIUC&quot;
REC-3583,PRJ-2026-8819,Comprehensive Digital Humanities Data Archival Research Initiative Phase 1,Dr. Smith,2015,Urbana Champaign University of Illinois,contact@lab.org,2018-11-05,14,-$348.00,Cataloging,Cost &lt; Budget
REC-3584,PRJ-26-1001,Proj A,m. davis,2050,"University of California, Berkeley",jdoe@illinois.edu,2023-09-30,43,177795.09 USD,Ethics,Cost &lt; Budget
REC-3585,,Study on Metadata,Jayne Smyth,c2020,UNLV,jdoe@illinois.edu,2021-07-22,3,-$119.00,Archival Studies,Caf&eacute; study group
REC-3586,PRJ-2026-1001,Study on Metadata,Jane Smith,c2020,"Urbana-Champaign, University of Illinois",a.wright@berkeley.edu,2021-07-22,42,-$154.00,Bioinformatics,Cost &lt; Budget
REC-3587,PRJ-26-1001,Investigation into Machine Learning and Modern Data Pipelines,m. davis,2022,"Technology, Massachusetts Institute of",a.wright@berkeley.edu,,15,"$39,859.22",Python,Caf&eacute; study group
REC-3588,PRJ-26-1001,Analysis of Cataloging,Robert Johnson,2018,Univ. of Illinois (UIUC),smith@unlv.edu,2023-09-30,38,"$170,335.38",GIS Mapping,Cost &lt; Budget
REC-3589,,Study on Archival Studies,Brian Stuart,1882,Urbana Champaign University of Illinois,jdoe@illinois.edu,2021-07-22,6,"$26,680.34",Python,Cost &lt; Budget
REC-3590,prj-2026-1001,Comprehensive Digital Humanities Data Archival Research Project Phase 2,Dr. Johnson,2012,UC Berkeley,jdoe@illinois.edu,1900-01-01,23,92221.37 USD,Archival Studies,Phase 1 &amp; 2 complete
,,,,,,,,,,Data Science,Sub-tag record
,,,,,,,,,,Cataloging,Sub-tag record
,,,,,,,,,,Metadata,Sub-tag record
REC-3591,PRJ-2026-1001,Analysis of Data Science,Robert Jhnson,'15,"Las Vegas, University of Nevada",contact@lab.org,2025-12-01,6,"$13,730.48",Ethics,Na&iuml;ve Bayes test
REC-3592,PRJ-2026-1001,Study on Bioinformatics,Stephen Miller,2012.0,Univ of Nevada Las Vegas,smith@unlv.edu,2016-03-12,6,"$25,147.90",Ethics,Cost &lt; Budget
REC-3593,,Comprehensive Digital Humanities Data Archival Research Initiative Phase 1,Dr. Brown,Unknown,"Las Vegas, University of Nevada",contact@lab.org,2016-03-12,34,82360.6 USD,Metadata,Na&iuml;ve Bayes test
REC-3594,PRJ-2026-1001,National Science Foundation Geospatial Analysis Infrastructure Program,Dr. Smith,2012.0,UIUC,smith@unlv.edu,2025-12-01,26,44691.36,Machine Learning,Notes on &quot;UIUC&quot;
REC-3595,,Analysis of Archival Studies,Patricia Taylor Garcia,2020,university of illinois at urbana-champaign,contact@lab.org,2099-12-31,1,FREE,Machine Learning,Cost &lt; Budget
REC-3596,PRJ-2026-4052,National Science Foundation Geospatial Analysis Infrastructure Project,Dr. Smith,2012.0,University of Illinois at Urbana-Champaign,r.johnson@mit.edu,2020-01-15,3,"$8,933.52",Python,Phase 1 &amp; 2 complete
REC-3597,PRJ-2026-8819,Study on Cataloging,Jeffrey Clarke,2022,Urbana Champaign University of Illinois,contact@lab.org,1900-01-01,40,FREE,Cataloging,Na&iuml;ve Bayes test
REC-3598,PRJ-2026-1001,Study on Python,Bryan Stewart,1998,UIUC,a.wright@berkeley.edu,2025-12-01,5,FREE,Machine Learning,Caf&eacute; study group
REC-3599,,Analysis of GIS Mapping,Robert Jhnson,2020,Cal Berkeley,r.johnson@mit.edu,2018-11-05,30,80043.41,Bioinformatics,Na&iuml;ve Bayes test
REC-3600,PRJ-26-1001,National Science Foundation Geospatial Analysis Infrastructure Program,Dr. Doe,1998,U.N.L.V.,r.johnson@mit.edu,2023-09-30,38,143711.78,Python,Cost &lt; Budget
,,,,,,,,,,Machine Learning,Sub-tag record
,,,,,,,,,,Metadata,Sub-tag record
,,,,,,,,,,Cataloging,Sub-tag record
REC-3601,PRJ-2026-9900,Analysis of Ethics,Johnathan Doe,Unknown,UC Berkeley,smith@unlv.edu,2016-03-12,20,FREE,Cataloging,Notes on &quot;UIUC&quot;
REC-3602,PRJ-2026-8819,Analysis of Bioinformatics,Johnathan Doe,2022,University of Illinois at Urbana-Champaign,contact@lab.org,2099-12-31,4,FREE,Ethics,Phase 1 &amp; 2 complete
REC-3603,INVALID_CODE,Investigation into Bioinformatics and Modern Data Pipelines,m. davis,2018,MIT,smith@unlv.edu,2016-03-12,33,-$314.00,Cataloging,Notes on &quot;UIUC&quot;
REC-3604,,Investigation into Data Science and Modern Data Pipelines,A. PROF. WILSON,Unknown,Urbana Champaign University of Illinois,jdoe@illinois.edu,,5,"$15,963.60",Ethics,Notes on &quot;UIUC&quot;
REC-3605,PRJ-2026-8819,Analysis of Data Science,Patricia Taylor Garcia,2012.0,MIT,a.wright@berkeley.edu,2018-11-05,45,151919.62 USD,Bioinformatics,Phase 1 &amp; 2 complete
REC-3606,PRJ-2026-1001,Proj A,A. PROF. WILSON,1882,"Technology, Massachusetts Institute of",a.wright@berkeley.edu,2016-03-12,28,-$448.00,Machine Learning,Caf&eacute; study group
REC-3607,INVALID_CODE,Analysis of GIS Mapping,Robert Johnson,2012.0,UIUC,r.johnson@mit.edu,2025-12-01,30,"$94,133.84",Metadata,Na&iuml;ve Bayes test
REC-3608,PRJ-2026-4052,Analysis of Archival Studies,Patricia Taylor Garcia,Pending,Cal Berkeley,duplicate.user@research.org,2016-03-12,16,"$36,691.38",Python,Na&iuml;ve Bayes test
REC-3609,,National Science Foundation Geospatial Analysis Infrastructure Project,Dr. Johnson,1882,MIT,r.johnson@mit.edu,2021-07-22,23,71703.84 USD,Metadata,Notes on &quot;UIUC&quot;
REC-3610,PRJ-2026-1001,Proj A,Smith,2020,Urbana Champaign University of Illinois,contact@lab.org,1900-01-01,29,69395.07,Archival Studies,Caf&eacute; study group
REC-3611,PRJ-2026-9900,Comprehensive Digital Humanities Data Archival Research Project Phase 1,Dr. Doe,Unknown,"University of California, Berkeley",jdoe@illinois.edu,2099-12-31,44,FREE,Metadata,Na&iuml;ve Bayes test
REC-3612,PRJ-26-1001,Investigation into Ethics and Modern Data Pipelines,A. PROF. WILSON,'15,University of Illinois at Urbana-Champaign,jdoe@illinois.edu,2025-12-01,43,77197.57 USD,Machine Learning,Caf&eacute; study group
REC-3613,prj-2026-1001,Comprehensive Digital Humanities Data Archival Research Project Phase 1,Dr. Doe,c. 2005,M.I.T.,smith@unlv.edu,2099-12-31,19,"$42,536.36",Ethics,Na&iuml;ve Bayes test
REC-3614,PRJ-2026-1001,Analysis of Data Science,Robert Jhnson,Unknown,U.N.L.V.,smith@unlv.edu,,31,94939.39 USD,Data Science,Cost &lt; Budget
REC-3615,PRJ20261001,Study on GIS Mapping,Jeffrey Clarke,c2020,"Technology, Massachusetts Institute of",contact@lab.org,,24,81441.15,GIS Mapping,Cost &lt; Budget
REC-3616,PRJ-2026-1001,Analysis of Bioinformatics,Patricia Taylor Garcia,Pending,Massachusetts Institute of Technology,smith@unlv.edu,2099-12-31,48,-$238.00,Data Science,Notes on &quot;UIUC&quot;
,,,,,,,,,,Machine Learning,Sub-tag record
,,,,,,,,,,Metadata,Sub-tag record
,,,,,,,,,,Bioinformatics,Sub-tag record
REC-3617,,Study on Archival Studies,Stephen Miller,1882,"University of Nevada, Las Vegas",contact@lab.org,2021-07-22,15,-$368.00,Metadata,Notes on &quot;UIUC&quot;
REC-3618,INVALID_CODE,National Science Foundation Geospatial Analysis Infrastructure Program,Dr. Johnson,N/A,"University of California, Berkeley",a.wright@berkeley.edu,2018-11-05,28,73325.73,Data Science,Phase 1 &amp; 2 complete
REC-3619,PRJ-2026-8819,National Science Foundation Geospatial Analysis Infrastructure Program,Dr. Doe,'15,university of illinois at urbana-champaign,contact@lab.org,1900-01-01,43,111666.59 USD,Machine Learning,Notes on &quot;UIUC&quot;
,,,,,,,,,,Metadata,Sub-tag record
,,,,,,,,,,Bioinformatics,Sub-tag record
,,,,,,,,,,Cataloging,Sub-tag record
REC-3620,PRJ-2026-1001,Proj A,Dr. Jane Mary Smith,N/A,UC Berkeley,contact@lab.org,2018-11-05,9,25101.62,Python,Phase 1 &amp; 2 complete
REC-3621,,Comprehensive Digital Humanities Data Archival Research Initiative Phase 1,Dr. Johnson,2018,"University of Nevada, Las Vegas",a.wright@berkeley.edu,2023-09-30,34,FREE,Data Science,Caf&eacute; study group
REC-3622,PRJ-2026-9900,Comprehensive Digital Humanities Data Archival Research Project Phase 2,Dr. Doe,1882,UNLV,a.wright@berkeley.edu,2016-03-12,15,29603.06 USD,Python,Caf&eacute; study group
REC-3623,PRJ-2026-4052,Proj A,A. PROF. WILSON,2018,MIT,a.wright@berkeley.edu,2018-11-05,45,"$190,735.62",Python,Caf&eacute; study group
REC-3624,PRJ-2026-9900,Study on Metadata,Jayne Smyth,Pending,Univ. of Illinois (UIUC),r.johnson@mit.edu,2023-09-30,45,FREE,Python,Na&iuml;ve Bayes test
REC-3625,PRJ-2026-4052,Study on GIS Mapping,Geoffrey Clark,Unknown,M.I.T.,r.johnson@mit.edu,2018-11-05,60,-$280.00,Ethics,Caf&eacute; study group
REC-3626,PRJ-2026-1001,Investigation into Python and Modern Data Pipelines,Dr. Jane Mary Smith,2050,UNLV,smith@unlv.edu,2023-09-30,23,-$477.00,Metadata,Phase 1 &amp; 2 complete
REC-3627,PRJ-2026-9900,Analysis of Machine Learning,Johnathan Doe,Class of 2018,Massachusetts Institute of Technology,jdoe@illinois.edu,2020-01-15,32,115671.12,GIS Mapping,Na&iuml;ve Bayes test
REC-3628,,Analysis of Metadata,Michael O'Brown,'15,UC Berkeley,a.wright@berkeley.edu,1900-01-01,21,"$86,823.76",Archival Studies,Caf&eacute; study group
REC-3629,PRJ-2026-9900,Investigation into GIS Mapping and Modern Data Pipelines,Jane Smith,Unknown,Univ of Nevada Las Vegas,contact@lab.org,2023-09-30,3,"$8,190.65",Archival Studies,Phase 1 &amp; 2 complete
,,,,,,,,,,GIS Mapping,Sub-tag record
,,,,,,,,,,Metadata,Sub-tag record
,,,,,,,,,,Machine Learning,Sub-tag record
REC-3630,,Analysis of Machine Learning,Alexander Wright,Class of 2018,Massachusetts Institute of Technology,smith@unlv.edu,2020-01-15,25,109530.49 USD,Data Science,Caf&eacute; study group
REC-3631,PRJ-2026-4052,Analysis of Machine Learning,Patricia Taylor-Garcia,c. 2005,University of Illinois at Urbana-Champaign,a.wright@berkeley.edu,2025-12-01,17,38989.45,Python,Na&iuml;ve Bayes test
REC-3632,PRJ-2026-1001,Study on Cataloging,Kristina Tailor,1998,"Las Vegas, University of Nevada",r.johnson@mit.edu,2099-12-31,4,FREE,Cataloging,Phase 1 &amp; 2 complete
,,,,,,,,,,Python,Sub-tag record
,,,,,,,,,,GIS Mapping,Sub-tag record
,,,,,,,,,,Archival Studies,Sub-tag record
REC-3633,PRJ-26-1001,Comprehensive Digital Humanities Data Archival Research Initiative Phase 1,Dr. Doe,1882,MIT,r.johnson@mit.edu,2016-03-12,47,"$173,181.08",Metadata,Caf&eacute; study group
REC-3634,PRJ-2026-4052,Study on Machine Learning,Kristina Tailor,c2020,UIUC,smith@unlv.edu,,19,-$358.00,Archival Studies,Phase 1 &amp; 2 complete
REC-3635,PRJ-26-1001,Proj A,Smith,2015,U.N.L.V.,contact@lab.org,2016-03-12,27,FREE,Metadata,Caf&eacute; study group
REC-3636,PRJ20261001,Comprehensive Digital Humanities Data Archival Research Project Phase 2,Dr. Doe,c. 2005,"Technology, Massachusetts Institute of",jdoe@illinois.edu,,34,-$418.00,Cataloging,Phase 1 &amp; 2 complete
REC-3637,INVALID_CODE,Investigation into Ethics and Modern Data Pipelines,A. PROF. WILSON,c. 2005,M.I.T.,smith@unlv.edu,2021-07-22,9,35390.54,GIS Mapping,Caf&eacute; study group
REC-3638,PRJ-2026-8819,Study on Ethics,Christina Taylor,,"University of Nevada, Las Vegas",a.wright@berkeley.edu,,12,"$44,725.19",Python,Notes on &quot;UIUC&quot;
REC-3639,,Study on Python,Geoffrey Clark,Unknown,UIUC,a.wright@berkeley.edu,2099-12-31,24,FREE,Machine Learning,Phase 1 &amp; 2 complete
REC-3640,INVALID_CODE,Proj A,A. PROF. WILSON,'15,Urbana Champaign University of Illinois,r.johnson@mit.edu,2018-11-05,9,36703.0 USD,Data Science,Na&iuml;ve Bayes test
REC-3641,prj-2026-1001,Analysis of Data Science,Johnathan Doe,2005,"Urbana-Champaign, University of Illinois",a.wright@berkeley.edu,2025-12-01,32,"$53,414.51",Metadata,Na&iuml;ve Bayes test
REC-3642,PRJ-2026-1001,National Science Foundation Geospatial Analysis Infrastructure Project,Dr. Doe,N/A,"Urbana-Champaign, University of Illinois",contact@lab.org,2025-12-01,27,FREE,Ethics,Notes on &quot;UIUC&quot;
REC-3643,INVALID_CODE,Investigation into Metadata and Modern Data Pipelines,A. PROF. WILSON,c2020,"Las Vegas, University of Nevada",smith@unlv.edu,,15,26498.16,GIS Mapping,Na&iuml;ve Bayes test
REC-3644,PRJ-2026-4052,Analysis of Data Science,Alexandr Wright,c. 2005,MIT,smith@unlv.edu,2023-09-30,41,"$94,421.63",Bioinformatics,Cost &lt; Budget
REC-3645,,National Science Foundation Geospatial Analysis Infrastructure Project,Dr. Johnson,2005,Massachusetts Institute of Technology,smith@unlv.edu,2023-09-30,48,191329.73 USD,Machine Learning,Phase 1 &amp; 2 complete
REC-3646,PRJ-2026-1001,Comprehensive Digital Humanities Data Archival Research Project Phase 2,Dr. Brown,,"Technology, Massachusetts Institute of",a.wright@berkeley.edu,2025-12-01,12,"$30,584.69",Cataloging,Phase 1 &amp; 2 complete
REC-3647,PRJ-2026-4052,Study on Archival Studies,Christina Taylor,2015,Univ. of Illinois (UIUC),contact@lab.org,2023-09-30,26,"$71,311.56",Bioinformatics,Cost &lt; Budget
REC-3648,prj-2026-1001,Proj A,m. davis,2018,UNLV,smith@unlv.edu,2016-03-12,1,750000.0,Bioinformatics,Phase 1 &amp; 2 complete
REC-3649,PRJ-2026-9900,Comprehensive Digital Humanities Data Archival Research Initiative Phase 1,Dr. Brown,c2020,"Technology, Massachusetts Institute of",a.wright@berkeley.edu,2020-01-15,33,"$145,941.01",Python,Na&iuml;ve Bayes test
REC-3650,prj-2026-1001,Study on Data Science,Catherine Wright,2012,Univ. of Illinois (UIUC),contact@lab.org,1900-01-01,47,"$138,917.45",Machine Learning,Notes on &quot;UIUC&quot;
REC-3651,PRJ-2026-8819,Investigation into Cataloging and Modern Data Pipelines,Dr. Jane Mary Smith,2015,"University of Nevada, Las Vegas",r.johnson@mit.edu,,1,-$135.00,Bioinformatics,Na&iuml;ve Bayes test
REC-3652,PRJ-2026-4052,Analysis of Bioinformatics,Alexandr Wright,2012.0,Univ of Illinois Urbana Champaign,a.wright@berkeley.edu,2016-03-12,28,FREE,Archival Studies,Caf&eacute; study group
REC-3653,PRJ20261001,Study on GIS Mapping,Geoffrey Clark,2021,Univ of Illinois Urbana Champaign,contact@lab.org,2099-12-31,15,-$245.00,Data Science,Na&iuml;ve Bayes test
REC-3654,PRJ-2026-8819,Investigation into Ethics and Modern Data Pipelines,Smith,N/A,Univ of Nevada Las Vegas,smith@unlv.edu,,60,100.0 USD,GIS Mapping,Notes on &quot;UIUC&quot;
REC-3655,INVALID_CODE,Proj A,m. davis,1998,Univ of Nevada Las Vegas,contact@lab.org,,30,134660.94 USD,Ethics,Caf&eacute; study group
REC-3656,prj-2026-1001,Analysis of Data Science,Michael OBrown,Pending,UC Berkeley,r.johnson@mit.edu,2099-12-31,25,FREE,Cataloging,Cost &lt; Budget
REC-3657,PRJ-2026-4052,Proj A,m. davis,c. 2005,university of illinois at urbana-champaign,contact@lab.org,2023-09-30,37,75758.7,Bioinformatics,Phase 1 &amp; 2 complete
REC-3658,PRJ-2026-1001,Comprehensive Digital Humanities Data Archival Research Project Phase 2,Dr. Smith,2020,MIT,r.johnson@mit.edu,2023-09-30,16,55711.8,Bioinformatics,Notes on &quot;UIUC&quot;
REC-3659,PRJ-2026-4052,Analysis of Machine Learning,Robert Johnson,2021,"University of Nevada, Las Vegas",contact@lab.org,2025-12-01,7,25392.42 USD,Data Science,Phase 1 &amp; 2 complete
REC-3660,prj-2026-1001,Study on Data Science,Geoffrey Clark,N/A,"Las Vegas, University of Nevada",r.johnson@mit.edu,2016-03-12,37,"$62,705.03",Cataloging,Cost &lt; Budget
REC-3661,PRJ-2026-8819,National Science Foundation Geospatial Analysis Infrastructure Program,Dr. Doe,2050,"Berkeley, University of California",jdoe@illinois.edu,1900-01-01,4,13483.57 USD,Data Science,Na&iuml;ve Bayes test
REC-3662,INVALID_CODE,Investigation into Machine Learning and Modern Data Pipelines,A. PROF. WILSON,2020,"Las Vegas, University of Nevada",a.wright@berkeley.edu,2018-11-05,32,-$242.00,Data Science,Phase 1 &amp; 2 complete
REC-3663,,Proj A,m. davis,,UNLV,r.johnson@mit.edu,2020-01-15,3,6794.51 USD,Python,Cost &lt; Budget
REC-3664,PRJ-26-1001,Proj A,Jane Smith,2012,"Urbana-Champaign, University of Illinois",jdoe@illinois.edu,2018-11-05,8,-$385.00,Metadata,Na&iuml;ve Bayes test
REC-3665,prj-2026-1001,Analysis of Archival Studies,Patricia Taylor-Garcia,Class of 2018,"Technology, Massachusetts Institute of",jdoe@illinois.edu,2025-12-01,14,"$62,806.98",Data Science,Na&iuml;ve Bayes test
REC-3666,PRJ-2026-8819,Study on Bioinformatics,Jayne Smyth,1998,"University of Nevada, Las Vegas",contact@lab.org,2020-01-15,34,122130.56 USD,GIS Mapping,Caf&eacute; study group
,,,,,,,,,,Metadata,Sub-tag record
,,,,,,,,,,Cataloging,Sub-tag record
REC-3667,prj-2026-1001,Analysis of Python,Michael O'Brown,Class of 2018,U.N.L.V.,r.johnson@mit.edu,,36,"$122,427.58",Python,Notes on &quot;UIUC&quot;
REC-3668,PRJ-26-1001,Proj A,m. davis,2021,U.N.L.V.,contact@lab.org,2025-12-01,16,"$46,586.51",Cataloging,Notes on &quot;UIUC&quot;
REC-3669,PRJ-2026-9900,Investigation into Machine Learning and Modern Data Pipelines,Jane Smith,2005,UNLV,smith@unlv.edu,2020-01-15,47,FREE,Archival Studies,Cost &lt; Budget
REC-3670,PRJ-26-1001,Proj A,Dr. Jane Mary Smith,2015,"Berkeley, University of California",smith@unlv.edu,2016-03-12,19,77331.08,Ethics,Phase 1 &amp; 2 complete
REC-3671,,Study on Metadata,Geoffrey Clark,'15,Cal Berkeley,duplicate.user@research.org,2020-01-15,26,-$325.00,Cataloging,Na&iuml;ve Bayes test
REC-3672,INVALID_CODE,Proj A,Smith,,U.N.L.V.,smith@unlv.edu,2016-03-12,25,FREE,Cataloging,Na&iuml;ve Bayes test
REC-3673,PRJ-2026-8819,Study on Python,Catherine Wright,2020,University of Illinois at Urbana-Champaign,smith@unlv.edu,2099-12-31,16,"$64,106.15",GIS Mapping,Phase 1 &amp; 2 complete
REC-3674,PRJ-2026-9900,Investigation into Python and Modern Data Pipelines,m. davis,,"Berkeley, University of California",a.wright@berkeley.edu,2099-12-31,31,-$375.00,Ethics,Phase 1 &amp; 2 complete
REC-3675,,Study on Python,Christina Taylor,,"University of Nevada, Las Vegas",contact@lab.org,2018-11-05,44,FREE,Bioinformatics,Notes on &quot;UIUC&quot;
REC-3676,prj-2026-1001,Comprehensive Digital Humanities Data Archival Research Initiative Phase 1,Dr. Brown,Unknown,Urbana Champaign University of Illinois,a.wright@berkeley.edu,2023-09-30,43,106772.26 USD,Metadata,Cost &lt; Budget
REC-3677,PRJ-2026-8819,Analysis of Cataloging,Johnathan Doe,N/A,Univ of Nevada Las Vegas,r.johnson@mit.edu,1900-01-01,6,-$447.00,Bioinformatics,Phase 1 &amp; 2 complete
REC-3678,INVALID_CODE,Study on Cataloging,Kristina Tailor,Class of 2018,Cal Berkeley,jdoe@illinois.edu,,12,"$40,188.70",Ethics,Notes on &quot;UIUC&quot;
REC-3679,PRJ-2026-4052,Proj A,Smith,,M.I.T.,a.wright@berkeley.edu,2016-03-12,15,51028.98,Python,Notes on &quot;UIUC&quot;
REC-3680,PRJ-2026-8819,Proj A,Jane Smith,c2020,UC Berkeley,jdoe@illinois.edu,2021-07-22,36,-$445.00,Data Science,Cost &lt; Budget
REC-3681,PRJ-2026-8819,Proj A,Smith,2015,university of illinois at urbana-champaign,r.johnson@mit.edu,2021-07-22,29,-$432.00,Ethics,Caf&eacute; study group
REC-3682,PRJ-2026-9900,Comprehensive Digital Humanities Data Archival Research Initiative Phase 1,Dr. Johnson,Unknown,Urbana Champaign University of Illinois,jdoe@illinois.edu,2020-01-15,48,174361.13 USD,Cataloging,Caf&eacute; study group
REC-3683,,Analysis of Machine Learning,Johnathan Doe,2018,"University of California, Berkeley",smith@unlv.edu,2023-09-30,40,-$349.00,Bioinformatics,Notes on &quot;UIUC&quot;
REC-3684,PRJ-2026-4052,Comprehensive Digital Humanities Data Archival Research Project Phase 1,Dr. Doe,2021,"Berkeley, University of California",jdoe@illinois.edu,,13,FREE,Metadata,Caf&eacute; study group
REC-3685,PRJ-2026-9900,Investigation into Archival Studies and Modern Data Pipelines,Dr. Jane Mary Smith,2015,Massachusetts Institute of Technology,smith@unlv.edu,2018-11-05,36,"$66,239.28",Cataloging,Notes on &quot;UIUC&quot;
REC-3686,,Analysis of Ethics,Robert Johnson,1882,"Berkeley, University of California",jdoe@illinois.edu,2025-12-01,4,"$10,974.06",Machine Learning,Na&iuml;ve Bayes test
REC-3687,PRJ-2026-4052,Investigation into Metadata and Modern Data Pipelines,Dr. Jane Mary Smith,c2020,UIUC,contact@lab.org,2016-03-12,9,"$38,723.02",Machine Learning,Na&iuml;ve Bayes test
REC-3688,PRJ-2026-8819,Investigation into Metadata and Modern Data Pipelines,A. PROF. WILSON,2012,university of illinois at urbana-champaign,smith@unlv.edu,2021-07-22,7,15021.91 USD,Metadata,Na&iuml;ve Bayes test
REC-3689,prj-2026-1001,Study on Ethics,Bryan Stewart,'15,university of illinois at urbana-champaign,duplicate.user@research.org,1900-01-01,48,106015.75 USD,Archival Studies,Na&iuml;ve Bayes test
,,,,,,,,,,Metadata,Sub-tag record
,,,,,,,,,,Cataloging,Sub-tag record
REC-3690,,Analysis of GIS Mapping,Johnathan Doe,2018,U.N.L.V.,contact@lab.org,2016-03-12,16,57114.92,Cataloging,Caf&eacute; study group
REC-3691,PRJ-2026-4052,Comprehensive Digital Humanities Data Archival Research Project Phase 1,Dr. Smith,2005,Massachusetts Institute of Technology,r.johnson@mit.edu,2016-03-12,39,"$90,336.39",Data Science,Cost &lt; Budget
REC-3692,PRJ-2026-1001,Comprehensive Digital Humanities Data Archival Research Initiative Phase 1,Dr. Smith,1998,Univ of Illinois Urbana Champaign,smith@unlv.edu,1900-01-01,40,FREE,Data Science,Caf&eacute; study group
REC-3693,INVALID_CODE,Proj A,Dr. Jane Mary Smith,2050,UNLV,a.wright@berkeley.edu,2025-12-01,6,13001.34 USD,Ethics,Notes on &quot;UIUC&quot;
REC-3694,PRJ-26-1001,Comprehensive Digital Humanities Data Archival Research Initiative Phase 1,Dr. Brown,2012,Urbana Champaign University of Illinois,contact@lab.org,,4,15544.89,Metadata,Phase 1 &amp; 2 complete
REC-3695,PRJ-2026-4052,Proj A,m. davis,'15,university of illinois at urbana-champaign,smith@unlv.edu,2023-09-30,4,8701.79,Python,Caf&eacute; study group
REC-3696,PRJ-2026-4052,National Science Foundation Geospatial Analysis Infrastructure Program,Dr. Johnson,2005,"Las Vegas, University of Nevada",contact@lab.org,2016-03-12,3,5354.3,Ethics,Notes on &quot;UIUC&quot;
REC-3697,PRJ-26-1001,Study on Machine Learning,Catherine Wright,2012.0,M.I.T.,duplicate.user@research.org,2018-11-05,27,106495.16 USD,Python,Na&iuml;ve Bayes test
REC-3698,prj-2026-1001,Study on Bioinformatics,Jeffrey Clarke,2022,UIUC,contact@lab.org,2021-07-22,25,-$488.00,Metadata,Na&iuml;ve Bayes test
REC-3699,PRJ-2026-9900,Study on GIS Mapping,Stephen Miller,Unknown,"Berkeley, University of California",jdoe@illinois.edu,1900-01-01,34,89412.66,GIS Mapping,Cost &lt; Budget
REC-3700,PRJ-26-1001,Analysis of Archival Studies,Robert Jhnson,c. 2005,"Las Vegas, University of Nevada",r.johnson@mit.edu,2025-12-01,60,$100.00,Data Science,Cost &lt; Budget
,,,,,,,,,,Bioinformatics,Sub-tag record
,,,,,,,,,,Python,Sub-tag record
,,,,,,,,,,GIS Mapping,Sub-tag record
REC-3701,PRJ-2026-8819,National Science Foundation Geospatial Analysis Infrastructure Program,Dr. Johnson,c. 2005,Urbana Champaign University of Illinois,r.johnson@mit.edu,2099-12-31,16,"$43,815.90",Data Science,Notes on &quot;UIUC&quot;
,,,,,,,,,,Metadata,Sub-tag record
,,,,,,,,,,Archival Studies,Sub-tag record
,,,,,,,,,,Bioinformatics,Sub-tag record
REC-3702,PRJ-2026-9900,Study on GIS Mapping,Christina Taylor,'15,"Technology, Massachusetts Institute of",smith@unlv.edu,1900-01-01,10,29759.53 USD,Python,Phase 1 &amp; 2 complete
,,,,,,,,,,Metadata,Sub-tag record
REC-3703,PRJ20261001,Comprehensive Digital Humanities Data Archival Research Project Phase 2,Dr. Johnson,1998,university of illinois at urbana-champaign,jdoe@illinois.edu,1900-01-01,37,-$277.00,Machine Learning,Notes on &quot;UIUC&quot;
REC-3704,PRJ-2026-1001,Proj A,Dr. Jane Mary Smith,c2020,Univ of Illinois Urbana Champaign,a.wright@berkeley.edu,2025-12-01,13,41094.67 USD,Cataloging,Na&iuml;ve Bayes test
REC-3705,INVALID_CODE,Analysis of Machine Learning,Alexander Wright,1882,University of Illinois at Urbana-Champaign,contact@lab.org,2025-12-01,11,43302.15 USD,GIS Mapping,Caf&eacute; study group
REC-3706,PRJ-2026-8819,Investigation into Bioinformatics and Modern Data Pipelines,m. davis,1882,MIT,a.wright@berkeley.edu,2025-12-01,25,"$41,847.66",GIS Mapping,Phase 1 &amp; 2 complete
REC-3707,PRJ-2026-8819,Analysis of Metadata,Alexander Wright,Pending,U.N.L.V.,contact@lab.org,,12,36754.81,Machine Learning,Caf&eacute; study group
REC-3708,PRJ-2026-1001,National Science Foundation Geospatial Analysis Infrastructure Project,Dr. Doe,c. 2005,Univ. of Illinois (UIUC),smith@unlv.edu,2021-07-22,46,-$489.00,Machine Learning,Notes on &quot;UIUC&quot;
REC-3709,PRJ-2026-1001,Study on Ethics,Bryan Stewart,2012.0,"Urbana-Champaign, University of Illinois",smith@unlv.edu,2025-12-01,1,FREE,Ethics,Notes on &quot;UIUC&quot;
REC-3710,PRJ20261001,Analysis of Ethics,Johnathan Doee,2015,"Las Vegas, University of Nevada",a.wright@berkeley.edu,2099-12-31,47,"$167,596.91",Machine Learning,Caf&eacute; study group
REC-3711,PRJ-26-1001,Study on Archival Studies,Jeffrey Clarke,2050,Univ of Illinois Urbana Champaign,contact@lab.org,2099-12-31,22,55991.08,Machine Learning,Cost &lt; Budget
,,,,,,,,,,GIS Mapping,Sub-tag record
,,,,,,,,,,Ethics,Sub-tag record
REC-3712,PRJ-26-1001,Proj A,m. davis,'15,"Berkeley, University of California",r.johnson@mit.edu,1900-01-01,23,75863.0 USD,Bioinformatics,Caf&eacute; study group
REC-3713,PRJ20261001,Analysis of Archival Studies,Robert Jhnson,2005,Urbana Champaign University of Illinois,smith@unlv.edu,2016-03-12,43,-$441.00,Python,Notes on &quot;UIUC&quot;
REC-3714,PRJ-2026-9900,Proj A,m. davis,2020,Univ of Nevada Las Vegas,r.johnson@mit.edu,2016-03-12,44,FREE,Ethics,Caf&eacute; study group
REC-3715,PRJ-2026-4052,Proj A,m. davis,2018,"Technology, Massachusetts Institute of",jdoe@illinois.edu,2099-12-31,20,FREE,Cataloging,Phase 1 &amp; 2 complete
REC-3716,PRJ-2026-9900,Investigation into Cataloging and Modern Data Pipelines,Dr. Jane Mary Smith,1882,"University of Nevada, Las Vegas",duplicate.user@research.org,2018-11-05,15,FREE,Archival Studies,Na&iuml;ve Bayes test
REC-3717,PRJ20261001,Study on Metadata,Catherine Wright,2021,"Technology, Massachusetts Institute of",r.johnson@mit.edu,1900-01-01,16,-$346.00,Cataloging,Notes on &quot;UIUC&quot;
REC-3718,prj-2026-1001,Comprehensive Digital Humanities Data Archival Research Project Phase 1,Dr. Johnson,c. 2005,Univ of Nevada Las Vegas,a.wright@berkeley.edu,2099-12-31,9,-$373.00,Metadata,Notes on &quot;UIUC&quot;
REC-3719,prj-2026-1001,Investigation into Cataloging and Modern Data Pipelines,m. davis,2015,University of Illinois at Urbana-Champaign,contact@lab.org,2021-07-22,10,23946.4,Machine Learning,Na&iuml;ve Bayes test
REC-3720,PRJ-2026-4052,Proj A,Dr. Jane Mary Smith,,"University of California, Berkeley",r.johnson@mit.edu,,45,85031.01,Metadata,Na&iuml;ve Bayes test
REC-3721,,Analysis of Cataloging,Robert Jhnson,c2020,Univ of Nevada Las Vegas,duplicate.user@research.org,2099-12-31,30,"$120,104.89",Cataloging,Notes on &quot;UIUC&quot;
REC-3722,,Study on Archival Studies,Brian Stuart,2022,Univ. of Illinois (UIUC),smith@unlv.edu,2016-03-12,44,-$478.00,Machine Learning,Cost &lt; Budget
REC-3723,PRJ-2026-9900,Study on Bioinformatics,Kathryn Write,2050,Univ of Nevada Las Vegas,a.wright@berkeley.edu,,9,FREE,Archival Studies,Caf&eacute; study group
REC-3724,PRJ-2026-9900,Analysis of Ethics,Michael O'Brown,1882,Univ of Illinois Urbana Champaign,r.johnson@mit.edu,2020-01-15,37,FREE,Bioinformatics,Cost &lt; Budget
REC-3725,PRJ20261001,Proj A,Smith,2012,"University of Nevada, Las Vegas",jdoe@illinois.edu,,12,36392.4,Data Science,Caf&eacute; study group
REC-3726,PRJ-2026-1001,Investigation into Bioinformatics and Modern Data Pipelines,Jane Smith,,"University of California, Berkeley",r.johnson@mit.edu,2021-07-22,33,FREE,Cataloging,Na&iuml;ve Bayes test
REC-3727,,Investigation into Cataloging and Modern Data Pipelines,A. PROF. WILSON,2012,UC Berkeley,jdoe@illinois.edu,2020-01-15,44,"$192,059.25",Python,Notes on &quot;UIUC&quot;
REC-3728,PRJ-2026-8819,Analysis of Bioinformatics,Alexandr Wright,,UC Berkeley,smith@unlv.edu,2016-03-12,22,86738.49 USD,Machine Learning,Caf&eacute; study group
REC-3729,PRJ20261001,Comprehensive Digital Humanities Data Archival Research Project Phase 2,Dr. Brown,2018,"University of Nevada, Las Vegas",a.wright@berkeley.edu,,39,91194.29 USD,GIS Mapping,Phase 1 &amp; 2 complete
,,,,,,,,,,Machine Learning,Sub-tag record
REC-3730,PRJ-2026-1001,Analysis of Data Science,Alexander Wright,'15,Univ of Nevada Las Vegas,smith@unlv.edu,,11,25903.95 USD,Python,Notes on &quot;UIUC&quot;
REC-3731,PRJ20261001,Investigation into Cataloging and Modern Data Pipelines,Jane Smith,1882,"Berkeley, University of California",jdoe@illinois.edu,2021-07-22,32,"$141,010.74",Cataloging,Notes on &quot;UIUC&quot;
REC-3732,PRJ-2026-1001,Comprehensive Digital Humanities Data Archival Research Project Phase 2,Dr. Smith,1882,"Technology, Massachusetts Institute of",contact@lab.org,1900-01-01,21,36190.54 USD,GIS Mapping,Cost &lt; Budget
REC-3733,INVALID_CODE,Analysis of Cataloging,Robert Jhnson,Unknown,"University of Nevada, Las Vegas",r.johnson@mit.edu,2018-11-05,17,42975.34 USD,Archival Studies,Na&iuml;ve Bayes test
REC-3734,PRJ-2026-4052,National Science Foundation Geospatial Analysis Infrastructure Project,Dr. Doe,c. 2005,Univ of Nevada Las Vegas,a.wright@berkeley.edu,,15,42291.52,Metadata,Na&iuml;ve Bayes test
REC-3735,PRJ-26-1001,Analysis of Bioinformatics,Alexander Wright,'15,"Urbana-Champaign, University of Illinois",r.johnson@mit.edu,2016-03-12,27,"$80,719.08",Archival Studies,Notes on &quot;UIUC&quot;
REC-3736,PRJ-2026-1001,Analysis of Ethics,Alexandr Wright,2020,"Berkeley, University of California",jdoe@illinois.edu,2021-07-22,16,-$249.00,Data Science,Caf&eacute; study group
,,,,,,,,,,GIS Mapping,Sub-tag record
,,,,,,,,,,Machine Learning,Sub-tag record
,,,,,,,,,,Cataloging,Sub-tag record
REC-3737,INVALID_CODE,Comprehensive Digital Humanities Data Archival Research Project Phase 2,Dr. Smith,1882,"Technology, Massachusetts Institute of",contact@lab.org,2025-12-01,3,"$9,216.08",Archival Studies,Cost &lt; Budget
REC-3738,PRJ-2026-8819,Study on Ethics,Catherine Wright,1998,Urbana Champaign University of Illinois,smith@unlv.edu,2023-09-30,33,-$248.00,Data Science,Phase 1 &amp; 2 complete
REC-3739,INVALID_CODE,Study on Python,Kathryn Write,c. 2005,U.N.L.V.,contact@lab.org,2021-07-22,3,10669.37 USD,Data Science,Notes on &quot;UIUC&quot;
REC-3740,prj-2026-1001,Comprehensive Digital Humanities Data Archival Research Project Phase 1,Dr. Brown,c. 2005,UNLV,contact@lab.org,2018-11-05,3,11509.3 USD,Machine Learning,Phase 1 &amp; 2 complete
REC-3741,PRJ-2026-8819,Proj A,Smith,Pending,university of illinois at urbana-champaign,jdoe@illinois.edu,2023-09-30,27,-$146.00,GIS Mapping,Cost &lt; Budget
REC-3742,PRJ-26-1001,Analysis of Bioinformatics,Michael O'Brown,Pending,Cal Berkeley,r.johnson@mit.edu,2023-09-30,27,85584.14,Metadata,Caf&eacute; study group
REC-3743,INVALID_CODE,Proj A,Smith,,"University of Nevada, Las Vegas",r.johnson@mit.edu,1900-01-01,37,"$133,666.67",Python,Caf&eacute; study group
REC-3744,,Study on Data Science,Jeffrey Clarke,N/A,Urbana Champaign University of Illinois,r.johnson@mit.edu,2099-12-31,11,42965.87 USD,Cataloging,Cost &lt; Budget
REC-3745,prj-2026-1001,Proj A,A. PROF. WILSON,1998,UIUC,contact@lab.org,2023-09-30,7,"$24,916.66",GIS Mapping,Notes on &quot;UIUC&quot;
REC-3746,PRJ-2026-8819,National Science Foundation Geospatial Analysis Infrastructure Program,Dr. Johnson,2015,Cal Berkeley,a.wright@berkeley.edu,2025-12-01,38,FREE,Cataloging,Caf&eacute; study group
,,,,,,,,,,Bioinformatics,Sub-tag record
,,,,,,,,,,Metadata,Sub-tag record
,,,,,,,,,,Ethics,Sub-tag record
REC-3747,INVALID_CODE,Analysis of Python,Robert Johnson,2018,Univ of Illinois Urbana Champaign,smith@unlv.edu,2099-12-31,27,-$284.00,Cataloging,Caf&eacute; study group
REC-3748,INVALID_CODE,Analysis of Bioinformatics,Michael OBrown,1998,M.I.T.,contact@lab.org,2099-12-31,31,"$100,683.76",Data Science,Cost &lt; Budget
REC-3749,prj-2026-1001,Comprehensive Digital Humanities Data Archival Research Initiative Phase 1,Dr. Johnson,2005,University of Illinois at Urbana-Champaign,contact@lab.org,2023-09-30,36,-$328.00,GIS Mapping,Notes on &quot;UIUC&quot;
REC-3750,INVALID_CODE,Study on Bioinformatics,Stephen Miller,Class of 2018,M.I.T.,contact@lab.org,,28,"$92,611.99",Archival Studies,Na&iuml;ve Bayes test
REC-3751,PRJ-2026-1001,Investigation into Machine Learning and Modern Data Pipelines,Jane Smith,1882,Univ of Illinois Urbana Champaign,r.johnson@mit.edu,2023-09-30,21,81267.08,Metadata,Na&iuml;ve Bayes test
REC-3752,PRJ20261001,Proj A,Smith,'15,U.N.L.V.,smith@unlv.edu,,41,102587.64 USD,Metadata,Caf&eacute; study group
REC-3753,PRJ-2026-4052,Investigation into Data Science and Modern Data Pipelines,Dr. Jane Mary Smith,2020,UNLV,smith@unlv.edu,2023-09-30,18,FREE,Data Science,Caf&eacute; study group
REC-3754,,Analysis of Machine Learning,Patricia Taylor Garcia,1882,University of Illinois at Urbana-Champaign,r.johnson@mit.edu,2099-12-31,33,"$84,964.63",Cataloging,Caf&eacute; study group
REC-3755,INVALID_CODE,Analysis of Archival Studies,Patricia Taylor Garcia,Unknown,Cal Berkeley,r.johnson@mit.edu,2021-07-22,33,"$126,492.97",Metadata,Phase 1 &amp; 2 complete
REC-3756,,Investigation into Archival Studies and Modern Data Pipelines,m. davis,c2020,university of illinois at urbana-champaign,smith@unlv.edu,1900-01-01,10,FREE,Bioinformatics,Notes on &quot;UIUC&quot;
REC-3757,prj-2026-1001,Analysis of Ethics,Patricia Taylor-Garcia,'15,"Technology, Massachusetts Institute of",duplicate.user@research.org,1900-01-01,20,64021.3 USD,Cataloging,Caf&eacute; study group
,,,,,,,,,,Bioinformatics,Sub-tag record
,,,,,,,,,,Metadata,Sub-tag record
REC-3758,PRJ-2026-4052,Comprehensive Digital Humanities Data Archival Research Initiative Phase 1,Dr. Doe,c. 2005,UC Berkeley,smith@unlv.edu,2099-12-31,37,"$127,888.59",Ethics,Caf&eacute; study group
REC-3759,PRJ-2026-8819,Analysis of Metadata,Patricia Taylor-Garcia,2015,"Berkeley, University of California",contact@lab.org,2016-03-12,27,66529.0,Bioinformatics,Cost &lt; Budget
REC-3760,PRJ-2026-9900,Proj A,A. PROF. WILSON,2020,"Urbana-Champaign, University of Illinois",smith@unlv.edu,2018-11-05,22,33962.34,Machine Learning,Cost &lt; Budget
REC-3761,PRJ20261001,Comprehensive Digital Humanities Data Archival Research Initiative Phase 1,Dr. Brown,Class of 2018,"University of California, Berkeley",smith@unlv.edu,1900-01-01,8,FREE,Cataloging,Na&iuml;ve Bayes test
REC-3762,PRJ-2026-4052,Analysis of Python,Michael OBrown,'15,"Technology, Massachusetts Institute of",jdoe@illinois.edu,,23,65394.57 USD,Metadata,Cost &lt; Budget
REC-3763,PRJ-2026-4052,National Science Foundation Geospatial Analysis Infrastructure Program,Dr. Smith,2020,"Las Vegas, University of Nevada",duplicate.user@research.org,,44,189798.5 USD,Metadata,Cost &lt; Budget
REC-3764,prj-2026-1001,Proj A,Dr. Jane Mary Smith,N/A,Univ of Nevada Las Vegas,r.johnson@mit.edu,1900-01-01,45,FREE,Ethics,Phase 1 &amp; 2 complete
REC-3765,PRJ-2026-4052,National Science Foundation Geospatial Analysis Infrastructure Program,Dr. Brown,N/A,UIUC,jdoe@illinois.edu,,35,"$146,809.28",Cataloging,Na&iuml;ve Bayes test
REC-3766,PRJ-2026-8819,Comprehensive Digital Humanities Data Archival Research Initiative Phase 1,Dr. Doe,2005,Univ of Nevada Las Vegas,a.wright@berkeley.edu,,44,-$143.00,Cataloging,Caf&eacute; study group
REC-3767,PRJ-2026-1001,Comprehensive Digital Humanities Data Archival Research Initiative Phase 1,Dr. Brown,2012,university of illinois at urbana-champaign,r.johnson@mit.edu,2099-12-31,35,143791.54,Ethics,Cost &lt; Budget
,,,,,,,,,,Metadata,Sub-tag record
,,,,,,,,,,Python,Sub-tag record
,,,,,,,,,,Archival Studies,Sub-tag record
REC-3768,PRJ-2026-8819,Study on Python,Geoffrey Clark,N/A,Univ of Nevada Las Vegas,jdoe@illinois.edu,2016-03-12,45,152190.11 USD,Python,Caf&eacute; study group
REC-3769,PRJ-2026-4052,Proj A,Jane Smith,2012,UNLV,smith@unlv.edu,2025-12-01,22,-$500.00,Metadata,Na&iuml;ve Bayes test
REC-3770,PRJ-2026-4052,Study on Data Science,Kristina Tailor,2050,"Urbana-Champaign, University of Illinois",smith@unlv.edu,2025-12-01,38,"$113,602.14",Python,Phase 1 &amp; 2 complete
REC-3771,PRJ-2026-8819,Analysis of Data Science,Alexandr Wright,Class of 2018,"University of Nevada, Las Vegas",smith@unlv.edu,2020-01-15,24,85057.68,Bioinformatics,Caf&eacute; study group
REC-3772,,Analysis of Archival Studies,Alexandr Wright,c2020,U.N.L.V.,a.wright@berkeley.edu,2021-07-22,41,132895.52,Data Science,Notes on &quot;UIUC&quot;
REC-3773,,National Science Foundation Geospatial Analysis Infrastructure Project,Dr. Smith,,"University of California, Berkeley",a.wright@berkeley.edu,2099-12-31,36,"$155,545.92",Python,Na&iuml;ve Bayes test
REC-3774,PRJ-2026-4052,Proj A,Jane Smith,Pending,Cal Berkeley,jdoe@illinois.edu,,26,-$492.00,GIS Mapping,Na&iuml;ve Bayes test
REC-3775,INVALID_CODE,Investigation into Archival Studies and Modern Data Pipelines,Smith,N/A,UNLV,r.johnson@mit.edu,2099-12-31,13,-$427.00,Python,Phase 1 &amp; 2 complete
REC-3776,PRJ-2026-1001,Proj A,Dr. Jane Mary Smith,2018,Univ. of Illinois (UIUC),smith@unlv.edu,2023-09-30,40,169345.28 USD,Cataloging,Caf&eacute; study group
REC-3777,PRJ-2026-9900,Study on GIS Mapping,Kristina Tailor,Class of 2018,"Berkeley, University of California",a.wright@berkeley.edu,2020-01-15,43,166980.99,Cataloging,Phase 1 &amp; 2 complete
,,,,,,,,,,Machine Learning,Sub-tag record
,,,,,,,,,,GIS Mapping,Sub-tag record
REC-3778,INVALID_CODE,Proj A,Smith,2020,Univ of Illinois Urbana Champaign,smith@unlv.edu,2099-12-31,44,75505.91 USD,GIS Mapping,Notes on &quot;UIUC&quot;
REC-3779,PRJ-2026-1001,Analysis of Bioinformatics,Robert Jhnson,N/A,"Technology, Massachusetts Institute of",jdoe@illinois.edu,2099-12-31,14,39604.64 USD,Data Science,Na&iuml;ve Bayes test
REC-3780,PRJ-2026-4052,Analysis of Cataloging,Johnathan Doe,2015,University of Illinois at Urbana-Champaign,a.wright@berkeley.edu,,24,-$123.00,GIS Mapping,Notes on &quot;UIUC&quot;
,,,,,,,,,,Machine Learning,Sub-tag record
,,,,,,,,,,Bioinformatics,Sub-tag record
REC-3781,PRJ-2026-8819,Proj A,m. davis,1882,"Urbana-Champaign, University of Illinois",r.johnson@mit.edu,,34,FREE,GIS Mapping,Notes on &quot;UIUC&quot;
REC-3782,PRJ-2026-1001,Investigation into GIS Mapping and Modern Data Pipelines,Dr. Jane Mary Smith,2018,Univ of Illinois Urbana Champaign,a.wright@berkeley.edu,1900-01-01,18,53537.97 USD,Metadata,Caf&eacute; study group
REC-3783,PRJ-2026-1001,Study on Machine Learning,Jeffrey Clarke,2018,"Urbana-Champaign, University of Illinois",contact@lab.org,,37,"$135,419.34",Archival Studies,Cost &lt; Budget
REC-3784,PRJ-26-1001,Study on Bioinformatics,Kristina Tailor,Pending,Univ of Nevada Las Vegas,a.wright@berkeley.edu,,26,"$74,089.14",Cataloging,Cost &lt; Budget
REC-3785,PRJ-2026-9900,Investigation into Python and Modern Data Pipelines,m. davis,2020,M.I.T.,jdoe@illinois.edu,2099-12-31,48,194847.14,Data Science,Na&iuml;ve Bayes test
REC-3786,prj-2026-1001,Study on Cataloging,Jeffrey Clarke,Class of 2018,Urbana Champaign University of Illinois,jdoe@illinois.edu,,32,"$129,471.17",Archival Studies,Notes on &quot;UIUC&quot;
,,,,,,,,,,Python,Sub-tag record
,,,,,,,,,,Metadata,Sub-tag record
REC-3787,INVALID_CODE,Comprehensive Digital Humanities Data Archival Research Initiative Phase 1,Dr. Brown,N/A,Urbana Champaign University of Illinois,jdoe@illinois.edu,2021-07-22,8,FREE,Cataloging,Na&iuml;ve Bayes test
REC-3788,INVALID_CODE,Study on Python,Stephen Miller,2005,"University of California, Berkeley",smith@unlv.edu,2021-07-22,37,"$140,600.56",GIS Mapping,Notes on &quot;UIUC&quot;
REC-3789,,Study on Ethics,Bryan Stewart,2020,"Technology, Massachusetts Institute of",r.johnson@mit.edu,2016-03-12,17,28563.93,Archival Studies,Cost &lt; Budget
REC-3790,,Proj A,Jane Smith,Pending,Univ. of Illinois (UIUC),a.wright@berkeley.edu,2018-11-05,9,39542.96 USD,Bioinformatics,Phase 1 &amp; 2 complete
REC-3791,PRJ-2026-4052,Analysis of Python,Patricia Taylor Garcia,N/A,Univ. of Illinois (UIUC),a.wright@berkeley.edu,2018-11-05,3,-$310.00,Bioinformatics,Phase 1 &amp; 2 complete
REC-3792,PRJ-26-1001,Comprehensive Digital Humanities Data Archival Research Initiative Phase 1,Dr. Brown,'15,Univ of Illinois Urbana Champaign,smith@unlv.edu,2023-09-30,24,49782.99 USD,Metadata,Caf&eacute; study group
REC-3793,PRJ20261001,Comprehensive Digital Humanities Data Archival Research Initiative Phase 1,Dr. Doe,Pending,MIT,contact@lab.org,2099-12-31,39,102249.47 USD,Bioinformatics,Notes on &quot;UIUC&quot;
REC-3794,PRJ-26-1001,Study on Cataloging,Stephen Miller,2015,M.I.T.,jdoe@illinois.edu,2016-03-12,7,"$17,874.09",Bioinformatics,Caf&eacute; study group
REC-3795,INVALID_CODE,Analysis of GIS Mapping,Michael OBrown,Unknown,M.I.T.,contact@lab.org,2018-11-05,44,146340.67,Cataloging,Phase 1 &amp; 2 complete
REC-3796,PRJ-2026-1001,Analysis of Machine Learning,Alexander Wright,2022,Massachusetts Institute of Technology,contact@lab.org,1900-01-01,35,61644.39 USD,Cataloging,Notes on &quot;UIUC&quot;
REC-3797,prj-2026-1001,Study on Python,Bryan Stewart,,university of illinois at urbana-champaign,smith@unlv.edu,2021-07-22,30,-$355.00,Cataloging,Caf&eacute; study group
REC-3798,PRJ20261001,Comprehensive Digital Humanities Data Archival Research Project Phase 2,Dr. Brown,Class of 2018,"Las Vegas, University of Nevada",a.wright@berkeley.edu,1900-01-01,37,109975.79,Bioinformatics,Notes on &quot;UIUC&quot;
REC-3799,PRJ-2026-9900,Comprehensive Digital Humanities Data Archival Research Initiative Phase 1,Dr. Brown,1998,Univ. of Illinois (UIUC),contact@lab.org,2023-09-30,41,FREE,Python,Na&iuml;ve Bayes test
REC-3800,prj-2026-1001,Study on Ethics,Catherine Wright,2018,UC Berkeley,r.johnson@mit.edu,,31,FREE,Metadata,Notes on &quot;UIUC&quot;
REC-3801,PRJ-2026-9900,Comprehensive Digital Humanities Data Archival Research Project Phase 2,Dr. Smith,Pending,"Berkeley, University of California",a.wright@berkeley.edu,2023-09-30,9,30317.67,Archival Studies,Phase 1 &amp; 2 complete
REC-3802,,Proj A,Dr. Jane Mary Smith,c2020,"Las Vegas, University of Nevada",a.wright@berkeley.edu,2025-12-01,14,23794.3,Cataloging,Phase 1 &amp; 2 complete
,,,,,,,,,,Python,Sub-tag record
REC-3803,PRJ-2026-1001,Analysis of GIS Mapping,Alexandr Wright,2015,MIT,r.johnson@mit.edu,2016-03-12,31,70662.92,Data Science,Cost &lt; Budget
REC-3804,PRJ-2026-9900,Investigation into Bioinformatics and Modern Data Pipelines,m. davis,Pending,"Berkeley, University of California",jdoe@illinois.edu,,32,89827.94 USD,Cataloging,Notes on &quot;UIUC&quot;
REC-3805,PRJ-2026-8819,Analysis of Ethics,Patricia Taylor-Garcia,2022,UIUC,r.johnson@mit.edu,2023-09-30,27,FREE,Cataloging,Na&iuml;ve Bayes test
REC-3806,prj-2026-1001,National Science Foundation Geospatial Analysis Infrastructure Program,Dr. Smith,2012.0,"Technology, Massachusetts Institute of",jdoe@illinois.edu,2018-11-05,40,"$138,694.34",GIS Mapping,Phase 1 &amp; 2 complete
REC-3807,PRJ-26-1001,Proj A,Jane Smith,,UC Berkeley,smith@unlv.edu,,48,"$73,179.96",Archival Studies,Cost &lt; Budget
REC-3808,PRJ-26-1001,Study on Archival Studies,Stephen Miller,c. 2005,Univ of Illinois Urbana Champaign,contact@lab.org,2021-07-22,60,100.0 USD,Archival Studies,Na&iuml;ve Bayes test
REC-3809,,National Science Foundation Geospatial Analysis Infrastructure Project,Dr. Smith,1998,University of Illinois at Urbana-Champaign,duplicate.user@research.org,2020-01-15,5,20433.21,Bioinformatics,Notes on &quot;UIUC&quot;
REC-3810,prj-2026-1001,Comprehensive Digital Humanities Data Archival Research Project Phase 1,Dr. Johnson,2050,Univ. of Illinois (UIUC),a.wright@berkeley.edu,2025-12-01,43,105649.17 USD,Ethics,Notes on &quot;UIUC&quot;
REC-3811,PRJ-2026-1001,Study on Bioinformatics,Steven Miller,N/A,UNLV,a.wright@berkeley.edu,2016-03-12,60,$100.00,Machine Learning,Na&iuml;ve Bayes test
REC-3812,,Study on Data Science,Jane Smith,c. 2005,University of Illinois at Urbana-Champaign,a.wright@berkeley.edu,2020-01-15,36,FREE,Metadata,Na&iuml;ve Bayes test
REC-3813,PRJ-2026-8819,Study on Machine Learning,Steven Miller,1882,"Urbana-Champaign, University of Illinois",a.wright@berkeley.edu,2020-01-15,40,116085.24 USD,Python,Notes on &quot;UIUC&quot;
REC-3814,PRJ20261001,Comprehensive Digital Humanities Data Archival Research Initiative Phase 1,Dr. Smith,2050,university of illinois at urbana-champaign,jdoe@illinois.edu,2016-03-12,11,FREE,GIS Mapping,Notes on &quot;UIUC&quot;
REC-3815,INVALID_CODE,Analysis of Python,Alexandr Wright,2012,"Berkeley, University of California",smith@unlv.edu,2021-07-22,43,170284.51 USD,GIS Mapping,Na&iuml;ve Bayes test
REC-3816,PRJ-2026-9900,National Science Foundation Geospatial Analysis Infrastructure Project,Dr. Johnson,2018,university of illinois at urbana-champaign,smith@unlv.edu,2025-12-01,35,FREE,Cataloging,Cost &lt; Budget
REC-3817,PRJ-2026-1001,Comprehensive Digital Humanities Data Archival Research Project Phase 2,Dr. Brown,2021,"University of California, Berkeley",jdoe@illinois.edu,2025-12-01,38,FREE,Metadata,Cost &lt; Budget
,,,,,,,,,,Bioinformatics,Sub-tag record
,,,,,,,,,,Data Science,Sub-tag record
,,,,,,,,,,Ethics,Sub-tag record
REC-3818,PRJ-2026-8819,Study on GIS Mapping,Christina Taylor,N/A,university of illinois at urbana-champaign,r.johnson@mit.edu,2016-03-12,35,"$117,089.57",GIS Mapping,Notes on &quot;UIUC&quot;
REC-3819,,Study on Machine Learning,Jane Smith,2005,M.I.T.,r.johnson@mit.edu,2023-09-30,20,"$65,214.29",Metadata,Na&iuml;ve Bayes test
REC-3820,PRJ-2026-8819,Investigation into Ethics and Modern Data Pipelines,Jane Smith,1882,U.N.L.V.,a.wright@berkeley.edu,2016-03-12,45,70538.05 USD,Machine Learning,Phase 1 &amp; 2 complete
REC-3821,PRJ-2026-8819,Investigation into Cataloging and Modern Data Pipelines,Dr. Jane Mary Smith,c. 2005,MIT,contact@lab.org,2025-12-01,47,177573.36 USD,Ethics,Cost &lt; Budget
REC-3822,PRJ-2026-4052,National Science Foundation Geospatial Analysis Infrastructure Project,Dr. Brown,2015,University of Illinois at Urbana-Champaign,contact@lab.org,2020-01-15,12,FREE,GIS Mapping,Notes on &quot;UIUC&quot;
REC-3823,INVALID_CODE,Proj A,Smith,2021,U.N.L.V.,jdoe@illinois.edu,2099-12-31,20,"$76,866.09",Python,Notes on &quot;UIUC&quot;
REC-3824,INVALID_CODE,Investigation into Metadata and Modern Data Pipelines,m. davis,Unknown,"Berkeley, University of California",a.wright@berkeley.edu,2021-07-22,37,79101.39 USD,Ethics,Phase 1 &amp; 2 complete
REC-3825,prj-2026-1001,Study on Data Science,Brian Stuart,N/A,"Urbana-Champaign, University of Illinois",a.wright@berkeley.edu,2018-11-05,1,FREE,Metadata,Na&iuml;ve Bayes test
,,,,,,,,,,Cataloging,Sub-tag record
REC-3826,,Study on Archival Studies,Geoffrey Clark,Pending,U.N.L.V.,a.wright@berkeley.edu,2020-01-15,27,68382.0 USD,Python,Na&iuml;ve Bayes test
REC-3827,,Comprehensive Digital Humanities Data Archival Research Initiative Phase 1,Dr. Doe,N/A,"University of California, Berkeley",a.wright@berkeley.edu,2025-12-01,30,113598.45,Ethics,Phase 1 &amp; 2 complete
REC-3828,PRJ-2026-1001,Investigation into Metadata and Modern Data Pipelines,A. PROF. WILSON,,"Las Vegas, University of Nevada",smith@unlv.edu,2016-03-12,25,57089.52,Cataloging,Phase 1 &amp; 2 complete
REC-3829,prj-2026-1001,Analysis of Ethics,Patricia Taylor Garcia,2022,U.N.L.V.,contact@lab.org,2023-09-30,60,100.0,Python,Caf&eacute; study group
REC-3830,PRJ-2026-4052,Investigation into Cataloging and Modern Data Pipelines,Jane Smith,N/A,"Urbana-Champaign, University of Illinois",r.johnson@mit.edu,2018-11-05,28,FREE,Archival Studies,Na&iuml;ve Bayes test
REC-3831,,Comprehensive Digital Humanities Data Archival Research Initiative Phase 1,Dr. Johnson,Class of 2018,UC Berkeley,contact@lab.org,2018-11-05,44,"$86,032.33",Archival Studies,Notes on &quot;UIUC&quot;
REC-3832,prj-2026-1001,Proj A,Smith,c2020,Univ of Illinois Urbana Champaign,a.wright@berkeley.edu,2021-07-22,19,"$59,593.72",Ethics,Caf&eacute; study group
REC-3833,prj-2026-1001,National Science Foundation Geospatial Analysis Infrastructure Program,Dr. Doe,Class of 2018,Univ of Illinois Urbana Champaign,a.wright@berkeley.edu,2099-12-31,16,70525.77,Bioinformatics,Cost &lt; Budget
REC-3834,INVALID_CODE,Analysis of Bioinformatics,Alexandr Wright,,university of illinois at urbana-champaign,a.wright@berkeley.edu,2023-09-30,6,FREE,Bioinformatics,Cost &lt; Budget
REC-3835,PRJ-26-1001,Comprehensive Digital Humanities Data Archival Research Project Phase 1,Dr. Doe,2050,MIT,jdoe@illinois.edu,2021-07-22,29,45225.88,Archival Studies,Phase 1 &amp; 2 complete
REC-3836,PRJ-26-1001,Comprehensive Digital Humanities Data Archival Research Project Phase 2,Dr. Smith,'15,"Berkeley, University of California",contact@lab.org,,23,"$60,328.75",Bioinformatics,Caf&eacute; study group
REC-3837,,Study on Ethics,Steven Miller,Pending,"University of Nevada, Las Vegas",jdoe@illinois.edu,2021-07-22,22,FREE,GIS Mapping,Cost &lt; Budget
REC-3838,PRJ-2026-8819,Comprehensive Digital Humanities Data Archival Research Project Phase 2,Dr. Doe,2012.0,UIUC,jdoe@illinois.edu,2023-09-30,34,"$58,911.20",Metadata,Cost &lt; Budget
REC-3839,INVALID_CODE,Investigation into Cataloging and Modern Data Pipelines,Dr. Jane Mary Smith,'15,Univ of Illinois Urbana Champaign,contact@lab.org,2021-07-22,6,"$11,769.45",Data Science,Notes on &quot;UIUC&quot;
REC-3840,INVALID_CODE,Analysis of Data Science,Alexander Wright,2015,Massachusetts Institute of Technology,a.wright@berkeley.edu,2021-07-22,16,37432.08 USD,Bioinformatics,Cost &lt; Budget
,,,,,,,,,,Cataloging,Sub-tag record
,,,,,,,,,,Machine Learning,Sub-tag record
,,,,,,,,,,Python,Sub-tag record
REC-3841,,Comprehensive Digital Humanities Data Archival Research Initiative Phase 1,Dr. Brown,c2020,university of illinois at urbana-champaign,contact@lab.org,2099-12-31,24,46853.83,Machine Learning,Phase 1 &amp; 2 complete
REC-3842,INVALID_CODE,Comprehensive Digital Humanities Data Archival Research Initiative Phase 1,Dr. Doe,Unknown,Univ of Illinois Urbana Champaign,smith@unlv.edu,,45,109618.68,Data Science,Cost &lt; Budget
REC-3843,PRJ-26-1001,Analysis of Archival Studies,Michael OBrown,2005,Univ. of Illinois (UIUC),r.johnson@mit.edu,2021-07-22,7,FREE,Data Science,Phase 1 &amp; 2 complete
REC-3844,PRJ-2026-9900,National Science Foundation Geospatial Analysis Infrastructure Project,Dr. Johnson,2022,Cal Berkeley,smith@unlv.edu,2023-09-30,5,18780.14 USD,Cataloging,Phase 1 &amp; 2 complete
REC-3845,,Analysis of Python,Patricia Taylor Garcia,2012,Massachusetts Institute of Technology,contact@lab.org,2018-11-05,38,FREE,Archival Studies,Na&iuml;ve Bayes test
REC-3846,PRJ-26-1001,National Science Foundation Geospatial Analysis Infrastructure Project,Dr. Brown,2018,"Berkeley, University of California",duplicate.user@research.org,2025-12-01,16,FREE,Data Science,Caf&eacute; study group
REC-3847,PRJ-2026-1001,Investigation into Metadata and Modern Data Pipelines,A. PROF. WILSON,2015,Massachusetts Institute of Technology,r.johnson@mit.edu,2023-09-30,26,41045.65 USD,Data Science,Cost &lt; Budget
REC-3848,PRJ-2026-1001,National Science Foundation Geospatial Analysis Infrastructure Program,Dr. Brown,c. 2005,U.N.L.V.,contact@lab.org,1900-01-01,28,114871.4 USD,Metadata,Cost &lt; Budget
REC-3849,INVALID_CODE,Analysis of Metadata,Michael OBrown,Class of 2018,"Urbana-Champaign, University of Illinois",jdoe@illinois.edu,2021-07-22,5,-$340.00,Machine Learning,Phase 1 &amp; 2 complete
REC-3850,prj-2026-1001,Analysis of Python,Robert Johnson,2020,UC Berkeley,jdoe@illinois.edu,2020-01-15,12,"$37,713.13",Metadata,Phase 1 &amp; 2 complete
REC-3851,prj-2026-1001,Analysis of Machine Learning,Michael O'Brown,2015,Univ of Nevada Las Vegas,smith@unlv.edu,2025-12-01,19,FREE,Cataloging,Cost &lt; Budget
REC-3852,PRJ-2026-9900,Study on Metadata,Steven Miller,2015,"Urbana-Champaign, University of Illinois",duplicate.user@research.org,2020-01-15,41,FREE,Cataloging,Caf&eacute; study group
REC-3853,PRJ-26-1001,National Science Foundation Geospatial Analysis Infrastructure Project,Dr. Smith,2050,M.I.T.,smith@unlv.edu,2021-07-22,27,49942.51 USD,Metadata,Notes on &quot;UIUC&quot;
REC-3854,PRJ20261001,National Science Foundation Geospatial Analysis Infrastructure Program,Dr. Johnson,c2020,M.I.T.,contact@lab.org,2099-12-31,16,42046.27,Data Science,Na&iuml;ve Bayes test
,,,,,,,,,,Archival Studies,Sub-tag record
REC-3855,PRJ-2026-9900,Study on Cataloging,Brian Stuart,c2020,"University of Nevada, Las Vegas",a.wright@berkeley.edu,2018-11-05,13,35934.48 USD,Cataloging,Cost &lt; Budget
REC-3856,PRJ20261001,Investigation into Metadata and Modern Data Pipelines,Jane Smith,1882,UNLV,a.wright@berkeley.edu,2021-07-22,14,FREE,Metadata,Na&iuml;ve Bayes test
REC-3857,PRJ-2026-9900,Study on Metadata,Jeffrey Clarke,2005,UIUC,contact@lab.org,2021-07-22,8,16724.36,Metadata,Na&iuml;ve Bayes test
REC-3858,prj-2026-1001,Analysis of Data Science,Patricia Taylor-Garcia,2022,Massachusetts Institute of Technology,jdoe@illinois.edu,2016-03-12,22,37911.07,Metadata,Phase 1 &amp; 2 complete
REC-3859,,Analysis of GIS Mapping,Alexander Wright,c2020,U.N.L.V.,jdoe@illinois.edu,2021-07-22,47,"$161,319.98",Metadata,Na&iuml;ve Bayes test
REC-3860,PRJ-26-1001,Analysis of Archival Studies,Michael O'Brown,2021,Univ of Nevada Las Vegas,smith@unlv.edu,,36,-$286.00,Machine Learning,Notes on &quot;UIUC&quot;
REC-3861,PRJ-26-1001,Study on Data Science,Jeffrey Clarke,Class of 2018,UC Berkeley,a.wright@berkeley.edu,2025-12-01,14,35505.27 USD,Metadata,Phase 1 &amp; 2 complete
REC-3862,,Analysis of Data Science,Johnathan Doee,N/A,"Berkeley, University of California",jdoe@illinois.edu,1900-01-01,35,139209.37 USD,GIS Mapping,Na&iuml;ve Bayes test
REC-3863,INVALID_CODE,Proj A,Dr. Jane Mary Smith,1882,Univ of Nevada Las Vegas,r.johnson@mit.edu,2025-12-01,27,FREE,Data Science,Phase 1 &amp; 2 complete
REC-3864,PRJ-26-1001,Analysis of Python,Patricia Taylor-Garcia,2021,Univ of Nevada Las Vegas,jdoe@illinois.edu,2025-12-01,22,FREE,Bioinformatics,Caf&eacute; study group
REC-3865,INVALID_CODE,Proj A,m. davis,Class of 2018,UC Berkeley,r.johnson@mit.edu,2023-09-30,15,41593.31,GIS Mapping,Caf&eacute; study group
REC-3866,PRJ-2026-8819,Comprehensive Digital Humanities Data Archival Research Project Phase 2,Dr. Doe,N/A,University of Illinois at Urbana-Champaign,smith@unlv.edu,1900-01-01,17,"$40,716.95",Cataloging,Phase 1 &amp; 2 complete
REC-3867,PRJ-2026-4052,Proj A,Smith,1998,Univ of Nevada Las Vegas,jdoe@illinois.edu,2025-12-01,44,-$477.00,Machine Learning,Caf&eacute; study group
REC-3868,PRJ20261001,Analysis of Metadata,Michael O'Brown,Class of 2018,Massachusetts Institute of Technology,r.johnson@mit.edu,,31,106998.89 USD,Metadata,Caf&eacute; study group
REC-3869,PRJ-2026-4052,Investigation into Data Science and Modern Data Pipelines,Jane Smith,Pending,University of Illinois at Urbana-Champaign,jdoe@illinois.edu,2016-03-12,21,"$64,493.82",GIS Mapping,Phase 1 &amp; 2 complete
REC-3870,PRJ-2026-1001,Analysis of Ethics,Johnathan Doee,'15,M.I.T.,jdoe@illinois.edu,2023-09-30,6,"$20,842.09",Cataloging,Cost &lt; Budget
REC-3871,PRJ-2026-9900,Study on GIS Mapping,Christina Taylor,2005,UC Berkeley,r.johnson@mit.edu,2016-03-12,19,"$33,379.12",GIS Mapping,Caf&eacute; study group
,,,,,,,,,,Cataloging,Sub-tag record
REC-3872,,Study on Python,Jane Smith,1998,University of Illinois at Urbana-Champaign,contact@lab.org,2099-12-31,27,74135.75 USD,Python,Na&iuml;ve Bayes test
REC-3873,INVALID_CODE,Study on Ethics,Jeffrey Clarke,2012.0,"University of Nevada, Las Vegas",r.johnson@mit.edu,2016-03-12,20,73162.61 USD,Metadata,Na&iuml;ve Bayes test
REC-3874,PRJ-2026-4052,Study on Ethics,Geoffrey Clark,2021,Massachusetts Institute of Technology,r.johnson@mit.edu,2018-11-05,30,60674.94 USD,GIS Mapping,Phase 1 &amp; 2 complete
REC-3875,PRJ-26-1001,Analysis of GIS Mapping,Patricia Taylor-Garcia,2018,Univ of Illinois Urbana Champaign,a.wright@berkeley.edu,2016-03-12,34,70051.04,Machine Learning,Cost &lt; Budget
REC-3876,PRJ-2026-8819,Study on Machine Learning,Kathryn Write,2022,UIUC,duplicate.user@research.org,2025-12-01,22,FREE,Data Science,Phase 1 &amp; 2 complete
REC-3877,PRJ-2026-1001,Proj A,Smith,2012,UNLV,a.wright@berkeley.edu,2018-11-05,40,-$394.00,Machine Learning,Phase 1 &amp; 2 complete
REC-3878,PRJ20261001,Study on Data Science,Christina Taylor,,University of Illinois at Urbana-Champaign,contact@lab.org,2018-11-05,47,FREE,Archival Studies,Na&iuml;ve Bayes test
REC-3879,prj-2026-1001,Comprehensive Digital Humanities Data Archival Research Initiative Phase 1,Dr. Smith,Class of 2018,UC Berkeley,r.johnson@mit.edu,2021-07-22,5,9729.74 USD,Metadata,Cost &lt; Budget
REC-3880,,Investigation into Ethics and Modern Data Pipelines,Jane Smith,c2020,Cal Berkeley,r.johnson@mit.edu,2018-11-05,7,FREE,Metadata,Phase 1 &amp; 2 complete
REC-3881,,Proj A,Jane Smith,N/A,University of Illinois at Urbana-Champaign,a.wright@berkeley.edu,2021-07-22,35,59498.18 USD,Metadata,Caf&eacute; study group
,,,,,,,,,,GIS Mapping,Sub-tag record
,,,,,,,,,,Data Science,Sub-tag record
,,,,,,,,,,Archival Studies,Sub-tag record
REC-3882,PRJ-2026-8819,Analysis of Cataloging,Patricia Taylor Garcia,2021,Urbana Champaign University of Illinois,a.wright@berkeley.edu,2016-03-12,18,69738.47 USD,Bioinformatics,Na&iuml;ve Bayes test
REC-3883,INVALID_CODE,Analysis of Metadata,Johnathan Doee,c. 2005,UC Berkeley,smith@unlv.edu,1900-01-01,38,161450.05 USD,Bioinformatics,Phase 1 &amp; 2 complete
REC-3884,PRJ-2026-9900,Study on Data Science,Jane Smith,Class of 2018,"Berkeley, University of California",duplicate.user@research.org,2016-03-12,44,154652.44 USD,Archival Studies,Na&iuml;ve Bayes test
REC-3885,PRJ-2026-9900,Analysis of Ethics,Robert Jhnson,2012,"Technology, Massachusetts Institute of",smith@unlv.edu,2025-12-01,47,127520.78 USD,Python,Phase 1 &amp; 2 complete
REC-3886,PRJ-2026-1001,National Science Foundation Geospatial Analysis Infrastructure Project,Dr. Smith,2018,University of Illinois at Urbana-Champaign,jdoe@illinois.edu,,43,144724.86,Ethics,Notes on &quot;UIUC&quot;
,,,,,,,,,,Data Science,Sub-tag record
,,,,,,,,,,Metadata,Sub-tag record
,,,,,,,,,,Bioinformatics,Sub-tag record
REC-3887,PRJ-2026-8819,Proj A,Dr. Jane Mary Smith,2050,UC Berkeley,jdoe@illinois.edu,2023-09-30,28,"$46,046.47",Data Science,Notes on &quot;UIUC&quot;
REC-3888,,Proj A,m. davis,2021,"University of California, Berkeley",r.johnson@mit.edu,2021-07-22,19,FREE,Machine Learning,Caf&eacute; study group
REC-3889,PRJ-26-1001,Proj A,m. davis,Unknown,Univ of Illinois Urbana Champaign,r.johnson@mit.edu,2016-03-12,34,FREE,Machine Learning,Phase 1 &amp; 2 complete
REC-3890,,Comprehensive Digital Humanities Data Archival Research Initiative Phase 1,Dr. Brown,2005,Univ. of Illinois (UIUC),jdoe@illinois.edu,2021-07-22,15,"$65,107.26",Archival Studies,Na&iuml;ve Bayes test
REC-3891,PRJ-2026-9900,National Science Foundation Geospatial Analysis Infrastructure Program,Dr. Brown,c2020,U.N.L.V.,r.johnson@mit.edu,2025-12-01,18,40970.4 USD,Metadata,Phase 1 &amp; 2 complete
REC-3892,PRJ-2026-1001,Proj A,Smith,2018,UIUC,jdoe@illinois.edu,2021-07-22,3,FREE,Data Science,Caf&eacute; study group
REC-3893,PRJ-2026-1001,Analysis of Machine Learning,Michael OBrown,2015,Massachusetts Institute of Technology,contact@lab.org,2099-12-31,36,111755.01,Bioinformatics,Cost &lt; Budget
REC-3894,PRJ-2026-1001,Investigation into Data Science and Modern Data Pipelines,Smith,Class of 2018,Massachusetts Institute of Technology,contact@lab.org,2023-09-30,21,78425.94 USD,Bioinformatics,Notes on &quot;UIUC&quot;
REC-3895,PRJ-26-1001,Analysis of Archival Studies,Michael O'Brown,2022,MIT,jdoe@illinois.edu,2023-09-30,27,FREE,GIS Mapping,Phase 1 &amp; 2 complete
REC-3896,,Proj A,Dr. Jane Mary Smith,,university of illinois at urbana-champaign,a.wright@berkeley.edu,,42,FREE,Archival Studies,Caf&eacute; study group
REC-3897,PRJ-2026-9900,Comprehensive Digital Humanities Data Archival Research Project Phase 2,Dr. Johnson,2020,Cal Berkeley,smith@unlv.edu,,29,50830.5,Cataloging,Cost &lt; Budget
REC-3898,PRJ-26-1001,Analysis of Bioinformatics,Robert Johnson,2018,"Urbana-Champaign, University of Illinois",a.wright@berkeley.edu,2021-07-22,31,FREE,Cataloging,Caf&eacute; study group
REC-3899,PRJ-2026-8819,National Science Foundation Geospatial Analysis Infrastructure Project,Dr. Doe,2015,University of Illinois at Urbana-Champaign,contact@lab.org,2099-12-31,24,FREE,Machine Learning,Na&iuml;ve Bayes test
REC-3900,,Comprehensive Digital Humanities Data Archival Research Project Phase 2,Dr. Smith,N/A,Univ of Illinois Urbana Champaign,jdoe@illinois.edu,1900-01-01,27,117079.55 USD,Ethics,Phase 1 &amp; 2 complete
REC-3901,,Investigation into Metadata and Modern Data Pipelines,A. PROF. WILSON,2012.0,Univ. of Illinois (UIUC),r.johnson@mit.edu,2020-01-15,24,"$54,039.09",GIS Mapping,Na&iuml;ve Bayes test
REC-3902,,Comprehensive Digital Humanities Data Archival Research Project Phase 1,Dr. Johnson,2050,"University of Nevada, Las Vegas",smith@unlv.edu,2021-07-22,27,"$89,316.53",GIS Mapping,Cost &lt; Budget
REC-3903,PRJ-2026-8819,Comprehensive Digital Humanities Data Archival Research Project Phase 1,Dr. Brown,c2020,Univ. of Illinois (UIUC),smith@unlv.edu,,25,FREE,Archival Studies,Notes on &quot;UIUC&quot;
,,,,,,,,,,Machine Learning,Sub-tag record
REC-3904,PRJ-26-1001,Study on Archival Studies,Geoffrey Clark,N/A,"University of California, Berkeley",jdoe@illinois.edu,2016-03-12,43,FREE,GIS Mapping,Na&iuml;ve Bayes test
REC-3905,PRJ-26-1001,Comprehensive Digital Humanities Data Archival Research Project Phase 2,Dr. Smith,,Cal Berkeley,r.johnson@mit.edu,2023-09-30,15,-$366.00,Archival Studies,Phase 1 &amp; 2 complete
REC-3906,PRJ-2026-9900,Comprehensive Digital Humanities Data Archival Research Initiative Phase 1,Dr. Doe,Pending,University of Illinois at Urbana-Champaign,r.johnson@mit.edu,,15,"$49,267.48",Data Science,Notes on &quot;UIUC&quot;
REC-3907,PRJ-26-1001,Investigation into Bioinformatics and Modern Data Pipelines,A. PROF. WILSON,c. 2005,MIT,jdoe@illinois.edu,2021-07-22,43,146065.37 USD,Cataloging,Cost &lt; Budget
REC-3908,PRJ20261001,Proj A,m. davis,2020,Massachusetts Institute of Technology,r.johnson@mit.edu,2023-09-30,8,FREE,Python,Phase 1 &amp; 2 complete
REC-3909,PRJ-2026-9900,Investigation into Machine Learning and Modern Data Pipelines,m. davis,2005,"University of California, Berkeley",r.johnson@mit.edu,1900-01-01,7,FREE,Python,Cost &lt; Budget
REC-3910,PRJ-2026-1001,Proj A,m. davis,2020,Massachusetts Institute of Technology,a.wright@berkeley.edu,2018-11-05,8,26291.19,Data Science,Caf&eacute; study group
,,,,,,,,,,Ethics,Sub-tag record
,,,,,,,,,,Bioinformatics,Sub-tag record
,,,,,,,,,,Python,Sub-tag record
REC-3911,PRJ-2026-8819,Analysis of Ethics,Patricia Taylor Garcia,c. 2005,Urbana Champaign University of Illinois,a.wright@berkeley.edu,2099-12-31,38,111020.95 USD,GIS Mapping,Na&iuml;ve Bayes test
REC-3912,PRJ20261001,Study on Archival Studies,Steven Miller,'15,Univ of Illinois Urbana Champaign,smith@unlv.edu,2023-09-30,37,FREE,Python,Phase 1 &amp; 2 complete
REC-3913,PRJ20261001,Proj A,Dr. Jane Mary Smith,Unknown,Massachusetts Institute of Technology,smith@unlv.edu,2025-12-01,19,29290.93,Ethics,Cost &lt; Budget
REC-3914,PRJ-2026-8819,Analysis of Python,Alexandr Wright,2012,UNLV,r.johnson@mit.edu,2020-01-15,19,53467.95,GIS Mapping,Phase 1 &amp; 2 complete
REC-3915,PRJ20261001,Proj A,m. davis,2015,Cal Berkeley,contact@lab.org,1900-01-01,31,FREE,Python,Na&iuml;ve Bayes test
REC-3916,PRJ-2026-9900,Analysis of Python,Alexandr Wright,2012,"University of California, Berkeley",r.johnson@mit.edu,2016-03-12,42,149835.11 USD,Cataloging,Notes on &quot;UIUC&quot;
REC-3917,prj-2026-1001,Comprehensive Digital Humanities Data Archival Research Initiative Phase 1,Dr. Johnson,Class of 2018,UIUC,contact@lab.org,,30,91400.55 USD,Ethics,Phase 1 &amp; 2 complete
REC-3918,PRJ20261001,Study on Bioinformatics,Bryan Stewart,Class of 2018,Urbana Champaign University of Illinois,smith@unlv.edu,2020-01-15,32,57945.56,Archival Studies,Cost &lt; Budget
REC-3919,INVALID_CODE,Analysis of Ethics,Robert Johnson,c. 2005,university of illinois at urbana-champaign,jdoe@illinois.edu,2020-01-15,16,42148.12 USD,Cataloging,Phase 1 &amp; 2 complete
REC-3920,PRJ-2026-4052,Investigation into Machine Learning and Modern Data Pipelines,Jane Smith,1998,University of Illinois at Urbana-Champaign,contact@lab.org,1900-01-01,48,FREE,Bioinformatics,Caf&eacute; study group
REC-3921,PRJ20261001,Proj A,m. davis,,university of illinois at urbana-champaign,r.johnson@mit.edu,2020-01-15,28,-$316.00,Archival Studies,Notes on &quot;UIUC&quot;
REC-3922,PRJ20261001,Study on Machine Learning,Catherine Wright,,Univ of Nevada Las Vegas,r.johnson@mit.edu,2020-01-15,26,FREE,Metadata,Cost &lt; Budget
REC-3923,PRJ-2026-9900,Study on Cataloging,Jane Smith,2020,"Las Vegas, University of Nevada",a.wright@berkeley.edu,2023-09-30,21,"$61,634.94",Python,Cost &lt; Budget
REC-3924,PRJ-26-1001,Comprehensive Digital Humanities Data Archival Research Project Phase 2,Dr. Doe,1882,university of illinois at urbana-champaign,contact@lab.org,2018-11-05,41,180557.71 USD,Bioinformatics,Caf&eacute; study group
REC-3925,prj-2026-1001,Proj A,m. davis,1998,Univ of Illinois Urbana Champaign,a.wright@berkeley.edu,2025-12-01,15,40511.15,Python,Notes on &quot;UIUC&quot;
REC-3926,PRJ-2026-1001,Study on Cataloging,Stephen Miller,2005,"University of Nevada, Las Vegas",jdoe@illinois.edu,2018-11-05,22,79075.12 USD,Machine Learning,Notes on &quot;UIUC&quot;
REC-3927,PRJ-2026-4052,National Science Foundation Geospatial Analysis Infrastructure Project,Dr. Johnson,Unknown,MIT,duplicate.user@research.org,2099-12-31,37,FREE,Cataloging,Phase 1 &amp; 2 complete
REC-3928,PRJ-2026-9900,Analysis of GIS Mapping,Johnathan Doee,c. 2005,Urbana Champaign University of Illinois,a.wright@berkeley.edu,1900-01-01,35,FREE,Bioinformatics,Caf&eacute; study group
REC-3929,PRJ-2026-4052,Analysis of GIS Mapping,Robert Johnson,'15,"Las Vegas, University of Nevada",contact@lab.org,2016-03-12,15,56321.6 USD,Cataloging,Caf&eacute; study group
REC-3930,prj-2026-1001,Analysis of Data Science,Johnathan Doee,2022,Univ of Nevada Las Vegas,contact@lab.org,2020-01-15,11,"$41,459.47",Metadata,Na&iuml;ve Bayes test
REC-3931,PRJ20261001,Comprehensive Digital Humanities Data Archival Research Initiative Phase 1,Dr. Brown,c. 2005,Urbana Champaign University of Illinois,contact@lab.org,,40,-$345.00,Machine Learning,Notes on &quot;UIUC&quot;
REC-3932,,Study on Cataloging,Stephen Miller,2022,"University of California, Berkeley",contact@lab.org,2021-07-22,41,"$169,778.94",Data Science,Na&iuml;ve Bayes test
REC-3933,PRJ-2026-1001,Comprehensive Digital Humanities Data Archival Research Initiative Phase 1,Dr. Johnson,N/A,M.I.T.,contact@lab.org,1900-01-01,18,"$29,058.58",GIS Mapping,Na&iuml;ve Bayes test
,,,,,,,,,,Bioinformatics,Sub-tag record
,,,,,,,,,,Ethics,Sub-tag record
REC-3934,INVALID_CODE,Study on Cataloging,Jane Smith,Class of 2018,Univ of Illinois Urbana Champaign,smith@unlv.edu,2016-03-12,15,"$30,859.43",Python,Cost &lt; Budget
REC-3935,PRJ-2026-4052,National Science Foundation Geospatial Analysis Infrastructure Project,Dr. Johnson,2022,Cal Berkeley,a.wright@berkeley.edu,1900-01-01,6,"$19,840.82",GIS Mapping,Na&iuml;ve Bayes test
REC-3936,PRJ-26-1001,Study on Python,Catherine Wright,2022,UC Berkeley,duplicate.user@research.org,2023-09-30,28,-$113.00,Machine Learning,Na&iuml;ve Bayes test
REC-3937,INVALID_CODE,Proj A,A. PROF. WILSON,c. 2005,university of illinois at urbana-champaign,smith@unlv.edu,2016-03-12,16,53206.36,Cataloging,Na&iuml;ve Bayes test
REC-3938,INVALID_CODE,Comprehensive Digital Humanities Data Archival Research Project Phase 2,Dr. Brown,2018,Univ. of Illinois (UIUC),duplicate.user@research.org,2016-03-12,24,"$50,505.20",Metadata,Phase 1 &amp; 2 complete
REC-3939,,Comprehensive Digital Humanities Data Archival Research Project Phase 2,Dr. Brown,1882,"Las Vegas, University of Nevada",contact@lab.org,2016-03-12,34,55407.61 USD,Python,Cost &lt; Budget
REC-3940,prj-2026-1001,Comprehensive Digital Humanities Data Archival Research Project Phase 1,Dr. Johnson,2050,Massachusetts Institute of Technology,smith@unlv.edu,2016-03-12,43,179649.7,Cataloging,Cost &lt; Budget
REC-3941,PRJ-2026-4052,National Science Foundation Geospatial Analysis Infrastructure Project,Dr. Doe,2015,Univ of Illinois Urbana Champaign,contact@lab.org,1900-01-01,46,72664.61,Ethics,Caf&eacute; study group
REC-3942,prj-2026-1001,National Science Foundation Geospatial Analysis Infrastructure Project,Dr. Brown,Class of 2018,"Urbana-Champaign, University of Illinois",smith@unlv.edu,2020-01-15,60,-$446.00,Metadata,Na&iuml;ve Bayes test
REC-3943,PRJ-2026-1001,National Science Foundation Geospatial Analysis Infrastructure Program,Dr. Johnson,1998,"University of California, Berkeley",contact@lab.org,2021-07-22,31,"$90,348.80",Python,Caf&eacute; study group
REC-3944,PRJ20261001,Investigation into GIS Mapping and Modern Data Pipelines,A. PROF. WILSON,2018,Urbana Champaign University of Illinois,contact@lab.org,,19,-$278.00,Machine Learning,Phase 1 &amp; 2 complete
REC-3945,INVALID_CODE,Comprehensive Digital Humanities Data Archival Research Initiative Phase 1,Dr. Smith,2020,"Urbana-Champaign, University of Illinois",smith@unlv.edu,2018-11-05,3,4834.84,Python,Caf&eacute; study group
REC-3946,PRJ-2026-1001,Comprehensive Digital Humanities Data Archival Research Project Phase 2,Dr. Smith,Class of 2018,Urbana Champaign University of Illinois,jdoe@illinois.edu,2023-09-30,23,-$297.00,Python,Cost &lt; Budget
REC-3947,,Investigation into GIS Mapping and Modern Data Pipelines,Smith,2022,Univ of Illinois Urbana Champaign,contact@lab.org,2099-12-31,6,FREE,Metadata,Phase 1 &amp; 2 complete
REC-3948,,National Science Foundation Geospatial Analysis Infrastructure Program,Dr. Smith,2021,"Technology, Massachusetts Institute of",r.johnson@mit.edu,2021-07-22,48,77440.9 USD,Metadata,Notes on &quot;UIUC&quot;
REC-3949,prj-2026-1001,Proj A,Smith,N/A,Massachusetts Institute of Technology,contact@lab.org,,43,"$72,284.87",Cataloging,Phase 1 &amp; 2 complete
,,,,,,,,,,Ethics,Sub-tag record
,,,,,,,,,,Python,Sub-tag record
,,,,,,,,,,Data Science,Sub-tag record
REC-3950,PRJ20261001,Study on Bioinformatics,Kathryn Write,2012.0,UNLV,a.wright@berkeley.edu,2021-07-22,44,FREE,GIS Mapping,Notes on &quot;UIUC&quot;
REC-3951,PRJ-2026-1001,Study on GIS Mapping,Jeffrey Clarke,2005,Massachusetts Institute of Technology,contact@lab.org,2099-12-31,44,FREE,Data Science,Cost &lt; Budget
REC-3952,INVALID_CODE,Comprehensive Digital Humanities Data Archival Research Project Phase 1,Dr. Johnson,Class of 2018,Cal Berkeley,jdoe@illinois.edu,,24,104588.98 USD,Data Science,Notes on &quot;UIUC&quot;
REC-3953,PRJ-2026-4052,Investigation into Archival Studies and Modern Data Pipelines,Jane Smith,2018,Univ of Illinois Urbana Champaign,r.johnson@mit.edu,2025-12-01,39,"$118,045.36",Python,Caf&eacute; study group
REC-3954,PRJ-2026-9900,Study on Python,Brian Stuart,2005,U.N.L.V.,r.johnson@mit.edu,2025-12-01,33,-$256.00,Ethics,Notes on &quot;UIUC&quot;
REC-3955,PRJ-2026-4052,Proj A,Jane Smith,2015,UIUC,contact@lab.org,2099-12-31,9,FREE,Metadata,Notes on &quot;UIUC&quot;
REC-3956,PRJ-2026-4052,Study on Archival Studies,Geoffrey Clark,2021,"University of California, Berkeley",smith@unlv.edu,2023-09-30,27,51612.07,Cataloging,Cost &lt; Budget
REC-3957,PRJ-2026-4052,Study on Machine Learning,Steven Miller,2015,"University of Nevada, Las Vegas",duplicate.user@research.org,2021-07-22,22,FREE,Cataloging,Phase 1 &amp; 2 complete
REC-3958,PRJ-2026-8819,Proj A,m. davis,c. 2005,U.N.L.V.,contact@lab.org,2020-01-15,4,FREE,GIS Mapping,Caf&eacute; study group
REC-3959,INVALID_CODE,Investigation into Archival Studies and Modern Data Pipelines,m. davis,2012.0,UIUC,contact@lab.org,2023-09-30,25,38656.32 USD,GIS Mapping,Phase 1 &amp; 2 complete
REC-3960,,Investigation into Metadata and Modern Data Pipelines,m. davis,1998,Massachusetts Institute of Technology,a.wright@berkeley.edu,2016-03-12,9,30130.82,Data Science,Phase 1 &amp; 2 complete
REC-3961,PRJ-2026-1001,Comprehensive Digital Humanities Data Archival Research Project Phase 2,Dr. Doe,2021,"Urbana-Champaign, University of Illinois",a.wright@berkeley.edu,2023-09-30,47,-$471.00,Metadata,Notes on &quot;UIUC&quot;
REC-3962,INVALID_CODE,Analysis of GIS Mapping,Alexandr Wright,1998,"University of Nevada, Las Vegas",jdoe@illinois.edu,1900-01-01,33,79932.84,Bioinformatics,Na&iuml;ve Bayes test
REC-3963,PRJ-26-1001,Proj A,Smith,,Univ of Illinois Urbana Champaign,contact@lab.org,2018-11-05,34,106605.57 USD,Data Science,Phase 1 &amp; 2 complete
REC-3964,INVALID_CODE,Analysis of Python,Robert Jhnson,c2020,"University of California, Berkeley",duplicate.user@research.org,2023-09-30,14,51403.89,Ethics,Notes on &quot;UIUC&quot;
REC-3965,PRJ20261001,National Science Foundation Geospatial Analysis Infrastructure Project,Dr. Brown,Pending,Urbana Champaign University of Illinois,r.johnson@mit.edu,,4,"$12,229.92",Archival Studies,Caf&eacute; study group
REC-3966,PRJ-2026-1001,Study on Archival Studies,Jane Smith,Class of 2018,"University of California, Berkeley",r.johnson@mit.edu,2016-03-12,19,-$230.00,GIS Mapping,Notes on &quot;UIUC&quot;
REC-3967,prj-2026-1001,Analysis of Cataloging,Robert Johnson,c2020,Massachusetts Institute of Technology,jdoe@illinois.edu,2023-09-30,32,-$368.00,Ethics,Na&iuml;ve Bayes test
,,,,,,,,,,Metadata,Sub-tag record
REC-3968,PRJ20261001,Investigation into Cataloging and Modern Data Pipelines,m. davis,Pending,MIT,a.wright@berkeley.edu,,11,FREE,Cataloging,Cost &lt; Budget
REC-3969,prj-2026-1001,Study on Ethics,Christina Taylor,c. 2005,Univ of Illinois Urbana Champaign,r.johnson@mit.edu,2018-11-05,20,67672.19,Archival Studies,Notes on &quot;UIUC&quot;
REC-3970,PRJ-26-1001,Proj A,Smith,Pending,M.I.T.,r.johnson@mit.edu,2025-12-01,4,FREE,GIS Mapping,Notes on &quot;UIUC&quot;
REC-3971,,Study on Python,Steven Miller,2005,UC Berkeley,smith@unlv.edu,2025-12-01,11,25024.98,Metadata,Caf&eacute; study group
REC-3972,INVALID_CODE,National Science Foundation Geospatial Analysis Infrastructure Program,Dr. Smith,'15,M.I.T.,r.johnson@mit.edu,2025-12-01,28,FREE,GIS Mapping,Notes on &quot;UIUC&quot;
REC-3973,PRJ-2026-8819,Analysis of Ethics,Robert Jhnson,2022,Univ. of Illinois (UIUC),duplicate.user@research.org,2016-03-12,29,-$307.00,Bioinformatics,Cost &lt; Budget
,,,,,,,,,,Python,Sub-tag record
REC-3974,INVALID_CODE,Analysis of Machine Learning,Johnathan Doe,,Univ of Nevada Las Vegas,jdoe@illinois.edu,2099-12-31,26,-$222.00,Machine Learning,Notes on &quot;UIUC&quot;
REC-3975,INVALID_CODE,National Science Foundation Geospatial Analysis Infrastructure Project,Dr. Brown,2005,Urbana Champaign University of Illinois,jdoe@illinois.edu,2025-12-01,39,"$103,927.33",Python,Phase 1 &amp; 2 complete
REC-3976,prj-2026-1001,Comprehensive Digital Humanities Data Archival Research Initiative Phase 1,Dr. Johnson,1998,Univ. of Illinois (UIUC),contact@lab.org,2018-11-05,4,FREE,Bioinformatics,Phase 1 &amp; 2 complete
,,,,,,,,,,Archival Studies,Sub-tag record
,,,,,,,,,,Cataloging,Sub-tag record
,,,,,,,,,,Python,Sub-tag record
REC-3977,PRJ-26-1001,Study on Bioinformatics,Jeffrey Clarke,2012,Univ. of Illinois (UIUC),jdoe@illinois.edu,2018-11-05,41,-$191.00,Bioinformatics,Caf&eacute; study group
REC-3978,prj-2026-1001,Study on Python,Geoffrey Clark,2020,"University of Nevada, Las Vegas",smith@unlv.edu,2020-01-15,5,FREE,Data Science,Notes on &quot;UIUC&quot;
,,,,,,,,,,Archival Studies,Sub-tag record
,,,,,,,,,,Cataloging,Sub-tag record
,,,,,,,,,,Machine Learning,Sub-tag record
REC-3979,PRJ-2026-9900,Analysis of GIS Mapping,Michael O'Brown,c. 2005,Cal Berkeley,contact@lab.org,1900-01-01,13,40588.75 USD,Bioinformatics,Caf&eacute; study group
,,,,,,,,,,Archival Studies,Sub-tag record
,,,,,,,,,,Python,Sub-tag record
REC-3980,PRJ-2026-1001,Proj A,Jane Smith,2021,Univ of Illinois Urbana Champaign,smith@unlv.edu,2025-12-01,40,FREE,Python,Notes on &quot;UIUC&quot;
REC-3981,PRJ-2026-1001,Analysis of Archival Studies,Michael OBrown,2018,UNLV,contact@lab.org,1900-01-01,19,-$304.00,Bioinformatics,Notes on &quot;UIUC&quot;
REC-3982,PRJ-26-1001,Study on Metadata,Geoffrey Clark,2021,"Technology, Massachusetts Institute of",r.johnson@mit.edu,2023-09-30,18,-$392.00,Metadata,Notes on &quot;UIUC&quot;
REC-3983,PRJ-2026-4052,Study on Machine Learning,Geoffrey Clark,2018,Massachusetts Institute of Technology,a.wright@berkeley.edu,2016-03-12,30,104579.64,Machine Learning,Notes on &quot;UIUC&quot;
REC-3984,PRJ20261001,Study on Archival Studies,Jeffrey Clarke,2005,"Urbana-Champaign, University of Illinois",a.wright@berkeley.edu,2016-03-12,1,FREE,Archival Studies,Cost &lt; Budget
REC-3985,,Analysis of GIS Mapping,Patricia Taylor Garcia,c2020,UNLV,duplicate.user@research.org,2025-12-01,40,63764.54 USD,Bioinformatics,Phase 1 &amp; 2 complete
REC-3986,PRJ20261001,Analysis of Bioinformatics,Michael O'Brown,2020,M.I.T.,jdoe@illinois.edu,,25,FREE,Metadata,Cost &lt; Budget
REC-3987,PRJ-2026-8819,Study on Metadata,Catherine Wright,2022,Univ. of Illinois (UIUC),contact@lab.org,2025-12-01,7,22091.14,Archival Studies,Notes on &quot;UIUC&quot;
REC-3988,PRJ-26-1001,Investigation into Archival Studies and Modern Data Pipelines,Smith,Unknown,U.N.L.V.,r.johnson@mit.edu,,18,"$50,543.86",Ethics,Na&iuml;ve Bayes test
REC-3989,PRJ20261001,Analysis of GIS Mapping,Michael O'Brown,,"Urbana-Champaign, University of Illinois",smith@unlv.edu,,43,-$193.00,Bioinformatics,Notes on &quot;UIUC&quot;
REC-3990,INVALID_CODE,Proj A,m. davis,2015,"Berkeley, University of California",r.johnson@mit.edu,2025-12-01,6,FREE,Python,Notes on &quot;UIUC&quot;
REC-3991,PRJ-2026-8819,Study on Bioinformatics,Brian Stuart,Class of 2018,University of Illinois at Urbana-Champaign,jdoe@illinois.edu,,17,"$48,582.80",Machine Learning,Phase 1 &amp; 2 complete
REC-3992,PRJ-2026-8819,Analysis of Metadata,Robert Jhnson,2050,M.I.T.,smith@unlv.edu,1900-01-01,39,FREE,Bioinformatics,Na&iuml;ve Bayes test
REC-3993,PRJ-2026-9900,Analysis of Cataloging,Alexandr Wright,2050,Massachusetts Institute of Technology,contact@lab.org,2020-01-15,33,-$143.00,Python,Cost &lt; Budget
REC-3994,,Study on Bioinformatics,Christina Taylor,,university of illinois at urbana-champaign,duplicate.user@research.org,2016-03-12,6,-$206.00,Metadata,Na&iuml;ve Bayes test
REC-3995,prj-2026-1001,Investigation into GIS Mapping and Modern Data Pipelines,Jane Smith,2022,UNLV,r.johnson@mit.edu,2020-01-15,11,39253.66 USD,Metadata,Caf&eacute; study group
REC-3996,INVALID_CODE,Study on Cataloging,Geoffrey Clark,c. 2005,Univ. of Illinois (UIUC),jdoe@illinois.edu,2021-07-22,31,"$70,085.02",Bioinformatics,Notes on &quot;UIUC&quot;
REC-3997,PRJ-26-1001,National Science Foundation Geospatial Analysis Infrastructure Program,Dr. Smith,1882,University of Illinois at Urbana-Champaign,r.johnson@mit.edu,2018-11-05,30,"$83,348.58",Python,Notes on &quot;UIUC&quot;
REC-3998,PRJ-2026-4052,Investigation into Metadata and Modern Data Pipelines,Dr. Jane Mary Smith,'15,Massachusetts Institute of Technology,a.wright@berkeley.edu,2018-11-05,11,38225.71 USD,Machine Learning,Na&iuml;ve Bayes test
REC-3999,PRJ-2026-9900,Study on Bioinformatics,Brian Stuart,2012.0,UNLV,a.wright@berkeley.edu,1900-01-01,35,"$88,223.06",Archival Studies,Na&iuml;ve Bayes test
REC-4000,PRJ20261001,Proj A,Dr. Jane Mary Smith,c2020,Cal Berkeley,a.wright@berkeley.edu,1900-01-01,11,23011.28,Python,Phase 1 &amp; 2 complete
REC-4001,PRJ-2026-8819,Study on Data Science,Jeffrey Clarke,1998,Univ of Nevada Las Vegas,r.johnson@mit.edu,2023-09-30,29,FREE,Archival Studies,Na&iuml;ve Bayes test
REC-4002,prj-2026-1001,Proj A,Dr. Jane Mary Smith,2022,UIUC,smith@unlv.edu,2020-01-15,40,FREE,Machine Learning,Phase 1 &amp; 2 complete
REC-4003,PRJ-2026-8819,Study on Cataloging,Steven Miller,Pending,Univ of Illinois Urbana Champaign,jdoe@illinois.edu,2025-12-01,38,-$476.00,Metadata,Na&iuml;ve Bayes test
REC-4004,PRJ-2026-4052,Investigation into Data Science and Modern Data Pipelines,Smith,1998,UNLV,r.johnson@mit.edu,2021-07-22,15,66811.66,Machine Learning,Cost &lt; Budget
REC-4005,PRJ20261001,Investigation into Machine Learning and Modern Data Pipelines,Smith,1998,"University of Nevada, Las Vegas",r.johnson@mit.edu,2018-11-05,16,-$185.00,Machine Learning,Cost &lt; Budget
REC-4006,PRJ-2026-8819,Proj A,m. davis,2018,Univ. of Illinois (UIUC),contact@lab.org,2023-09-30,47,-$255.00,Machine Learning,Cost &lt; Budget
REC-4007,PRJ-2026-9900,Proj A,A. PROF. WILSON,2005,"Technology, Massachusetts Institute of",r.johnson@mit.edu,2018-11-05,29,FREE,Ethics,Cost &lt; Budget
REC-4008,INVALID_CODE,Investigation into Cataloging and Modern Data Pipelines,Smith,'15,MIT,jdoe@illinois.edu,2018-11-05,23,FREE,Data Science,Caf&eacute; study group
REC-4009,PRJ20261001,Investigation into Bioinformatics and Modern Data Pipelines,Jane Smith,2022,university of illinois at urbana-champaign,r.johnson@mit.edu,2016-03-12,26,"$114,134.32",Archival Studies,Caf&eacute; study group
REC-4010,INVALID_CODE,National Science Foundation Geospatial Analysis Infrastructure Program,Dr. Smith,Pending,Cal Berkeley,contact@lab.org,2099-12-31,20,35344.37 USD,Cataloging,Notes on &quot;UIUC&quot;
REC-4011,PRJ-26-1001,Study on Machine Learning,Bryan Stewart,Pending,Massachusetts Institute of Technology,a.wright@berkeley.edu,,34,"$149,386.26",Machine Learning,Caf&eacute; study group
REC-4012,prj-2026-1001,Analysis of Machine Learning,Patricia Taylor Garcia,c. 2005,MIT,jdoe@illinois.edu,1900-01-01,21,-$475.00,GIS Mapping,Phase 1 &amp; 2 complete
REC-4013,PRJ-26-1001,Study on Archival Studies,Stephen Miller,c2020,Univ. of Illinois (UIUC),r.johnson@mit.edu,2099-12-31,43,71906.7,Metadata,Caf&eacute; study group
REC-4014,PRJ-2026-9900,National Science Foundation Geospatial Analysis Infrastructure Project,Dr. Smith,c2020,U.N.L.V.,jdoe@illinois.edu,,13,-$195.00,Cataloging,Cost &lt; Budget
REC-4015,PRJ-2026-9900,Analysis of Bioinformatics,Alexander Wright,,M.I.T.,r.johnson@mit.edu,2025-12-01,45,-$155.00,Archival Studies,Na&iuml;ve Bayes test
REC-4016,PRJ-2026-8819,Investigation into Cataloging and Modern Data Pipelines,m. davis,c2020,"University of California, Berkeley",contact@lab.org,2020-01-15,47,FREE,Bioinformatics,Cost &lt; Budget
REC-4017,INVALID_CODE,Analysis of Ethics,Robert Jhnson,2021,M.I.T.,jdoe@illinois.edu,2025-12-01,24,78981.76,Cataloging,Notes on &quot;UIUC&quot;
REC-4018,,Comprehensive Digital Humanities Data Archival Research Project Phase 1,Dr. Johnson,2050,"Technology, Massachusetts Institute of",r.johnson@mit.edu,2020-01-15,29,"$63,986.05",Archival Studies,Na&iuml;ve Bayes test
REC-4019,prj-2026-1001,Analysis of GIS Mapping,Alexandr Wright,Pending,Univ of Illinois Urbana Champaign,contact@lab.org,2021-07-22,39,140963.2,Machine Learning,Phase 1 &amp; 2 complete
REC-4020,PRJ-2026-8819,Comprehensive Digital Humanities Data Archival Research Initiative Phase 1,Dr. Johnson,2050,"Urbana-Champaign, University of Illinois",a.wright@berkeley.edu,2023-09-30,26,"$77,580.64",Python,Notes on &quot;UIUC&quot;
REC-4021,INVALID_CODE,Analysis of Archival Studies,Robert Johnson,1998,University of Illinois at Urbana-Champaign,a.wright@berkeley.edu,1900-01-01,31,119909.9 USD,Archival Studies,Notes on &quot;UIUC&quot;
REC-4022,PRJ-2026-4052,Comprehensive Digital Humanities Data Archival Research Project Phase 1,Dr. Smith,2015,UC Berkeley,r.johnson@mit.edu,2023-09-30,17,39805.0 USD,Data Science,Phase 1 &amp; 2 complete
REC-4023,PRJ-2026-8819,Comprehensive Digital Humanities Data Archival Research Project Phase 1,Dr. Smith,2018,M.I.T.,contact@lab.org,2020-01-15,23,FREE,Data Science,Phase 1 &amp; 2 complete
REC-4024,PRJ20261001,Analysis of Data Science,Alexander Wright,2020,university of illinois at urbana-champaign,r.johnson@mit.edu,2020-01-15,48,122030.68,Cataloging,Na&iuml;ve Bayes test
REC-4025,PRJ-26-1001,Proj A,A. PROF. WILSON,Unknown,Univ of Nevada Las Vegas,r.johnson@mit.edu,1900-01-01,11,FREE,Cataloging,Na&iuml;ve Bayes test
REC-4026,prj-2026-1001,Comprehensive Digital Humanities Data Archival Research Initiative Phase 1,Dr. Brown,2050,university of illinois at urbana-champaign,smith@unlv.edu,,38,"$72,718.05",Machine Learning,Notes on &quot;UIUC&quot;
REC-4027,PRJ-26-1001,Investigation into Bioinformatics and Modern Data Pipelines,Smith,2050,Univ of Nevada Las Vegas,duplicate.user@research.org,2021-07-22,10,43955.72 USD,Cataloging,Cost &lt; Budget
REC-4028,PRJ-2026-4052,Analysis of Cataloging,Patricia Taylor-Garcia,Pending,"Urbana-Champaign, University of Illinois",smith@unlv.edu,,27,94813.61 USD,Metadata,Notes on &quot;UIUC&quot;
REC-4029,PRJ-2026-1001,Analysis of Bioinformatics,Johnathan Doe,,MIT,jdoe@illinois.edu,,18,-$223.00,Archival Studies,Phase 1 &amp; 2 complete
REC-4030,INVALID_CODE,Study on Python,Kristina Tailor,c. 2005,MIT,r.johnson@mit.edu,2023-09-30,7,FREE,Archival Studies,Cost &lt; Budget
REC-4031,PRJ-2026-9900,Analysis of Bioinformatics,Alexandr Wright,'15,UIUC,smith@unlv.edu,,12,"$20,072.90",Python,Cost &lt; Budget
REC-4032,PRJ-26-1001,Study on Data Science,Jeffrey Clarke,2015,Cal Berkeley,contact@lab.org,2099-12-31,27,-$274.00,Machine Learning,Notes on &quot;UIUC&quot;
REC-4033,PRJ-2026-8819,Study on Archival Studies,Catherine Wright,2012,"University of Nevada, Las Vegas",contact@lab.org,2099-12-31,23,91082.54,Data Science,Caf&eacute; study group
REC-4034,,Analysis of Bioinformatics,Patricia Taylor-Garcia,2050,"University of California, Berkeley",smith@unlv.edu,2025-12-01,24,"$89,213.67",Machine Learning,Na&iuml;ve Bayes test
,,,,,,,,,,Python,Sub-tag record
,,,,,,,,,,Archival Studies,Sub-tag record
,,,,,,,,,,Metadata,Sub-tag record
REC-4035,PRJ20261001,National Science Foundation Geospatial Analysis Infrastructure Project,Dr. Johnson,Unknown,"Las Vegas, University of Nevada",jdoe@illinois.edu,2023-09-30,47,147960.79 USD,Metadata,Phase 1 &amp; 2 complete
,,,,,,,,,,Ethics,Sub-tag record
REC-4036,,Study on Archival Studies,Christina Taylor,2018,UNLV,r.johnson@mit.edu,2021-07-22,16,32445.43,Data Science,Na&iuml;ve Bayes test
REC-4037,PRJ20261001,Analysis of Machine Learning,Robert Jhnson,2022,"Urbana-Champaign, University of Illinois",contact@lab.org,2020-01-15,31,76886.08,Machine Learning,Na&iuml;ve Bayes test
REC-4038,PRJ-2026-9900,Analysis of Data Science,Robert Jhnson,Unknown,"Urbana-Champaign, University of Illinois",a.wright@berkeley.edu,2021-07-22,13,33109.07 USD,Bioinformatics,Phase 1 &amp; 2 complete
REC-4039,PRJ-2026-9900,Analysis of Archival Studies,Johnathan Doe,N/A,"Las Vegas, University of Nevada",smith@unlv.edu,2023-09-30,48,FREE,Python,Cost &lt; Budget
REC-4040,PRJ-26-1001,Proj A,Dr. Jane Mary Smith,2050,university of illinois at urbana-champaign,contact@lab.org,2016-03-12,39,94061.62,Archival Studies,Na&iuml;ve Bayes test
,,,,,,,,,,Python,Sub-tag record
,,,,,,,,,,Machine Learning,Sub-tag record
REC-4041,prj-2026-1001,Investigation into Cataloging and Modern Data Pipelines,m. davis,2005,"Berkeley, University of California",a.wright@berkeley.edu,,22,98679.43 USD,Python,Cost &lt; Budget
REC-4042,PRJ-26-1001,National Science Foundation Geospatial Analysis Infrastructure Program,Dr. Brown,c. 2005,University of Illinois at Urbana-Champaign,a.wright@berkeley.edu,2016-03-12,40,109626.98,Machine Learning,Caf&eacute; study group
REC-4043,INVALID_CODE,Study on Data Science,Geoffrey Clark,2022,UNLV,r.johnson@mit.edu,,60,100.0 USD,Archival Studies,Caf&eacute; study group
REC-4044,PRJ-2026-1001,National Science Foundation Geospatial Analysis Infrastructure Project,Dr. Smith,'15,"Urbana-Champaign, University of Illinois",a.wright@berkeley.edu,1900-01-01,14,"$42,190.29",Machine Learning,Notes on &quot;UIUC&quot;
REC-4045,PRJ-2026-8819,Investigation into Archival Studies and Modern Data Pipelines,Jane Smith,2005,University of Illinois at Urbana-Champaign,duplicate.user@research.org,2020-01-15,14,FREE,Metadata,Cost &lt; Budget
REC-4046,PRJ-2026-4052,National Science Foundation Geospatial Analysis Infrastructure Program,Dr. Johnson,Unknown,Univ. of Illinois (UIUC),r.johnson@mit.edu,2023-09-30,40,"$162,359.74",Machine Learning,Na&iuml;ve Bayes test
REC-4047,PRJ-26-1001,Analysis of GIS Mapping,Alexander Wright,1882,U.N.L.V.,contact@lab.org,2021-07-22,45,-$421.00,Machine Learning,Notes on &quot;UIUC&quot;
REC-4048,PRJ20261001,Proj A,A. PROF. WILSON,c. 2005,U.N.L.V.,contact@lab.org,2025-12-01,3,"$9,642.08",Archival Studies,Phase 1 &amp; 2 complete
,,,,,,,,,,GIS Mapping,Sub-tag record
REC-4049,PRJ-2026-9900,Proj A,Jane Smith,'15,university of illinois at urbana-champaign,a.wright@berkeley.edu,2021-07-22,39,"$122,005.76",Data Science,Caf&eacute; study group
REC-4050,PRJ20261001,Comprehensive Digital Humanities Data Archival Research Initiative Phase 1,Dr. Smith,c2020,UNLV,jdoe@illinois.edu,2023-09-30,48,124149.33 USD,Ethics,Phase 1 &amp; 2 complete
REC-4051,prj-2026-1001,Analysis of GIS Mapping,Patricia Taylor-Garcia,Class of 2018,U.N.L.V.,jdoe@illinois.edu,2020-01-15,21,-$195.00,Bioinformatics,Phase 1 &amp; 2 complete
REC-4052,PRJ-26-1001,National Science Foundation Geospatial Analysis Infrastructure Project,Dr. Johnson,Pending,"Urbana-Champaign, University of Illinois",smith@unlv.edu,2025-12-01,22,"$40,882.43",Cataloging,Phase 1 &amp; 2 complete
REC-4053,INVALID_CODE,Investigation into Archival Studies and Modern Data Pipelines,Dr. Jane Mary Smith,Pending,University of Illinois at Urbana-Champaign,contact@lab.org,2016-03-12,45,124708.32,Python,Caf&eacute; study group
REC-4054,PRJ-26-1001,Study on GIS Mapping,Stephen Miller,1998,"Berkeley, University of California",contact@lab.org,2025-12-01,37,163103.53 USD,Data Science,Na&iuml;ve Bayes test
REC-4055,prj-2026-1001,Proj A,A. PROF. WILSON,2021,"Technology, Massachusetts Institute of",a.wright@berkeley.edu,2016-03-12,36,123660.31 USD,Data Science,Caf&eacute; study group
REC-4056,prj-2026-1001,Study on Python,Stephen Miller,2022,university of illinois at urbana-champaign,duplicate.user@research.org,2025-12-01,27,87766.54,Archival Studies,Na&iuml;ve Bayes test
REC-4057,PRJ-2026-9900,Analysis of Cataloging,Patricia Taylor-Garcia,2012.0,"Berkeley, University of California",a.wright@berkeley.edu,2021-07-22,35,125473.97,Machine Learning,Caf&eacute; study group
REC-4058,PRJ-2026-4052,Analysis of Ethics,Alexander Wright,2015,M.I.T.,contact@lab.org,2018-11-05,17,-$266.00,Metadata,Phase 1 &amp; 2 complete
REC-4059,PRJ-2026-1001,Analysis of Cataloging,Michael OBrown,Class of 2018,UIUC,a.wright@berkeley.edu,2099-12-31,35,-$313.00,Ethics,Phase 1 &amp; 2 complete
REC-4060,,Proj A,A. PROF. WILSON,2005,Urbana Champaign University of Illinois,jdoe@illinois.edu,2020-01-15,22,51607.08,Cataloging,Notes on &quot;UIUC&quot;
REC-4061,PRJ-2026-4052,National Science Foundation Geospatial Analysis Infrastructure Project,Dr. Smith,,M.I.T.,contact@lab.org,1900-01-01,33,"$60,529.52",Metadata,Cost &lt; Budget
REC-4062,prj-2026-1001,Comprehensive Digital Humanities Data Archival Research Project Phase 1,Dr. Smith,,UIUC,smith@unlv.edu,2018-11-05,10,FREE,Machine Learning,Caf&eacute; study group
REC-4063,PRJ-2026-1001,Analysis of GIS Mapping,Robert Jhnson,Class of 2018,Urbana Champaign University of Illinois,duplicate.user@research.org,2025-12-01,24,"$86,919.08",Cataloging,Caf&eacute; study group
REC-4064,PRJ-2026-1001,Analysis of Cataloging,Patricia Taylor-Garcia,,"Technology, Massachusetts Institute of",smith@unlv.edu,2018-11-05,42,183453.28 USD,Ethics,Cost &lt; Budget
REC-4065,PRJ-2026-1001,National Science Foundation Geospatial Analysis Infrastructure Program,Dr. Johnson,2020,UIUC,a.wright@berkeley.edu,2016-03-12,35,"$66,874.88",GIS Mapping,Caf&eacute; study group
REC-4066,PRJ-2026-9900,Study on Bioinformatics,Catherine Wright,'15,"Technology, Massachusetts Institute of",r.johnson@mit.edu,1900-01-01,11,FREE,Python,Notes on &quot;UIUC&quot;
REC-4067,INVALID_CODE,Study on Machine Learning,Christina Taylor,Class of 2018,"University of Nevada, Las Vegas",contact@lab.org,,40,-$142.00,Ethics,Na&iuml;ve Bayes test
REC-4068,PRJ20261001,Comprehensive Digital Humanities Data Archival Research Initiative Phase 1,Dr. Johnson,2050,Univ of Nevada Las Vegas,contact@lab.org,2020-01-15,12,"$41,713.68",GIS Mapping,Cost &lt; Budget
REC-4069,prj-2026-1001,Comprehensive Digital Humanities Data Archival Research Project Phase 1,Dr. Doe,2012.0,MIT,contact@lab.org,2016-03-12,23,41461.49,GIS Mapping,Cost &lt; Budget
REC-4070,PRJ-2026-8819,Investigation into Archival Studies and Modern Data Pipelines,Dr. Jane Mary Smith,2020,"University of California, Berkeley",r.johnson@mit.edu,2025-12-01,35,-$441.00,GIS Mapping,Notes on &quot;UIUC&quot;
REC-4071,PRJ20261001,Proj A,Dr. Jane Mary Smith,Class of 2018,University of Illinois at Urbana-Champaign,jdoe@illinois.edu,,18,"$77,713.18",Bioinformatics,Cost &lt; Budget
REC-4072,PRJ-2026-8819,Proj A,Dr. Jane Mary Smith,1998,Cal Berkeley,a.wright@berkeley.edu,2099-12-31,19,FREE,Metadata,Phase 1 &amp; 2 complete
REC-4073,PRJ-2026-8819,Comprehensive Digital Humanities Data Archival Research Project Phase 2,Dr. Smith,1998,"University of California, Berkeley",jdoe@illinois.edu,2023-09-30,17,75207.5 USD,Data Science,Caf&eacute; study group
REC-4074,PRJ-2026-1001,Investigation into Machine Learning and Modern Data Pipelines,Dr. Jane Mary Smith,1998,U.N.L.V.,jdoe@illinois.edu,1900-01-01,41,-$385.00,Ethics,Notes on &quot;UIUC&quot;
REC-4075,,Proj A,m. davis,2005,U.N.L.V.,jdoe@illinois.edu,2025-12-01,43,123845.12,Ethics,Na&iuml;ve Bayes test
REC-4076,PRJ-2026-4052,Analysis of Metadata,Robert Johnson,,university of illinois at urbana-champaign,r.johnson@mit.edu,2016-03-12,35,-$364.00,Machine Learning,Na&iuml;ve Bayes test
REC-4077,PRJ-2026-9900,Study on GIS Mapping,Jane Smith,1882,UIUC,contact@lab.org,2023-09-30,3,FREE,Python,Notes on &quot;UIUC&quot;
REC-4078,PRJ-2026-4052,Comprehensive Digital Humanities Data Archival Research Initiative Phase 1,Dr. Doe,1998,Urbana Champaign University of Illinois,a.wright@berkeley.edu,2099-12-31,20,-$445.00,Metadata,Notes on &quot;UIUC&quot;
REC-4079,PRJ-2026-4052,Comprehensive Digital Humanities Data Archival Research Initiative Phase 1,Dr. Doe,2018,Urbana Champaign University of Illinois,contact@lab.org,2099-12-31,15,32469.76,Data Science,Notes on &quot;UIUC&quot;
REC-4080,PRJ-2026-1001,Investigation into GIS Mapping and Modern Data Pipelines,Jane Smith,,M.I.T.,contact@lab.org,2099-12-31,8,FREE,Ethics,Phase 1 &amp; 2 complete
REC-4081,,Proj A,A. PROF. WILSON,'15,Univ. of Illinois (UIUC),contact@lab.org,2020-01-15,20,-$284.00,Data Science,Caf&eacute; study group
REC-4082,PRJ20261001,Investigation into Machine Learning and Modern Data Pipelines,m. davis,1882,Univ. of Illinois (UIUC),jdoe@illinois.edu,2099-12-31,9,25008.17,Data Science,Na&iuml;ve Bayes test
REC-4083,PRJ20261001,Study on Python,Brian Stuart,'15,Univ of Nevada Las Vegas,smith@unlv.edu,2099-12-31,45,FREE,Metadata,Caf&eacute; study group
REC-4084,PRJ-2026-9900,Comprehensive Digital Humanities Data Archival Research Initiative Phase 1,Dr. Brown,2015,university of illinois at urbana-champaign,jdoe@illinois.edu,1900-01-01,25,72860.73,Archival Studies,Caf&eacute; study group
REC-4085,,Analysis of Archival Studies,Alexandr Wright,1882,university of illinois at urbana-champaign,r.johnson@mit.edu,2018-11-05,6,"$25,665.90",Machine Learning,Caf&eacute; study group
REC-4086,PRJ-2026-8819,Analysis of Archival Studies,Michael OBrown,c. 2005,Univ. of Illinois (UIUC),jdoe@illinois.edu,,16,"$69,841.46",Metadata,Phase 1 &amp; 2 complete
,,,,,,,,,,Cataloging,Sub-tag record
,,,,,,,,,,Archival Studies,Sub-tag record
REC-4087,PRJ-26-1001,Study on Archival Studies,Jeffrey Clarke,1882,"Las Vegas, University of Nevada",smith@unlv.edu,2020-01-15,23,53913.23 USD,GIS Mapping,Notes on &quot;UIUC&quot;
REC-4088,PRJ-2026-1001,Proj A,m. davis,2020,"Technology, Massachusetts Institute of",r.johnson@mit.edu,2021-07-22,25,112427.9,Cataloging,Caf&eacute; study group
REC-4089,PRJ-2026-8819,Investigation into GIS Mapping and Modern Data Pipelines,Jane Smith,Pending,"Technology, Massachusetts Institute of",smith@unlv.edu,1900-01-01,34,82021.47 USD,GIS Mapping,Caf&eacute; study group
REC-4090,PRJ-2026-1001,Comprehensive Digital Humanities Data Archival Research Project Phase 2,Dr. Johnson,'15,Univ. of Illinois (UIUC),smith@unlv.edu,2025-12-01,19,FREE,Archival Studies,Na&iuml;ve Bayes test
REC-4091,PRJ-2026-9900,Study on Archival Studies,Kathryn Write,c2020,university of illinois at urbana-champaign,duplicate.user@research.org,2023-09-30,17,29023.83 USD,Bioinformatics,Na&iuml;ve Bayes test
,,,,,,,,,,Python,Sub-tag record
,,,,,,,,,,Machine Learning,Sub-tag record
REC-4092,prj-2026-1001,Comprehensive Digital Humanities Data Archival Research Project Phase 1,Dr. Doe,c. 2005,Univ of Illinois Urbana Champaign,smith@unlv.edu,2016-03-12,46,FREE,Archival Studies,Phase 1 &amp; 2 complete
REC-4093,PRJ-26-1001,Study on Ethics,Christina Taylor,,University of Illinois at Urbana-Champaign,smith@unlv.edu,,35,FREE,Python,Cost &lt; Budget
REC-4094,prj-2026-1001,Comprehensive Digital Humanities Data Archival Research Initiative Phase 1,Dr. Brown,Pending,Cal Berkeley,a.wright@berkeley.edu,2020-01-15,13,"$44,149.83",GIS Mapping,Cost &lt; Budget
REC-4095,PRJ20261001,Analysis of Archival Studies,Robert Johnson,c2020,UNLV,contact@lab.org,,47,195966.03 USD,Bioinformatics,Cost &lt; Budget
REC-4096,PRJ-2026-1001,Proj A,Jane Smith,,"Urbana-Champaign, University of Illinois",contact@lab.org,,36,-$233.00,Machine Learning,Caf&eacute; study group
REC-4097,PRJ-2026-8819,Analysis of Bioinformatics,Michael O'Brown,2020,M.I.T.,contact@lab.org,2099-12-31,31,"$130,176.29",Metadata,Cost &lt; Budget
REC-4098,PRJ20261001,Comprehensive Digital Humanities Data Archival Research Project Phase 2,Dr. Brown,2020,UNLV,contact@lab.org,2025-12-01,16,"$63,103.15",Cataloging,Caf&eacute; study group
REC-4099,prj-2026-1001,Proj A,Smith,'15,university of illinois at urbana-champaign,a.wright@berkeley.edu,2018-11-05,13,47191.72,Cataloging,Na&iuml;ve Bayes test
,,,,,,,,,,Bioinformatics,Sub-tag record
REC-4100,PRJ-2026-8819,Proj A,Dr. Jane Mary Smith,2050,Massachusetts Institute of Technology,smith@unlv.edu,,7,30665.92 USD,Data Science,Na&iuml;ve Bayes test
,,,,,,,,,,Cataloging,Sub-tag record
REC-4101,PRJ-2026-1001,Proj A,Smith,Class of 2018,"University of California, Berkeley",a.wright@berkeley.edu,,47,FREE,Machine Learning,Caf&eacute; study group
REC-4102,PRJ-2026-1001,Investigation into Metadata and Modern Data Pipelines,A. PROF. WILSON,2005,U.N.L.V.,a.wright@berkeley.edu,2018-11-05,1,-$433.00,Archival Studies,Phase 1 &amp; 2 complete
REC-4103,PRJ-2026-9900,Comprehensive Digital Humanities Data Archival Research Project Phase 1,Dr. Smith,Pending,Cal Berkeley,contact@lab.org,2020-01-15,47,180831.93 USD,Machine Learning,Cost &lt; Budget
REC-4104,PRJ-2026-1001,Study on Ethics,Kathryn Write,2012,UNLV,jdoe@illinois.edu,2099-12-31,9,FREE,Metadata,Phase 1 &amp; 2 complete
REC-4105,PRJ-2026-4052,Study on Ethics,Stephen Miller,2018,Urbana Champaign University of Illinois,jdoe@illinois.edu,2018-11-05,27,86369.67,Machine Learning,Na&iuml;ve Bayes test
REC-4106,PRJ-2026-1001,Study on Bioinformatics,Catherine Wright,,Cal Berkeley,jdoe@illinois.edu,2018-11-05,8,13957.51 USD,Metadata,Cost &lt; Budget
REC-4107,PRJ-26-1001,Analysis of Bioinformatics,Michael OBrown,2022,Univ of Nevada Las Vegas,contact@lab.org,,31,"$60,064.41",Archival Studies,Caf&eacute; study group
REC-4108,PRJ-2026-8819,Study on GIS Mapping,Stephen Miller,c2020,"Las Vegas, University of Nevada",jdoe@illinois.edu,2023-09-30,8,FREE,GIS Mapping,Notes on &quot;UIUC&quot;
REC-4109,PRJ-2026-8819,Study on Python,Geoffrey Clark,c. 2005,Cal Berkeley,duplicate.user@research.org,2023-09-30,44,167290.31 USD,Python,Notes on &quot;UIUC&quot;
REC-4110,PRJ-2026-4052,Analysis of Archival Studies,Michael OBrown,'15,UNLV,a.wright@berkeley.edu,2021-07-22,1,"$750,000.00",Metadata,Notes on &quot;UIUC&quot;
REC-4111,prj-2026-1001,Study on Ethics,Steven Miller,Pending,"Technology, Massachusetts Institute of",a.wright@berkeley.edu,2023-09-30,14,42431.78 USD,Archival Studies,Na&iuml;ve Bayes test
REC-4112,INVALID_CODE,Analysis of GIS Mapping,Alexandr Wright,N/A,Cal Berkeley,contact@lab.org,1900-01-01,30,60717.12 USD,Bioinformatics,Caf&eacute; study group
,,,,,,,,,,GIS Mapping,Sub-tag record
REC-4113,PRJ-26-1001,Study on Archival Studies,Kristina Tailor,N/A,Univ of Illinois Urbana Champaign,contact@lab.org,2023-09-30,19,70275.79 USD,Archival Studies,Cost &lt; Budget
REC-4114,PRJ20261001,Study on Archival Studies,Stephen Miller,2012.0,Univ of Illinois Urbana Champaign,smith@unlv.edu,,14,42887.23 USD,Metadata,Na&iuml;ve Bayes test
REC-4115,prj-2026-1001,Analysis of Bioinformatics,Robert Johnson,Class of 2018,UNLV,contact@lab.org,2020-01-15,41,156264.61,GIS Mapping,Caf&eacute; study group
REC-4116,PRJ-2026-4052,Comprehensive Digital Humanities Data Archival Research Project Phase 1,Dr. Johnson,2015,Urbana Champaign University of Illinois,smith@unlv.edu,2023-09-30,23,-$250.00,Cataloging,Notes on &quot;UIUC&quot;
REC-4117,PRJ-26-1001,Analysis of Cataloging,Michael OBrown,c. 2005,"Las Vegas, University of Nevada",smith@unlv.edu,1900-01-01,13,-$406.00,Bioinformatics,Caf&eacute; study group
REC-4118,,Comprehensive Digital Humanities Data Archival Research Initiative Phase 1,Dr. Brown,2022,"Las Vegas, University of Nevada",smith@unlv.edu,2016-03-12,43,124707.67 USD,Machine Learning,Phase 1 &amp; 2 complete
,,,,,,,,,,Python,Sub-tag record
,,,,,,,,,,Archival Studies,Sub-tag record
,,,,,,,,,,Cataloging,Sub-tag record
REC-4119,,Investigation into Machine Learning and Modern Data Pipelines,Smith,2021,university of illinois at urbana-champaign,r.johnson@mit.edu,2018-11-05,16,FREE,Metadata,Caf&eacute; study group
REC-4120,PRJ-2026-4052,Study on Archival Studies,Jayne Smyth,c. 2005,Massachusetts Institute of Technology,duplicate.user@research.org,1900-01-01,31,128385.24,Metadata,Notes on &quot;UIUC&quot;
,,,,,,,,,,Machine Learning,Sub-tag record
,,,,,,,,,,Bioinformatics,Sub-tag record
REC-4121,PRJ-2026-1001,Comprehensive Digital Humanities Data Archival Research Project Phase 1,Dr. Smith,1882,Cal Berkeley,jdoe@illinois.edu,2023-09-30,5,9587.12 USD,Data Science,Cost &lt; Budget
REC-4122,,Investigation into Bioinformatics and Modern Data Pipelines,Dr. Jane Mary Smith,Pending,Univ. of Illinois (UIUC),smith@unlv.edu,2016-03-12,15,64540.77 USD,Bioinformatics,Na&iuml;ve Bayes test
REC-4123,,Analysis of Cataloging,Johnathan Doee,2018,university of illinois at urbana-champaign,smith@unlv.edu,2099-12-31,20,FREE,GIS Mapping,Phase 1 &amp; 2 complete
REC-4124,PRJ-2026-9900,Analysis of Bioinformatics,Alexandr Wright,c2020,Univ of Nevada Las Vegas,r.johnson@mit.edu,,35,"$144,068.46",GIS Mapping,Notes on &quot;UIUC&quot;
REC-4125,PRJ20261001,Analysis of Python,Alexander Wright,2018,"Las Vegas, University of Nevada",r.johnson@mit.edu,2023-09-30,40,95138.09,Ethics,Notes on &quot;UIUC&quot;
REC-4126,,Investigation into GIS Mapping and Modern Data Pipelines,Jane Smith,Pending,Cal Berkeley,contact@lab.org,2020-01-15,21,52911.62,GIS Mapping,Notes on &quot;UIUC&quot;
,,,,,,,,,,Metadata,Sub-tag record
,,,,,,,,,,Data Science,Sub-tag record
,,,,,,,,,,Bioinformatics,Sub-tag record
REC-4127,PRJ20261001,Study on Bioinformatics,Jayne Smyth,2021,Univ of Illinois Urbana Champaign,a.wright@berkeley.edu,,26,"$55,281.93",Archival Studies,Cost &lt; Budget
REC-4128,PRJ-2026-9900,Investigation into Metadata and Modern Data Pipelines,m. davis,2005,Cal Berkeley,smith@unlv.edu,2025-12-01,3,FREE,Python,Notes on &quot;UIUC&quot;
REC-4129,PRJ20261001,Analysis of Metadata,Alexandr Wright,c2020,U.N.L.V.,a.wright@berkeley.edu,2021-07-22,25,49358.86,Archival Studies,Phase 1 &amp; 2 complete
REC-4130,PRJ20261001,Study on Machine Learning,Jayne Smyth,2020,Univ of Illinois Urbana Champaign,jdoe@illinois.edu,2021-07-22,15,41006.53,Metadata,Notes on &quot;UIUC&quot;
REC-4131,PRJ20261001,Study on Bioinformatics,Jeffrey Clarke,'15,UC Berkeley,contact@lab.org,,7,-$210.00,Ethics,Caf&eacute; study group
REC-4132,PRJ20261001,Study on GIS Mapping,Jane Smith,2005,"Berkeley, University of California",smith@unlv.edu,2021-07-22,20,FREE,Bioinformatics,Na&iuml;ve Bayes test
REC-4133,,Study on Metadata,Steven Miller,N/A,"Berkeley, University of California",a.wright@berkeley.edu,2023-09-30,33,"$97,159.81",Bioinformatics,Notes on &quot;UIUC&quot;
REC-4134,PRJ-2026-4052,Investigation into Data Science and Modern Data Pipelines,Jane Smith,2018,U.N.L.V.,a.wright@berkeley.edu,2020-01-15,28,-$240.00,Bioinformatics,Na&iuml;ve Bayes test
REC-4135,,Comprehensive Digital Humanities Data Archival Research Project Phase 2,Dr. Doe,2020,Univ of Illinois Urbana Champaign,a.wright@berkeley.edu,2025-12-01,13,FREE,Data Science,Cost &lt; Budget
REC-4136,PRJ-2026-4052,Investigation into Cataloging and Modern Data Pipelines,Smith,2005,"University of Nevada, Las Vegas",r.johnson@mit.edu,,12,"$39,409.00",Python,Cost &lt; Budget
REC-4137,PRJ20261001,Proj A,Smith,2012,MIT,contact@lab.org,2018-11-05,46,113341.15,Cataloging,Cost &lt; Budget
REC-4138,prj-2026-1001,Study on GIS Mapping,Jayne Smyth,Pending,UNLV,a.wright@berkeley.edu,2018-11-05,25,-$207.00,Cataloging,Cost &lt; Budget
REC-4139,PRJ20261001,Analysis of Cataloging,Michael O'Brown,N/A,"University of Nevada, Las Vegas",r.johnson@mit.edu,2025-12-01,27,"$73,213.00",Data Science,Caf&eacute; study group
REC-4140,INVALID_CODE,Analysis of Bioinformatics,Patricia Taylor Garcia,N/A,"Technology, Massachusetts Institute of",duplicate.user@research.org,2025-12-01,26,94523.24 USD,Data Science,Phase 1 &amp; 2 complete
REC-4141,PRJ20261001,Investigation into Bioinformatics and Modern Data Pipelines,A. PROF. WILSON,1998,U.N.L.V.,r.johnson@mit.edu,2023-09-30,19,32154.35,Cataloging,Phase 1 &amp; 2 complete
,,,,,,,,,,Bioinformatics,Sub-tag record
,,,,,,,,,,GIS Mapping,Sub-tag record
REC-4142,PRJ-2026-4052,Comprehensive Digital Humanities Data Archival Research Initiative Phase 1,Dr. Doe,c2020,UC Berkeley,jdoe@illinois.edu,,60,$100.00,Cataloging,Notes on &quot;UIUC&quot;
REC-4143,PRJ-2026-9900,Study on Metadata,Brian Stuart,2020,M.I.T.,contact@lab.org,,37,-$165.00,Python,Phase 1 &amp; 2 complete
REC-4144,PRJ-2026-4052,Study on Machine Learning,Jane Smith,2012.0,MIT,jdoe@illinois.edu,,30,109151.45,Metadata,Phase 1 &amp; 2 complete
REC-4145,PRJ-2026-9900,Proj A,Jane Smith,2022,UNLV,contact@lab.org,2020-01-15,28,115273.47,Machine Learning,Na&iuml;ve Bayes test
REC-4146,prj-2026-1001,Proj A,m. davis,2020,Urbana Champaign University of Illinois,a.wright@berkeley.edu,2021-07-22,11,40035.37 USD,Bioinformatics,Phase 1 &amp; 2 complete
REC-4147,PRJ-2026-4052,Analysis of Cataloging,Patricia Taylor Garcia,N/A,M.I.T.,jdoe@illinois.edu,,30,101343.76,Cataloging,Notes on &quot;UIUC&quot;
REC-4148,INVALID_CODE,Study on Machine Learning,Kathryn Write,Class of 2018,UNLV,smith@unlv.edu,2020-01-15,15,FREE,Data Science,Na&iuml;ve Bayes test
REC-4149,,Analysis of Data Science,Michael OBrown,'15,M.I.T.,a.wright@berkeley.edu,2099-12-31,44,164326.98 USD,GIS Mapping,Cost &lt; Budget
REC-4150,PRJ-2026-8819,Comprehensive Digital Humanities Data Archival Research Project Phase 1,Dr. Doe,Unknown,"University of California, Berkeley",contact@lab.org,2018-11-05,23,69697.15 USD,GIS Mapping,Notes on &quot;UIUC&quot;
REC-4151,PRJ-26-1001,Study on Machine Learning,Jeffrey Clarke,2020,UNLV,a.wright@berkeley.edu,2016-03-12,29,71619.84 USD,Bioinformatics,Na&iuml;ve Bayes test
REC-4152,PRJ-2026-9900,Analysis of GIS Mapping,Alexandr Wright,Unknown,"Las Vegas, University of Nevada",jdoe@illinois.edu,2023-09-30,18,-$456.00,Cataloging,Phase 1 &amp; 2 complete
REC-4153,PRJ20261001,Comprehensive Digital Humanities Data Archival Research Project Phase 1,Dr. Smith,2012.0,"Technology, Massachusetts Institute of",smith@unlv.edu,1900-01-01,13,"$56,520.55",Archival Studies,Caf&eacute; study group
REC-4154,PRJ20261001,Study on Cataloging,Stephen Miller,c2020,Urbana Champaign University of Illinois,a.wright@berkeley.edu,2023-09-30,5,-$228.00,Archival Studies,Cost &lt; Budget
REC-4155,PRJ-2026-1001,Study on Machine Learning,Christina Taylor,2005,"University of California, Berkeley",jdoe@illinois.edu,2021-07-22,18,-$193.00,Machine Learning,Cost &lt; Budget
REC-4156,INVALID_CODE,Proj A,Jane Smith,2020,Urbana Champaign University of Illinois,a.wright@berkeley.edu,1900-01-01,47,-$236.00,Ethics,Cost &lt; Budget
REC-4157,PRJ-26-1001,Investigation into Archival Studies and Modern Data Pipelines,A. PROF. WILSON,,U.N.L.V.,a.wright@berkeley.edu,2099-12-31,9,-$144.00,GIS Mapping,Na&iuml;ve Bayes test
REC-4158,PRJ-26-1001,Investigation into Data Science and Modern Data Pipelines,Smith,2005,UC Berkeley,contact@lab.org,2018-11-05,44,FREE,Archival Studies,Phase 1 &amp; 2 complete
REC-4159,PRJ-2026-1001,Investigation into Ethics and Modern Data Pipelines,m. davis,2050,"Berkeley, University of California",smith@unlv.edu,2016-03-12,27,116584.89,Data Science,Notes on &quot;UIUC&quot;
,,,,,,,,,,Python,Sub-tag record
REC-4160,PRJ-26-1001,Analysis of GIS Mapping,Patricia Taylor Garcia,2018,UIUC,a.wright@berkeley.edu,2018-11-05,14,56244.52,Archival Studies,Notes on &quot;UIUC&quot;
REC-4161,PRJ-2026-8819,Investigation into Cataloging and Modern Data Pipelines,Smith,2015,university of illinois at urbana-champaign,contact@lab.org,2099-12-31,23,48714.54 USD,Bioinformatics,Phase 1 &amp; 2 complete
REC-4162,PRJ-2026-9900,Study on Archival Studies,Stephen Miller,Unknown,"Technology, Massachusetts Institute of",jdoe@illinois.edu,2025-12-01,28,105051.92,Machine Learning,Cost &lt; Budget
REC-4163,PRJ-26-1001,National Science Foundation Geospatial Analysis Infrastructure Project,Dr. Doe,'15,Urbana Champaign University of Illinois,contact@lab.org,2021-07-22,6,9573.95,Data Science,Phase 1 &amp; 2 complete
REC-4164,PRJ-2026-1001,Comprehensive Digital Humanities Data Archival Research Project Phase 1,Dr. Smith,Class of 2018,UIUC,a.wright@berkeley.edu,2021-07-22,14,58147.06 USD,Cataloging,Caf&eacute; study group
REC-4165,PRJ-2026-4052,Study on Metadata,Steven Miller,2020,"Las Vegas, University of Nevada",a.wright@berkeley.edu,,28,"$55,645.73",Archival Studies,Na&iuml;ve Bayes test
REC-4166,PRJ-2026-4052,National Science Foundation Geospatial Analysis Infrastructure Project,Dr. Doe,2021,UIUC,duplicate.user@research.org,2099-12-31,20,FREE,Python,Notes on &quot;UIUC&quot;
REC-4167,PRJ-2026-9900,Study on Data Science,Catherine Wright,2050,M.I.T.,jdoe@illinois.edu,2020-01-15,45,184457.31,Machine Learning,Cost &lt; Budget
REC-4168,PRJ-26-1001,Investigation into Machine Learning and Modern Data Pipelines,Dr. Jane Mary Smith,2005,Massachusetts Institute of Technology,r.johnson@mit.edu,2099-12-31,23,-$452.00,Ethics,Phase 1 &amp; 2 complete
REC-4169,PRJ20261001,Investigation into Cataloging and Modern Data Pipelines,Jane Smith,2012.0,"University of California, Berkeley",a.wright@berkeley.edu,2018-11-05,7,-$199.00,Machine Learning,Caf&eacute; study group
REC-4170,PRJ-2026-8819,Proj A,m. davis,2015,M.I.T.,duplicate.user@research.org,2099-12-31,13,48225.83,Archival Studies,Na&iuml;ve Bayes test
REC-4171,,Comprehensive Digital Humanities Data Archival Research Project Phase 1,Dr. Doe,2012,University of Illinois at Urbana-Champaign,a.wright@berkeley.edu,2016-03-12,21,58188.92,GIS Mapping,Caf&eacute; study group
REC-4172,,Study on Ethics,Christina Taylor,1882,"Technology, Massachusetts Institute of",r.johnson@mit.edu,2099-12-31,15,"$53,944.97",Metadata,Cost &lt; Budget
REC-4173,PRJ-2026-9900,Analysis of Bioinformatics,Robert Johnson,Unknown,"University of California, Berkeley",duplicate.user@research.org,2099-12-31,34,105192.34,Bioinformatics,Cost &lt; Budget
REC-4174,prj-2026-1001,Comprehensive Digital Humanities Data Archival Research Project Phase 1,Dr. Doe,2022,UC Berkeley,a.wright@berkeley.edu,2021-07-22,10,FREE,Archival Studies,Phase 1 &amp; 2 complete
REC-4175,prj-2026-1001,Comprehensive Digital Humanities Data Archival Research Initiative Phase 1,Dr. Smith,2022,university of illinois at urbana-champaign,a.wright@berkeley.edu,2021-07-22,3,9647.96,Archival Studies,Cost &lt; Budget
REC-4176,PRJ20261001,Analysis of Metadata,Johnathan Doee,N/A,"Technology, Massachusetts Institute of",r.johnson@mit.edu,2099-12-31,60,FREE,Ethics,Caf&eacute; study group
REC-4177,,Study on Data Science,Catherine Wright,2022,"Urbana-Champaign, University of Illinois",contact@lab.org,1900-01-01,32,FREE,Bioinformatics,Cost &lt; Budget
REC-4178,PRJ-2026-9900,Proj A,A. PROF. WILSON,1998,Cal Berkeley,smith@unlv.edu,,38,-$468.00,Ethics,Caf&eacute; study group
REC-4179,,Analysis of Archival Studies,Patricia Taylor-Garcia,1882,Urbana Champaign University of Illinois,a.wright@berkeley.edu,2018-11-05,12,"$26,981.09",Cataloging,Caf&eacute; study group
REC-4180,,Proj A,A. PROF. WILSON,2022,U.N.L.V.,contact@lab.org,2016-03-12,19,-$306.00,Cataloging,Caf&eacute; study group
,,,,,,,,,,GIS Mapping,Sub-tag record
REC-4181,PRJ-2026-8819,Analysis of Python,Alexander Wright,1882,"Urbana-Champaign, University of Illinois",smith@unlv.edu,1900-01-01,8,33558.27 USD,Archival Studies,Caf&eacute; study group
REC-4182,PRJ-2026-1001,Investigation into Bioinformatics and Modern Data Pipelines,A. PROF. WILSON,Unknown,"University of Nevada, Las Vegas",jdoe@illinois.edu,2025-12-01,30,-$391.00,Data Science,Na&iuml;ve Bayes test
REC-4183,prj-2026-1001,National Science Foundation Geospatial Analysis Infrastructure Program,Dr. Doe,2018,Univ of Nevada Las Vegas,smith@unlv.edu,2020-01-15,48,FREE,Ethics,Caf&eacute; study group
REC-4184,PRJ-2026-4052,Investigation into Cataloging and Modern Data Pipelines,m. davis,2021,U.N.L.V.,r.johnson@mit.edu,,8,-$254.00,Python,Caf&eacute; study group
,,,,,,,,,,Archival Studies,Sub-tag record
REC-4185,INVALID_CODE,Analysis of Cataloging,Patricia Taylor Garcia,1882,Cal Berkeley,smith@unlv.edu,,32,61427.64,Ethics,Cost &lt; Budget
REC-4186,INVALID_CODE,Comprehensive Digital Humanities Data Archival Research Project Phase 1,Dr. Smith,2050,UC Berkeley,a.wright@berkeley.edu,2020-01-15,23,82115.96,Data Science,Cost &lt; Budget
,,,,,,,,,,GIS Mapping,Sub-tag record
,,,,,,,,,,Archival Studies,Sub-tag record
REC-4187,PRJ-26-1001,Investigation into Python and Modern Data Pipelines,Jane Smith,Class of 2018,U.N.L.V.,r.johnson@mit.edu,2021-07-22,42,"$134,232.30",Archival Studies,Caf&eacute; study group
REC-4188,prj-2026-1001,Investigation into Archival Studies and Modern Data Pipelines,A. PROF. WILSON,2022,Univ. of Illinois (UIUC),a.wright@berkeley.edu,1900-01-01,23,FREE,Data Science,Phase 1 &amp; 2 complete
REC-4189,INVALID_CODE,Analysis of Archival Studies,Robert Jhnson,2018,U.N.L.V.,a.wright@berkeley.edu,2099-12-31,18,"$73,244.82",Machine Learning,Caf&eacute; study group
REC-4190,PRJ-2026-4052,Comprehensive Digital Humanities Data Archival Research Project Phase 2,Dr. Johnson,c2020,"Berkeley, University of California",jdoe@illinois.edu,1900-01-01,7,"$13,753.83",Data Science,Na&iuml;ve Bayes test
REC-4191,PRJ-2026-9900,Study on Machine Learning,Jayne Smyth,2012.0,U.N.L.V.,r.johnson@mit.edu,2020-01-15,19,46672.66 USD,Cataloging,Notes on &quot;UIUC&quot;
REC-4192,PRJ-2026-9900,Analysis of Ethics,Michael OBrown,'15,Cal Berkeley,jdoe@illinois.edu,2025-12-01,28,FREE,Data Science,Phase 1 &amp; 2 complete
REC-4193,PRJ20261001,Analysis of Bioinformatics,Alexandr Wright,c. 2005,UC Berkeley,jdoe@illinois.edu,2016-03-12,46,-$289.00,Data Science,Cost &lt; Budget
REC-4194,prj-2026-1001,Proj A,Jane Smith,2022,university of illinois at urbana-champaign,a.wright@berkeley.edu,2016-03-12,7,FREE,Bioinformatics,Na&iuml;ve Bayes test
REC-4195,INVALID_CODE,Analysis of GIS Mapping,Alexandr Wright,2022,UNLV,contact@lab.org,2020-01-15,18,FREE,Data Science,Na&iuml;ve Bayes test
REC-4196,INVALID_CODE,Comprehensive Digital Humanities Data Archival Research Project Phase 1,Dr. Doe,2012.0,"University of California, Berkeley",duplicate.user@research.org,2016-03-12,9,FREE,Data Science,Na&iuml;ve Bayes test
REC-4197,,National Science Foundation Geospatial Analysis Infrastructure Project,Dr. Johnson,N/A,UC Berkeley,contact@lab.org,2018-11-05,20,-$223.00,Bioinformatics,Na&iuml;ve Bayes test
REC-4198,PRJ-26-1001,National Science Foundation Geospatial Analysis Infrastructure Program,Dr. Johnson,2005,university of illinois at urbana-champaign,jdoe@illinois.edu,2023-09-30,36,104967.91,Metadata,Na&iuml;ve Bayes test
REC-4199,prj-2026-1001,Analysis of Data Science,Johnathan Doe,c2020,U.N.L.V.,contact@lab.org,2023-09-30,26,"$39,820.03",Cataloging,Caf&eacute; study group
REC-4200,PRJ-2026-1001,National Science Foundation Geospatial Analysis Infrastructure Program,Dr. Smith,2012.0,Massachusetts Institute of Technology,a.wright@berkeley.edu,2025-12-01,42,-$284.00,Archival Studies,Phase 1 &amp; 2 complete
REC-4201,PRJ-2026-4052,Proj A,Dr. Jane Mary Smith,2050,M.I.T.,smith@unlv.edu,2023-09-30,32,-$403.00,Python,Caf&eacute; study group
,,,,,,,,,,Metadata,Sub-tag record
REC-4202,PRJ20261001,Study on Bioinformatics,Christina Taylor,2050,University of Illinois at Urbana-Champaign,smith@unlv.edu,1900-01-01,22,FREE,Machine Learning,Cost &lt; Budget
REC-4203,PRJ-2026-9900,Study on Metadata,Christina Taylor,N/A,"Technology, Massachusetts Institute of",smith@unlv.edu,2099-12-31,43,"$184,702.83",Cataloging,Caf&eacute; study group
REC-4204,PRJ-2026-8819,Study on Ethics,Bryan Stewart,2021,"University of Nevada, Las Vegas",r.johnson@mit.edu,2021-07-22,3,6365.57 USD,Cataloging,Caf&eacute; study group
REC-4205,INVALID_CODE,Analysis of Metadata,Alexandr Wright,N/A,U.N.L.V.,contact@lab.org,1900-01-01,45,-$120.00,Python,Na&iuml;ve Bayes test
,,,,,,,,,,Ethics,Sub-tag record
,,,,,,,,,,Archival Studies,Sub-tag record
,,,,,,,,,,Machine Learning,Sub-tag record
REC-4206,PRJ-2026-9900,Study on Python,Jeffrey Clarke,2020,"Urbana-Champaign, University of Illinois",r.johnson@mit.edu,,9,"$28,615.07",Archival Studies,Cost &lt; Budget
REC-4207,PRJ-26-1001,Comprehensive Digital Humanities Data Archival Research Initiative Phase 1,Dr. Smith,,"University of California, Berkeley",jdoe@illinois.edu,2018-11-05,29,-$436.00,GIS Mapping,Cost &lt; Budget
REC-4208,INVALID_CODE,Study on Data Science,Kathryn Write,2012.0,"Technology, Massachusetts Institute of",smith@unlv.edu,1900-01-01,26,61658.57,Cataloging,Caf&eacute; study group
REC-4209,PRJ-26-1001,Investigation into Archival Studies and Modern Data Pipelines,Jane Smith,N/A,"Technology, Massachusetts Institute of",contact@lab.org,2016-03-12,20,FREE,Ethics,Notes on &quot;UIUC&quot;
REC-4210,PRJ-2026-4052,Study on Bioinformatics,Kathryn Write,Class of 2018,"Technology, Massachusetts Institute of",r.johnson@mit.edu,,27,-$364.00,Cataloging,Caf&eacute; study group
REC-4211,PRJ-2026-4052,Comprehensive Digital Humanities Data Archival Research Initiative Phase 1,Dr. Smith,1998,Urbana Champaign University of Illinois,r.johnson@mit.edu,2021-07-22,15,"$38,047.86",Archival Studies,Phase 1 &amp; 2 complete
REC-4212,PRJ-2026-9900,Study on GIS Mapping,Steven Miller,1998,M.I.T.,a.wright@berkeley.edu,2099-12-31,17,"$64,760.72",Bioinformatics,Notes on &quot;UIUC&quot;
REC-4213,,Study on Bioinformatics,Bryan Stewart,2005,"Berkeley, University of California",r.johnson@mit.edu,,36,160829.13,Machine Learning,Cost &lt; Budget
REC-4214,PRJ20261001,Analysis of Archival Studies,Patricia Taylor-Garcia,2015,"Las Vegas, University of Nevada",r.johnson@mit.edu,2023-09-30,15,FREE,Bioinformatics,Phase 1 &amp; 2 complete
REC-4215,PRJ-2026-1001,Study on Bioinformatics,Kristina Tailor,Pending,UNLV,contact@lab.org,1900-01-01,18,67001.81,Machine Learning,Phase 1 &amp; 2 complete
REC-4216,PRJ-2026-8819,Study on Python,Brian Stuart,c. 2005,Univ of Nevada Las Vegas,contact@lab.org,2023-09-30,11,33457.77 USD,Ethics,Phase 1 &amp; 2 complete
REC-4217,INVALID_CODE,Comprehensive Digital Humanities Data Archival Research Project Phase 1,Dr. Smith,2020,"Technology, Massachusetts Institute of",jdoe@illinois.edu,2023-09-30,22,FREE,Archival Studies,Na&iuml;ve Bayes test
REC-4218,prj-2026-1001,Comprehensive Digital Humanities Data Archival Research Project Phase 1,Dr. Doe,2012.0,Univ of Illinois Urbana Champaign,jdoe@illinois.edu,1900-01-01,22,98586.24,Cataloging,Phase 1 &amp; 2 complete
REC-4219,PRJ-2026-9900,Analysis of Ethics,Robert Jhnson,2015,Univ of Nevada Las Vegas,jdoe@illinois.edu,2023-09-30,35,-$102.00,Python,Phase 1 &amp; 2 complete
REC-4220,prj-2026-1001,Investigation into GIS Mapping and Modern Data Pipelines,Smith,'15,Univ of Illinois Urbana Champaign,jdoe@illinois.edu,2025-12-01,15,FREE,Data Science,Cost &lt; Budget
REC-4221,prj-2026-1001,Investigation into Bioinformatics and Modern Data Pipelines,Jane Smith,,university of illinois at urbana-champaign,duplicate.user@research.org,2021-07-22,7,-$259.00,Archival Studies,Na&iuml;ve Bayes test
REC-4222,prj-2026-1001,Analysis of Data Science,Michael O'Brown,2018,Cal Berkeley,jdoe@illinois.edu,1900-01-01,3,"$6,624.92",Data Science,Cost &lt; Budget
REC-4223,PRJ20261001,Comprehensive Digital Humanities Data Archival Research Project Phase 1,Dr. Johnson,2018,Cal Berkeley,contact@lab.org,2021-07-22,14,41705.19 USD,Metadata,Notes on &quot;UIUC&quot;
REC-4224,PRJ-26-1001,Proj A,Jane Smith,2012,M.I.T.,contact@lab.org,2016-03-12,12,51004.79 USD,Python,Cost &lt; Budget
REC-4225,INVALID_CODE,Study on Python,Jeffrey Clarke,c. 2005,Urbana Champaign University of Illinois,smith@unlv.edu,2025-12-01,6,26375.98,Archival Studies,Cost &lt; Budget
REC-4226,INVALID_CODE,Analysis of Machine Learning,Patricia Taylor-Garcia,2012.0,Urbana Champaign University of Illinois,contact@lab.org,2023-09-30,43,"$113,499.97",Ethics,Notes on &quot;UIUC&quot;
REC-4227,PRJ-2026-4052,Investigation into Archival Studies and Modern Data Pipelines,Jane Smith,c. 2005,University of Illinois at Urbana-Champaign,smith@unlv.edu,1900-01-01,7,"$23,268.22",Bioinformatics,Cost &lt; Budget
REC-4228,PRJ-2026-8819,Comprehensive Digital Humanities Data Archival Research Initiative Phase 1,Dr. Brown,2005,"Urbana-Champaign, University of Illinois",r.johnson@mit.edu,1900-01-01,11,-$437.00,Cataloging,Phase 1 &amp; 2 complete
REC-4229,PRJ-26-1001,Comprehensive Digital Humanities Data Archival Research Initiative Phase 1,Dr. Doe,1998,MIT,contact@lab.org,2023-09-30,38,FREE,Archival Studies,Cost &lt; Budget
REC-4230,PRJ-26-1001,Comprehensive Digital Humanities Data Archival Research Initiative Phase 1,Dr. Brown,Class of 2018,UIUC,a.wright@berkeley.edu,1900-01-01,13,-$444.00,Python,Cost &lt; Budget
REC-4231,PRJ20261001,Proj A,Jane Smith,Unknown,"Technology, Massachusetts Institute of",r.johnson@mit.edu,2016-03-12,3,FREE,Cataloging,Notes on &quot;UIUC&quot;
REC-4232,,Analysis of Cataloging,Alexandr Wright,2005,Univ of Nevada Las Vegas,r.johnson@mit.edu,2021-07-22,24,90325.62 USD,Ethics,Cost &lt; Budget
REC-4233,PRJ-2026-8819,Analysis of Ethics,Alexandr Wright,1882,Urbana Champaign University of Illinois,r.johnson@mit.edu,2025-12-01,42,170996.88,Python,Cost &lt; Budget
REC-4234,PRJ-2026-1001,Analysis of Archival Studies,Johnathan Doee,'15,Urbana Champaign University of Illinois,a.wright@berkeley.edu,1900-01-01,43,FREE,GIS Mapping,Na&iuml;ve Bayes test
REC-4235,,Investigation into Python and Modern Data Pipelines,Smith,N/A,UNLV,jdoe@illinois.edu,2016-03-12,16,FREE,Machine Learning,Phase 1 &amp; 2 complete
REC-4236,,Analysis of Python,Michael O'Brown,2005,Univ of Illinois Urbana Champaign,a.wright@berkeley.edu,2021-07-22,38,97480.21,Metadata,Notes on &quot;UIUC&quot;
REC-4237,PRJ-26-1001,Analysis of Metadata,Robert Johnson,2022,"Technology, Massachusetts Institute of",r.johnson@mit.edu,2021-07-22,44,70798.04,Bioinformatics,Caf&eacute; study group
REC-4238,PRJ-2026-4052,Investigation into Archival Studies and Modern Data Pipelines,A. PROF. WILSON,,"Berkeley, University of California",jdoe@illinois.edu,2025-12-01,14,38754.12,Metadata,Na&iuml;ve Bayes test
REC-4239,PRJ-2026-9900,Investigation into Python and Modern Data Pipelines,Jane Smith,N/A,Univ of Nevada Las Vegas,jdoe@illinois.edu,2021-07-22,39,"$141,066.82",Archival Studies,Caf&eacute; study group
,,,,,,,,,,Machine Learning,Sub-tag record
,,,,,,,,,,GIS Mapping,Sub-tag record
REC-4240,PRJ-26-1001,Proj A,Jane Smith,2021,"Berkeley, University of California",r.johnson@mit.edu,2020-01-15,38,140172.12 USD,Metadata,Caf&eacute; study group
REC-4241,PRJ-2026-9900,Proj A,Smith,N/A,UNLV,contact@lab.org,2016-03-12,42,-$410.00,Python,Na&iuml;ve Bayes test
REC-4242,PRJ-2026-9900,Study on Bioinformatics,Catherine Wright,2050,M.I.T.,contact@lab.org,,44,-$248.00,Archival Studies,Phase 1 &amp; 2 complete
REC-4243,PRJ-2026-1001,Comprehensive Digital Humanities Data Archival Research Project Phase 1,Dr. Brown,2012,UIUC,jdoe@illinois.edu,2016-03-12,26,65274.39 USD,Python,Notes on &quot;UIUC&quot;
REC-4244,PRJ-2026-1001,Proj A,Jane Smith,1998,UNLV,a.wright@berkeley.edu,2020-01-15,40,132544.32 USD,Ethics,Na&iuml;ve Bayes test
REC-4245,PRJ-2026-4052,Investigation into Python and Modern Data Pipelines,A. PROF. WILSON,2020,Urbana Champaign University of Illinois,smith@unlv.edu,2016-03-12,8,-$229.00,Cataloging,Caf&eacute; study group
REC-4246,PRJ20261001,Proj A,Dr. Jane Mary Smith,2015,university of illinois at urbana-champaign,a.wright@berkeley.edu,2018-11-05,46,FREE,Bioinformatics,Phase 1 &amp; 2 complete
REC-4247,PRJ20261001,Study on Ethics,Bryan Stewart,c. 2005,UC Berkeley,contact@lab.org,2021-07-22,22,FREE,GIS Mapping,Cost &lt; Budget
REC-4248,INVALID_CODE,Comprehensive Digital Humanities Data Archival Research Project Phase 2,Dr. Johnson,2005,Univ of Illinois Urbana Champaign,contact@lab.org,2016-03-12,3,-$155.00,GIS Mapping,Caf&eacute; study group
REC-4249,PRJ-2026-4052,Study on Machine Learning,Christina Taylor,2021,UNLV,r.johnson@mit.edu,2023-09-30,6,"$19,050.41",Cataloging,Phase 1 &amp; 2 complete
REC-4250,prj-2026-1001,Comprehensive Digital Humanities Data Archival Research Initiative Phase 1,Dr. Brown,c2020,UIUC,a.wright@berkeley.edu,2018-11-05,29,FREE,GIS Mapping,Notes on &quot;UIUC&quot;
REC-4251,PRJ-2026-1001,Analysis of Metadata,Alexander Wright,c. 2005,"Las Vegas, University of Nevada",a.wright@berkeley.edu,2023-09-30,37,161433.79 USD,GIS Mapping,Notes on &quot;UIUC&quot;
REC-4252,PRJ20261001,Analysis of Bioinformatics,Patricia Taylor-Garcia,c. 2005,"University of California, Berkeley",smith@unlv.edu,1900-01-01,4,-$431.00,Metadata,Na&iuml;ve Bayes test
REC-4253,,Analysis of Bioinformatics,Patricia Taylor-Garcia,2021,Massachusetts Institute of Technology,smith@unlv.edu,2016-03-12,3,-$490.00,Data Science,Na&iuml;ve Bayes test
REC-4254,PRJ-2026-9900,Proj A,Jane Smith,2020,UNLV,r.johnson@mit.edu,2021-07-22,11,38633.5,Cataloging,Phase 1 &amp; 2 complete
REC-4255,PRJ20261001,Proj A,A. PROF. WILSON,c2020,"Berkeley, University of California",smith@unlv.edu,2099-12-31,14,FREE,Archival Studies,Cost &lt; Budget
REC-4256,PRJ-2026-9900,Analysis of Python,Johnathan Doe,2012,"University of Nevada, Las Vegas",jdoe@illinois.edu,2020-01-15,39,165289.21 USD,GIS Mapping,Cost &lt; Budget
REC-4257,INVALID_CODE,Study on Cataloging,Stephen Miller,2021,university of illinois at urbana-champaign,contact@lab.org,,37,138812.33,Bioinformatics,Notes on &quot;UIUC&quot;
REC-4258,PRJ-2026-1001,Investigation into Machine Learning and Modern Data Pipelines,Jane Smith,1998,"Las Vegas, University of Nevada",duplicate.user@research.org,2021-07-22,10,22402.92,Python,Cost &lt; Budget
REC-4259,PRJ-26-1001,Analysis of Machine Learning,Robert Jhnson,c2020,Urbana Champaign University of Illinois,smith@unlv.edu,2018-11-05,14,FREE,Python,Cost &lt; Budget
REC-4260,PRJ-2026-9900,Analysis of Python,Patricia Taylor-Garcia,Pending,UIUC,contact@lab.org,2023-09-30,25,110514.23 USD,Cataloging,Na&iuml;ve Bayes test
REC-4261,prj-2026-1001,Analysis of Archival Studies,Patricia Taylor Garcia,c2020,University of Illinois at Urbana-Champaign,a.wright@berkeley.edu,2018-11-05,47,"$203,781.32",Data Science,Notes on &quot;UIUC&quot;
REC-4262,PRJ20261001,Analysis of Archival Studies,Patricia Taylor Garcia,1998,"University of California, Berkeley",duplicate.user@research.org,2025-12-01,15,"$28,878.26",GIS Mapping,Phase 1 &amp; 2 complete
REC-4263,INVALID_CODE,Study on Data Science,Jeffrey Clarke,2022,U.N.L.V.,contact@lab.org,2021-07-22,13,FREE,Metadata,Caf&eacute; study group
REC-4264,PRJ20261001,Investigation into Python and Modern Data Pipelines,Dr. Jane Mary Smith,c2020,Urbana Champaign University of Illinois,contact@lab.org,1900-01-01,27,FREE,Ethics,Caf&eacute; study group
REC-4265,,Proj A,Jane Smith,1998,"University of Nevada, Las Vegas",a.wright@berkeley.edu,,31,46608.52 USD,Archival Studies,Notes on &quot;UIUC&quot;
REC-4266,PRJ-26-1001,Study on Machine Learning,Bryan Stewart,'15,"Las Vegas, University of Nevada",contact@lab.org,2018-11-05,25,"$69,185.23",Data Science,Cost &lt; Budget
REC-4267,INVALID_CODE,Analysis of Python,Alexandr Wright,c2020,Univ. of Illinois (UIUC),duplicate.user@research.org,,35,100634.05,Machine Learning,Notes on &quot;UIUC&quot;
REC-4268,PRJ-2026-8819,Comprehensive Digital Humanities Data Archival Research Project Phase 1,Dr. Smith,c2020,UC Berkeley,r.johnson@mit.edu,2021-07-22,31,"$95,587.99",Ethics,Notes on &quot;UIUC&quot;
REC-4269,prj-2026-1001,National Science Foundation Geospatial Analysis Infrastructure Program,Dr. Smith,2015,UC Berkeley,smith@unlv.edu,2099-12-31,6,FREE,Metadata,Phase 1 &amp; 2 complete
,,,,,,,,,,Cataloging,Sub-tag record
,,,,,,,,,,Bioinformatics,Sub-tag record
,,,,,,,,,,GIS Mapping,Sub-tag record
REC-4270,PRJ20261001,Comprehensive Digital Humanities Data Archival Research Project Phase 1,Dr. Johnson,2050,Univ. of Illinois (UIUC),jdoe@illinois.edu,2020-01-15,16,-$176.00,Ethics,Notes on &quot;UIUC&quot;
REC-4271,PRJ20261001,Comprehensive Digital Humanities Data Archival Research Project Phase 1,Dr. Smith,2012,Univ of Illinois Urbana Champaign,contact@lab.org,2099-12-31,45,FREE,Archival Studies,Notes on &quot;UIUC&quot;
REC-4272,,Proj A,m. davis,c2020,"University of Nevada, Las Vegas",duplicate.user@research.org,2023-09-30,27,106094.39 USD,GIS Mapping,Notes on &quot;UIUC&quot;
REC-4273,PRJ-2026-1001,National Science Foundation Geospatial Analysis Infrastructure Project,Dr. Johnson,c. 2005,Massachusetts Institute of Technology,smith@unlv.edu,1900-01-01,27,83254.74,Ethics,Notes on &quot;UIUC&quot;
REC-4274,,National Science Foundation Geospatial Analysis Infrastructure Project,Dr. Smith,Pending,"University of California, Berkeley",smith@unlv.edu,2018-11-05,3,FREE,Cataloging,Phase 1 &amp; 2 complete
REC-4275,INVALID_CODE,Study on Ethics,Geoffrey Clark,2020,Univ of Illinois Urbana Champaign,a.wright@berkeley.edu,2021-07-22,24,107690.9 USD,GIS Mapping,Notes on &quot;UIUC&quot;
REC-4276,PRJ20261001,Comprehensive Digital Humanities Data Archival Research Initiative Phase 1,Dr. Smith,2012,"Las Vegas, University of Nevada",smith@unlv.edu,2018-11-05,38,"$158,099.34",Ethics,Na&iuml;ve Bayes test
REC-4277,PRJ-2026-9900,Comprehensive Digital Humanities Data Archival Research Project Phase 1,Dr. Johnson,2020,"Technology, Massachusetts Institute of",contact@lab.org,1900-01-01,6,-$492.00,Machine Learning,Notes on &quot;UIUC&quot;
REC-4278,PRJ-26-1001,Proj A,Jane Smith,2021,"University of California, Berkeley",jdoe@illinois.edu,2099-12-31,18,FREE,Python,Cost &lt; Budget
REC-4279,PRJ-2026-9900,Comprehensive Digital Humanities Data Archival Research Initiative Phase 1,Dr. Smith,2012.0,Univ. of Illinois (UIUC),contact@lab.org,,30,66084.16 USD,Machine Learning,Cost &lt; Budget
REC-4280,PRJ-2026-4052,Investigation into GIS Mapping and Modern Data Pipelines,Dr. Jane Mary Smith,,"Technology, Massachusetts Institute of",a.wright@berkeley.edu,2021-07-22,42,"$70,396.27",Metadata,Notes on &quot;UIUC&quot;
REC-4281,PRJ-2026-4052,Study on Python,Geoffrey Clark,2021,Univ of Illinois Urbana Champaign,contact@lab.org,2018-11-05,27,FREE,Python,Phase 1 &amp; 2 complete
REC-4282,PRJ-2026-4052,Analysis of Bioinformatics,Patricia Taylor-Garcia,2005,"University of California, Berkeley",jdoe@illinois.edu,2023-09-30,11,39377.25,Machine Learning,Phase 1 &amp; 2 complete
REC-4283,,Investigation into Bioinformatics and Modern Data Pipelines,m. davis,2022,"Urbana-Champaign, University of Illinois",a.wright@berkeley.edu,2020-01-15,43,136062.84,Ethics,Caf&eacute; study group
REC-4284,PRJ-2026-9900,Proj A,Smith,1998,Cal Berkeley,contact@lab.org,2023-09-30,31,115986.96,Data Science,Caf&eacute; study group
REC-4285,,Comprehensive Digital Humanities Data Archival Research Project Phase 2,Dr. Brown,1882,University of Illinois at Urbana-Champaign,duplicate.user@research.org,2020-01-15,48,83322.35,Metadata,Phase 1 &amp; 2 complete
REC-4286,prj-2026-1001,Comprehensive Digital Humanities Data Archival Research Initiative Phase 1,Dr. Smith,2015,"University of Nevada, Las Vegas",r.johnson@mit.edu,1900-01-01,43,FREE,Bioinformatics,Na&iuml;ve Bayes test
REC-4287,,Analysis of Data Science,Patricia Taylor-Garcia,2020,University of Illinois at Urbana-Champaign,a.wright@berkeley.edu,2021-07-22,3,"$5,050.63",Machine Learning,Notes on &quot;UIUC&quot;
REC-4288,PRJ-2026-4052,Study on Cataloging,Stephen Miller,Pending,University of Illinois at Urbana-Champaign,a.wright@berkeley.edu,2099-12-31,9,23969.22 USD,GIS Mapping,Phase 1 &amp; 2 complete
REC-4289,prj-2026-1001,Proj A,Dr. Jane Mary Smith,,University of Illinois at Urbana-Champaign,contact@lab.org,,37,98704.98 USD,Cataloging,Phase 1 &amp; 2 complete
REC-4290,prj-2026-1001,Comprehensive Digital Humanities Data Archival Research Initiative Phase 1,Dr. Johnson,c. 2005,"Urbana-Champaign, University of Illinois",smith@unlv.edu,2099-12-31,17,65306.67 USD,Bioinformatics,Caf&eacute; study group
REC-4291,prj-2026-1001,Analysis of Machine Learning,Johnathan Doe,2015,"Technology, Massachusetts Institute of",r.johnson@mit.edu,2018-11-05,13,"$53,205.73",Data Science,Caf&eacute; study group
REC-4292,PRJ20261001,Study on Bioinformatics,Kathryn Write,,"Technology, Massachusetts Institute of",smith@unlv.edu,2020-01-15,26,-$210.00,Ethics,Phase 1 &amp; 2 complete
REC-4293,PRJ20261001,Comprehensive Digital Humanities Data Archival Research Initiative Phase 1,Dr. Smith,2018,M.I.T.,r.johnson@mit.edu,2018-11-05,23,61290.97,GIS Mapping,Notes on &quot;UIUC&quot;
REC-4294,PRJ20261001,Study on Bioinformatics,Kristina Tailor,N/A,Massachusetts Institute of Technology,r.johnson@mit.edu,2018-11-05,11,17786.37 USD,Data Science,Phase 1 &amp; 2 complete
,,,,,,,,,,Python,Sub-tag record
,,,,,,,,,,Archival Studies,Sub-tag record
,,,,,,,,,,GIS Mapping,Sub-tag record
REC-4295,PRJ-2026-8819,Analysis of Archival Studies,Patricia Taylor-Garcia,2005,UC Berkeley,a.wright@berkeley.edu,2025-12-01,32,88418.86,Cataloging,Cost &lt; Budget
,,,,,,,,,,Ethics,Sub-tag record
,,,,,,,,,,Metadata,Sub-tag record
,,,,,,,,,,GIS Mapping,Sub-tag record
REC-4296,PRJ-2026-9900,National Science Foundation Geospatial Analysis Infrastructure Project,Dr. Smith,2020,"Technology, Massachusetts Institute of",contact@lab.org,2016-03-12,12,-$440.00,Ethics,Cost &lt; Budget
REC-4297,PRJ-2026-9900,Comprehensive Digital Humanities Data Archival Research Project Phase 2,Dr. Doe,2015,Univ of Illinois Urbana Champaign,smith@unlv.edu,,3,9585.9,Archival Studies,Na&iuml;ve Bayes test
,,,,,,,,,,Bioinformatics,Sub-tag record
REC-4298,PRJ-26-1001,National Science Foundation Geospatial Analysis Infrastructure Project,Dr. Johnson,2021,University of Illinois at Urbana-Champaign,jdoe@illinois.edu,1900-01-01,12,48027.3 USD,Data Science,Cost &lt; Budget
REC-4299,PRJ-2026-1001,Study on Data Science,Brian Stuart,Pending,Univ. of Illinois (UIUC),contact@lab.org,2023-09-30,41,-$490.00,Machine Learning,Caf&eacute; study group
REC-4300,INVALID_CODE,Analysis of GIS Mapping,Alexandr Wright,1882,"University of California, Berkeley",smith@unlv.edu,1900-01-01,15,39998.36 USD,Archival Studies,Phase 1 &amp; 2 complete
REC-4301,prj-2026-1001,Study on Archival Studies,Catherine Wright,2005,UNLV,contact@lab.org,2020-01-15,25,-$423.00,Ethics,Caf&eacute; study group
REC-4302,PRJ20261001,Study on Machine Learning,Christina Taylor,Class of 2018,Univ. of Illinois (UIUC),smith@unlv.edu,2099-12-31,37,144814.89 USD,Python,Phase 1 &amp; 2 complete
REC-4303,,Study on GIS Mapping,Jeffrey Clarke,1882,"Las Vegas, University of Nevada",contact@lab.org,1900-01-01,40,"$145,875.30",Machine Learning,Caf&eacute; study group
REC-4304,PRJ-2026-1001,Analysis of Archival Studies,Alexandr Wright,2020,Univ of Nevada Las Vegas,smith@unlv.edu,2018-11-05,42,-$258.00,Metadata,Notes on &quot;UIUC&quot;
REC-4305,PRJ-2026-9900,Study on Bioinformatics,Jeffrey Clarke,'15,UIUC,a.wright@berkeley.edu,2025-12-01,14,FREE,Cataloging,Caf&eacute; study group
REC-4306,prj-2026-1001,Analysis of Data Science,Johnathan Doe,'15,"University of Nevada, Las Vegas",r.johnson@mit.edu,1900-01-01,18,FREE,Data Science,Na&iuml;ve Bayes test
REC-4307,PRJ20261001,National Science Foundation Geospatial Analysis Infrastructure Project,Dr. Johnson,1882,Massachusetts Institute of Technology,a.wright@berkeley.edu,2021-07-22,33,"$105,561.24",Machine Learning,Phase 1 &amp; 2 complete
REC-4308,PRJ-26-1001,National Science Foundation Geospatial Analysis Infrastructure Program,Dr. Brown,2020,"Technology, Massachusetts Institute of",contact@lab.org,2018-11-05,16,58308.07,Metadata,Phase 1 &amp; 2 complete
REC-4309,PRJ-2026-1001,National Science Foundation Geospatial Analysis Infrastructure Program,Dr. Brown,2020,Univ. of Illinois (UIUC),contact@lab.org,2020-01-15,32,-$459.00,Data Science,Na&iuml;ve Bayes test
REC-4310,PRJ-2026-9900,Study on GIS Mapping,Jane Smith,2020,Univ of Nevada Las Vegas,a.wright@berkeley.edu,2016-03-12,13,38878.08 USD,Metadata,Cost &lt; Budget
REC-4311,PRJ-2026-9900,Study on Python,Steven Miller,2050,"Berkeley, University of California",contact@lab.org,2016-03-12,4,FREE,Bioinformatics,Cost &lt; Budget
REC-4312,,Study on Data Science,Kristina Tailor,2022,Urbana Champaign University of Illinois,r.johnson@mit.edu,2021-07-22,32,133552.09 USD,Bioinformatics,Notes on &quot;UIUC&quot;
REC-4313,prj-2026-1001,Investigation into GIS Mapping and Modern Data Pipelines,m. davis,1882,Massachusetts Institute of Technology,smith@unlv.edu,2018-11-05,12,-$409.00,Ethics,Cost &lt; Budget
REC-4314,PRJ-26-1001,Study on Archival Studies,Kathryn Write,N/A,"Las Vegas, University of Nevada",contact@lab.org,2099-12-31,22,-$191.00,Archival Studies,Na&iuml;ve Bayes test
REC-4315,INVALID_CODE,Analysis of Metadata,Patricia Taylor Garcia,1882,Cal Berkeley,jdoe@illinois.edu,2025-12-01,36,FREE,Machine Learning,Notes on &quot;UIUC&quot;
REC-4316,prj-2026-1001,Investigation into Ethics and Modern Data Pipelines,m. davis,Class of 2018,"University of Nevada, Las Vegas",jdoe@illinois.edu,2023-09-30,45,133004.84,Bioinformatics,Na&iuml;ve Bayes test
REC-4317,PRJ20261001,Analysis of Machine Learning,Alexandr Wright,1998,University of Illinois at Urbana-Champaign,contact@lab.org,2020-01-15,39,"$169,527.86",Ethics,Caf&eacute; study group
REC-4318,PRJ-26-1001,Proj A,m. davis,c. 2005,University of Illinois at Urbana-Champaign,jdoe@illinois.edu,2099-12-31,28,"$56,737.22",GIS Mapping,Na&iuml;ve Bayes test
REC-4319,PRJ-2026-8819,Investigation into Machine Learning and Modern Data Pipelines,Dr. Jane Mary Smith,2021,UNLV,jdoe@illinois.edu,2018-11-05,46,-$164.00,Ethics,Cost &lt; Budget
REC-4320,prj-2026-1001,Investigation into Data Science and Modern Data Pipelines,A. PROF. WILSON,N/A,"University of California, Berkeley",jdoe@illinois.edu,1900-01-01,9,26841.92,Bioinformatics,Caf&eacute; study group
REC-4321,PRJ-2026-4052,Investigation into Machine Learning and Modern Data Pipelines,Smith,2005,U.N.L.V.,r.johnson@mit.edu,2020-01-15,26,-$284.00,Ethics,Cost &lt; Budget
REC-4322,PRJ-2026-8819,Proj A,Jane Smith,1882,Massachusetts Institute of Technology,jdoe@illinois.edu,2020-01-15,8,"$17,143.51",Data Science,Caf&eacute; study group
REC-4323,prj-2026-1001,Analysis of Ethics,Johnathan Doe,2018,"Urbana-Champaign, University of Illinois",contact@lab.org,2099-12-31,24,61913.47 USD,Cataloging,Cost &lt; Budget
REC-4324,,Analysis of Machine Learning,Alexandr Wright,2022,Urbana Champaign University of Illinois,jdoe@illinois.edu,2021-07-22,19,FREE,Ethics,Caf&eacute; study group
REC-4325,PRJ-26-1001,Study on Ethics,Brian Stuart,1998,M.I.T.,a.wright@berkeley.edu,,30,"$57,750.76",Cataloging,Cost &lt; Budget
REC-4326,prj-2026-1001,Investigation into Metadata and Modern Data Pipelines,Smith,c2020,"Las Vegas, University of Nevada",contact@lab.org,2025-12-01,42,-$131.00,Data Science,Na&iuml;ve Bayes test
REC-4327,INVALID_CODE,National Science Foundation Geospatial Analysis Infrastructure Project,Dr. Brown,2018,Urbana Champaign University of Illinois,smith@unlv.edu,2023-09-30,24,-$389.00,Archival Studies,Caf&eacute; study group
REC-4328,prj-2026-1001,Analysis of GIS Mapping,Patricia Taylor Garcia,2012,Massachusetts Institute of Technology,contact@lab.org,2020-01-15,14,-$225.00,Data Science,Phase 1 &amp; 2 complete
REC-4329,PRJ-26-1001,Study on Metadata,Kristina Tailor,2005,"Urbana-Champaign, University of Illinois",jdoe@illinois.edu,2018-11-05,35,FREE,GIS Mapping,Notes on &quot;UIUC&quot;
REC-4330,PRJ20261001,Study on Machine Learning,Jeffrey Clarke,c. 2005,Massachusetts Institute of Technology,smith@unlv.edu,2016-03-12,31,92828.77,Data Science,Phase 1 &amp; 2 complete
,,,,,,,,,,Cataloging,Sub-tag record
REC-4331,,Analysis of Bioinformatics,Michael O'Brown,Unknown,University of Illinois at Urbana-Champaign,a.wright@berkeley.edu,2023-09-30,32,-$258.00,Cataloging,Notes on &quot;UIUC&quot;
REC-4332,PRJ-26-1001,Study on Cataloging,Jane Smith,1998,Univ. of Illinois (UIUC),contact@lab.org,2023-09-30,30,131269.95 USD,Python,Notes on &quot;UIUC&quot;
REC-4333,PRJ-26-1001,Comprehensive Digital Humanities Data Archival Research Project Phase 1,Dr. Doe,N/A,Cal Berkeley,r.johnson@mit.edu,1900-01-01,20,FREE,Machine Learning,Na&iuml;ve Bayes test
REC-4334,PRJ-2026-8819,Analysis of Python,Patricia Taylor-Garcia,,"University of California, Berkeley",smith@unlv.edu,2021-07-22,10,FREE,Python,Phase 1 &amp; 2 complete
REC-4335,PRJ-2026-8819,Investigation into Bioinformatics and Modern Data Pipelines,Smith,Pending,"Urbana-Champaign, University of Illinois",contact@lab.org,2023-09-30,24,57631.98 USD,Archival Studies,Cost &lt; Budget
REC-4336,PRJ-2026-9900,Study on Machine Learning,Jayne Smyth,N/A,U.N.L.V.,a.wright@berkeley.edu,2018-11-05,13,34600.96,Bioinformatics,Phase 1 &amp; 2 complete
REC-4337,PRJ-2026-4052,Analysis of Bioinformatics,Alexander Wright,'15,"University of California, Berkeley",smith@unlv.edu,2016-03-12,60,-$447.00,Archival Studies,Na&iuml;ve Bayes test
REC-4338,PRJ-2026-8819,Analysis of Metadata,Robert Jhnson,2012.0,M.I.T.,duplicate.user@research.org,2099-12-31,27,"$65,261.35",Metadata,Phase 1 &amp; 2 complete
REC-4339,PRJ-2026-9900,Analysis of Metadata,Alexander Wright,1882,"University of California, Berkeley",duplicate.user@research.org,1900-01-01,48,-$352.00,Python,Caf&eacute; study group
,,,,,,,,,,Data Science,Sub-tag record
,,,,,,,,,,Ethics,Sub-tag record
,,,,,,,,,,Bioinformatics,Sub-tag record
REC-4340,PRJ-2026-9900,Study on GIS Mapping,Bryan Stewart,2012,"University of Nevada, Las Vegas",smith@unlv.edu,2025-12-01,7,-$341.00,Data Science,Phase 1 &amp; 2 complete
,,,,,,,,,,Ethics,Sub-tag record
REC-4341,PRJ-2026-1001,Analysis of Data Science,Michael OBrown,2012,U.N.L.V.,smith@unlv.edu,,48,"$123,747.84",Ethics,Na&iuml;ve Bayes test
REC-4342,PRJ-2026-4052,Study on Machine Learning,Jeffrey Clarke,2021,MIT,jdoe@illinois.edu,2023-09-30,14,32069.56 USD,Machine Learning,Caf&eacute; study group
REC-4343,,Study on Data Science,Kathryn Write,N/A,Massachusetts Institute of Technology,a.wright@berkeley.edu,,48,"$133,863.64",Cataloging,Na&iuml;ve Bayes test
REC-4344,PRJ-2026-1001,Study on Python,Kathryn Write,2022,"Urbana-Champaign, University of Illinois",r.johnson@mit.edu,1900-01-01,32,"$123,321.15",Python,Notes on &quot;UIUC&quot;
REC-4345,INVALID_CODE,Analysis of Bioinformatics,Patricia Taylor-Garcia,Class of 2018,Cal Berkeley,r.johnson@mit.edu,2023-09-30,27,78311.53,Machine Learning,Caf&eacute; study group
REC-4346,PRJ-2026-1001,National Science Foundation Geospatial Analysis Infrastructure Project,Dr. Doe,2015,"Las Vegas, University of Nevada",duplicate.user@research.org,2018-11-05,31,70967.59 USD,Archival Studies,Notes on &quot;UIUC&quot;
REC-4347,PRJ-2026-8819,Study on Cataloging,Jane Smith,2005,"University of California, Berkeley",smith@unlv.edu,2025-12-01,17,FREE,Metadata,Na&iuml;ve Bayes test
REC-4348,PRJ20261001,Analysis of Data Science,Michael OBrown,c. 2005,Univ of Illinois Urbana Champaign,a.wright@berkeley.edu,1900-01-01,29,130386.02 USD,Data Science,Cost &lt; Budget
,,,,,,,,,,Ethics,Sub-tag record
,,,,,,,,,,Archival Studies,Sub-tag record
,,,,,,,,,,Metadata,Sub-tag record
REC-4349,PRJ-2026-9900,Study on Bioinformatics,Jane Smith,Class of 2018,UIUC,smith@unlv.edu,2021-07-22,39,"$68,473.31",Bioinformatics,Cost &lt; Budget
REC-4350,PRJ-2026-1001,Analysis of Python,Johnathan Doe,,U.N.L.V.,duplicate.user@research.org,,24,"$69,186.81",Cataloging,Caf&eacute; study group
REC-4351,PRJ-2026-1001,Study on Cataloging,Bryan Stewart,2022,"Berkeley, University of California",a.wright@berkeley.edu,,27,83915.49,Cataloging,Cost &lt; Budget
,,,,,,,,,,Machine Learning,Sub-tag record
,,,,,,,,,,Archival Studies,Sub-tag record
,,,,,,,,,,GIS Mapping,Sub-tag record
REC-4352,PRJ-2026-8819,Comprehensive Digital Humanities Data Archival Research Project Phase 1,Dr. Johnson,'15,"Berkeley, University of California",smith@unlv.edu,1900-01-01,32,52409.7 USD,Archival Studies,Cost &lt; Budget
REC-4353,PRJ-26-1001,Analysis of Archival Studies,Michael O'Brown,2020,"Urbana-Champaign, University of Illinois",duplicate.user@research.org,2021-07-22,21,-$349.00,Archival Studies,Caf&eacute; study group
REC-4354,PRJ20261001,Analysis of Ethics,Johnathan Doe,c2020,Univ. of Illinois (UIUC),a.wright@berkeley.edu,2025-12-01,41,-$483.00,Data Science,Caf&eacute; study group
,,,,,,,,,,GIS Mapping,Sub-tag record
,,,,,,,,,,Ethics,Sub-tag record
,,,,,,,,,,Archival Studies,Sub-tag record
REC-4355,PRJ-2026-4052,Proj A,A. PROF. WILSON,2012.0,Cal Berkeley,jdoe@illinois.edu,,11,"$44,996.89",Python,Notes on &quot;UIUC&quot;
REC-4356,PRJ20261001,Investigation into Cataloging and Modern Data Pipelines,Dr. Jane Mary Smith,2012,"Berkeley, University of California",duplicate.user@research.org,2025-12-01,47,"$123,716.44",Metadata,Notes on &quot;UIUC&quot;
REC-4357,,Investigation into Machine Learning and Modern Data Pipelines,A. PROF. WILSON,Unknown,Univ of Illinois Urbana Champaign,a.wright@berkeley.edu,1900-01-01,23,-$295.00,Metadata,Notes on &quot;UIUC&quot;
REC-4358,PRJ-2026-1001,Analysis of Metadata,Johnathan Doee,c. 2005,UNLV,smith@unlv.edu,2016-03-12,25,-$497.00,Bioinformatics,Notes on &quot;UIUC&quot;
REC-4359,prj-2026-1001,Analysis of Machine Learning,Patricia Taylor-Garcia,,"Urbana-Champaign, University of Illinois",smith@unlv.edu,,8,FREE,Metadata,Na&iuml;ve Bayes test
REC-4360,PRJ-2026-8819,Proj A,m. davis,2018,"Las Vegas, University of Nevada",smith@unlv.edu,,8,21266.69 USD,Archival Studies,Phase 1 &amp; 2 complete
REC-4361,PRJ-2026-1001,Proj A,Smith,'15,"University of Nevada, Las Vegas",duplicate.user@research.org,2099-12-31,34,82712.14 USD,GIS Mapping,Notes on &quot;UIUC&quot;
REC-4362,PRJ-2026-1001,Study on Machine Learning,Catherine Wright,Class of 2018,"University of California, Berkeley",jdoe@illinois.edu,2016-03-12,8,"$17,463.87",Metadata,Phase 1 &amp; 2 complete
REC-4363,PRJ-2026-8819,Study on Data Science,Geoffrey Clark,2015,Univ of Nevada Las Vegas,smith@unlv.edu,2018-11-05,38,"$155,542.21",Archival Studies,Cost &lt; Budget
REC-4364,PRJ-26-1001,Investigation into GIS Mapping and Modern Data Pipelines,Jane Smith,Pending,"University of Nevada, Las Vegas",r.johnson@mit.edu,1900-01-01,22,-$150.00,Ethics,Phase 1 &amp; 2 complete
REC-4365,PRJ-2026-4052,Analysis of Python,Michael O'Brown,Pending,Cal Berkeley,jdoe@illinois.edu,2023-09-30,47,FREE,Data Science,Na&iuml;ve Bayes test
REC-4366,PRJ20261001,Analysis of Metadata,Michael O'Brown,2012.0,Massachusetts Institute of Technology,contact@lab.org,,7,13347.94 USD,Machine Learning,Na&iuml;ve Bayes test
REC-4367,INVALID_CODE,Investigation into Metadata and Modern Data Pipelines,A. PROF. WILSON,2015,MIT,contact@lab.org,1900-01-01,21,89858.36 USD,Archival Studies,Cost &lt; Budget
REC-4368,PRJ-2026-1001,Investigation into Archival Studies and Modern Data Pipelines,Dr. Jane Mary Smith,Unknown,"Technology, Massachusetts Institute of",contact@lab.org,2016-03-12,29,FREE,Cataloging,Caf&eacute; study group
REC-4369,PRJ-2026-8819,Proj A,Jane Smith,Pending,Univ of Nevada Las Vegas,jdoe@illinois.edu,1900-01-01,28,110537.47 USD,Ethics,Caf&eacute; study group
,,,,,,,,,,Python,Sub-tag record
REC-4370,PRJ-2026-9900,Comprehensive Digital Humanities Data Archival Research Project Phase 1,Dr. Brown,2022,U.N.L.V.,a.wright@berkeley.edu,2020-01-15,3,-$324.00,Metadata,Phase 1 &amp; 2 complete
REC-4371,INVALID_CODE,Study on Metadata,Stephen Miller,2012.0,UC Berkeley,a.wright@berkeley.edu,2021-07-22,37,"$79,396.97",Machine Learning,Phase 1 &amp; 2 complete
REC-4372,prj-2026-1001,Study on Machine Learning,Kathryn Write,'15,U.N.L.V.,r.johnson@mit.edu,2018-11-05,22,91932.16 USD,GIS Mapping,Na&iuml;ve Bayes test
,,,,,,,,,,Bioinformatics,Sub-tag record
,,,,,,,,,,Cataloging,Sub-tag record
,,,,,,,,,,Data Science,Sub-tag record
REC-4373,INVALID_CODE,Study on Metadata,Kristina Tailor,,"Las Vegas, University of Nevada",contact@lab.org,2021-07-22,26,"$103,769.06",GIS Mapping,Cost &lt; Budget
REC-4374,INVALID_CODE,Study on Bioinformatics,Catherine Wright,2005,MIT,contact@lab.org,2020-01-15,6,FREE,Machine Learning,Na&iuml;ve Bayes test
REC-4375,PRJ-2026-4052,National Science Foundation Geospatial Analysis Infrastructure Program,Dr. Brown,2018,MIT,contact@lab.org,,10,15217.73,Metadata,Caf&eacute; study group
REC-4376,PRJ-2026-8819,Study on Ethics,Catherine Wright,1882,Cal Berkeley,jdoe@illinois.edu,2020-01-15,38,123418.96 USD,Cataloging,Phase 1 &amp; 2 complete
,,,,,,,,,,GIS Mapping,Sub-tag record
REC-4377,prj-2026-1001,Investigation into Machine Learning and Modern Data Pipelines,Smith,'15,"University of Nevada, Las Vegas",a.wright@berkeley.edu,2018-11-05,25,64816.07,Metadata,Cost &lt; Budget
REC-4378,PRJ-2026-4052,Analysis of Python,Michael O'Brown,2050,U.N.L.V.,r.johnson@mit.edu,2025-12-01,4,14283.05 USD,Ethics,Caf&eacute; study group
REC-4379,prj-2026-1001,Investigation into Ethics and Modern Data Pipelines,Dr. Jane Mary Smith,2015,UNLV,r.johnson@mit.edu,2021-07-22,23,"$92,957.36",Machine Learning,Cost &lt; Budget
,,,,,,,,,,Bioinformatics,Sub-tag record
,,,,,,,,,,Metadata,Sub-tag record
,,,,,,,,,,Ethics,Sub-tag record
REC-4380,PRJ20261001,Proj A,Dr. Jane Mary Smith,N/A,Massachusetts Institute of Technology,a.wright@berkeley.edu,,16,36707.62,Metadata,Phase 1 &amp; 2 complete
REC-4381,PRJ-26-1001,National Science Foundation Geospatial Analysis Infrastructure Project,Dr. Johnson,Class of 2018,"Technology, Massachusetts Institute of",jdoe@illinois.edu,2021-07-22,39,60525.32,Python,Cost &lt; Budget
REC-4382,INVALID_CODE,Study on Bioinformatics,Brian Stuart,2022,Urbana Champaign University of Illinois,r.johnson@mit.edu,2025-12-01,16,30949.53 USD,Data Science,Phase 1 &amp; 2 complete
REC-4383,,Comprehensive Digital Humanities Data Archival Research Project Phase 2,Dr. Smith,Class of 2018,"Technology, Massachusetts Institute of",smith@unlv.edu,2023-09-30,42,-$181.00,Python,Caf&eacute; study group
REC-4384,PRJ-2026-9900,Study on Bioinformatics,Brian Stuart,2012,Urbana Champaign University of Illinois,smith@unlv.edu,1900-01-01,17,-$319.00,Machine Learning,Notes on &quot;UIUC&quot;
REC-4385,,Study on Metadata,Christina Taylor,2050,"Las Vegas, University of Nevada",smith@unlv.edu,2021-07-22,30,FREE,Machine Learning,Phase 1 &amp; 2 complete
REC-4386,PRJ20261001,Analysis of Python,Alexandr Wright,N/A,Univ of Illinois Urbana Champaign,jdoe@illinois.edu,2099-12-31,48,"$154,524.63",Machine Learning,Caf&eacute; study group
REC-4387,PRJ-2026-4052,Study on Metadata,Kathryn Write,2012,"University of Nevada, Las Vegas",r.johnson@mit.edu,2021-07-22,8,FREE,Metadata,Notes on &quot;UIUC&quot;
REC-4388,prj-2026-1001,Investigation into GIS Mapping and Modern Data Pipelines,Jane Smith,Class of 2018,University of Illinois at Urbana-Champaign,jdoe@illinois.edu,2018-11-05,45,134517.8 USD,Ethics,Cost &lt; Budget
REC-4389,PRJ-2026-4052,Analysis of Metadata,Johnathan Doe,'15,"Las Vegas, University of Nevada",smith@unlv.edu,1900-01-01,41,FREE,GIS Mapping,Notes on &quot;UIUC&quot;
REC-4390,PRJ-2026-8819,Proj A,Jane Smith,2022,Urbana Champaign University of Illinois,r.johnson@mit.edu,1900-01-01,38,139654.59 USD,Machine Learning,Notes on &quot;UIUC&quot;
REC-4391,,Analysis of GIS Mapping,Patricia Taylor Garcia,2022,UNLV,a.wright@berkeley.edu,2023-09-30,3,6997.73 USD,Machine Learning,Caf&eacute; study group
REC-4392,PRJ20261001,Proj A,m. davis,Class of 2018,Univ of Nevada Las Vegas,r.johnson@mit.edu,2023-09-30,23,47092.92,Cataloging,Phase 1 &amp; 2 complete
REC-4393,PRJ-2026-4052,Analysis of GIS Mapping,Patricia Taylor Garcia,2012,"Berkeley, University of California",r.johnson@mit.edu,2025-12-01,38,-$330.00,GIS Mapping,Cost &lt; Budget
REC-4394,INVALID_CODE,Proj A,Jane Smith,Pending,UNLV,duplicate.user@research.org,1900-01-01,48,72076.46 USD,Metadata,Notes on &quot;UIUC&quot;
REC-4395,,Study on Archival Studies,Jeffrey Clarke,2021,MIT,r.johnson@mit.edu,2099-12-31,19,FREE,Python,Notes on &quot;UIUC&quot;
REC-4396,PRJ-2026-8819,Analysis of Cataloging,Alexander Wright,c. 2005,University of Illinois at Urbana-Champaign,contact@lab.org,2016-03-12,35,70937.56 USD,Data Science,Na&iuml;ve Bayes test
REC-4397,prj-2026-1001,Analysis of Metadata,Michael O'Brown,2005,U.N.L.V.,jdoe@illinois.edu,2020-01-15,46,-$141.00,Metadata,Notes on &quot;UIUC&quot;
REC-4398,PRJ-2026-8819,Proj A,A. PROF. WILSON,c. 2005,UIUC,jdoe@illinois.edu,2020-01-15,11,44350.01 USD,Ethics,Caf&eacute; study group
REC-4399,PRJ-2026-9900,Analysis of GIS Mapping,Patricia Taylor-Garcia,2005,Urbana Champaign University of Illinois,jdoe@illinois.edu,2020-01-15,38,57506.21 USD,Data Science,Notes on &quot;UIUC&quot;
REC-4400,PRJ-2026-1001,Study on Ethics,Steven Miller,Unknown,Univ of Illinois Urbana Champaign,r.johnson@mit.edu,1900-01-01,21,-$361.00,Ethics,Na&iuml;ve Bayes test
REC-4401,PRJ-2026-4052,Comprehensive Digital Humanities Data Archival Research Project Phase 1,Dr. Doe,c. 2005,"Berkeley, University of California",r.johnson@mit.edu,2020-01-15,35,96247.96 USD,Data Science,Notes on &quot;UIUC&quot;
REC-4402,PRJ-2026-1001,Proj A,Dr. Jane Mary Smith,Pending,Univ of Illinois Urbana Champaign,contact@lab.org,2021-07-22,35,FREE,Python,Caf&eacute; study group
REC-4403,prj-2026-1001,Study on Bioinformatics,Jayne Smyth,Class of 2018,"University of California, Berkeley",smith@unlv.edu,2021-07-22,46,-$438.00,Archival Studies,Notes on &quot;UIUC&quot;
REC-4404,PRJ-26-1001,Study on Metadata,Jeffrey Clarke,c. 2005,UC Berkeley,contact@lab.org,2099-12-31,22,61994.92 USD,Machine Learning,Phase 1 &amp; 2 complete
,,,,,,,,,,Ethics,Sub-tag record
,,,,,,,,,,Python,Sub-tag record
REC-4405,PRJ-2026-8819,Study on Cataloging,Steven Miller,2012,Massachusetts Institute of Technology,contact@lab.org,2018-11-05,20,30660.29,Machine Learning,Caf&eacute; study group
REC-4406,prj-2026-1001,National Science Foundation Geospatial Analysis Infrastructure Project,Dr. Johnson,N/A,"Berkeley, University of California",jdoe@illinois.edu,2021-07-22,27,49403.15,Machine Learning,Na&iuml;ve Bayes test
REC-4407,PRJ-2026-4052,Study on Ethics,Christina Taylor,c. 2005,Cal Berkeley,contact@lab.org,2020-01-15,40,100296.29 USD,Bioinformatics,Caf&eacute; study group
REC-4408,prj-2026-1001,Proj A,m. davis,2012,Univ of Nevada Las Vegas,a.wright@berkeley.edu,2016-03-12,39,"$122,477.66",Data Science,Phase 1 &amp; 2 complete
REC-4409,PRJ-2026-8819,Proj A,Jane Smith,Class of 2018,UIUC,smith@unlv.edu,1900-01-01,39,154794.98,Ethics,Cost &lt; Budget
REC-4410,PRJ-2026-4052,Study on Ethics,Christina Taylor,c. 2005,UNLV,a.wright@berkeley.edu,2025-12-01,28,"$90,645.21",Cataloging,Cost &lt; Budget
REC-4411,PRJ-2026-1001,National Science Foundation Geospatial Analysis Infrastructure Project,Dr. Johnson,1882,Univ of Nevada Las Vegas,smith@unlv.edu,2023-09-30,36,"$59,041.95",Bioinformatics,Na&iuml;ve Bayes test
,,,,,,,,,,Python,Sub-tag record
REC-4412,PRJ-2026-9900,Proj A,A. PROF. WILSON,1882,Cal Berkeley,smith@unlv.edu,2018-11-05,13,34684.92 USD,Cataloging,Caf&eacute; study group
REC-4413,prj-2026-1001,Study on Python,Kathryn Write,2050,UC Berkeley,a.wright@berkeley.edu,2016-03-12,27,"$76,740.70",Archival Studies,Na&iuml;ve Bayes test
REC-4414,,Proj A,Dr. Jane Mary Smith,2005,UNLV,jdoe@illinois.edu,1900-01-01,34,80508.94,Python,Cost &lt; Budget
REC-4415,prj-2026-1001,Analysis of Ethics,Alexandr Wright,N/A,U.N.L.V.,r.johnson@mit.edu,2021-07-22,35,FREE,Bioinformatics,Cost &lt; Budget
REC-4416,PRJ20261001,Study on Ethics,Jayne Smyth,2012,Massachusetts Institute of Technology,jdoe@illinois.edu,2016-03-12,43,"$164,670.02",Bioinformatics,Notes on &quot;UIUC&quot;
REC-4417,PRJ-2026-4052,Analysis of Metadata,Michael O'Brown,c. 2005,UNLV,contact@lab.org,2018-11-05,13,48271.29 USD,Python,Na&iuml;ve Bayes test
REC-4418,PRJ20261001,Study on Ethics,Brian Stuart,'15,Univ of Nevada Las Vegas,a.wright@berkeley.edu,1900-01-01,45,194775.56,Bioinformatics,Phase 1 &amp; 2 complete
REC-4419,,Comprehensive Digital Humanities Data Archival Research Project Phase 1,Dr. Brown,c. 2005,UIUC,r.johnson@mit.edu,2023-09-30,25,44079.21 USD,Data Science,Caf&eacute; study group
,,,,,,,,,,Machine Learning,Sub-tag record
,,,,,,,,,,Bioinformatics,Sub-tag record
,,,,,,,,,,Python,Sub-tag record
REC-4420,prj-2026-1001,National Science Foundation Geospatial Analysis Infrastructure Project,Dr. Smith,c. 2005,University of Illinois at Urbana-Champaign,r.johnson@mit.edu,1900-01-01,26,"$50,284.54",Cataloging,Notes on &quot;UIUC&quot;
REC-4421,PRJ-26-1001,Investigation into Data Science and Modern Data Pipelines,Jane Smith,c2020,Massachusetts Institute of Technology,a.wright@berkeley.edu,2020-01-15,14,FREE,Python,Cost &lt; Budget
REC-4422,PRJ-2026-4052,Proj A,A. PROF. WILSON,2012.0,Massachusetts Institute of Technology,jdoe@illinois.edu,2020-01-15,6,23322.65 USD,Bioinformatics,Cost &lt; Budget
REC-4423,PRJ-2026-8819,Analysis of Bioinformatics,Patricia Taylor Garcia,2018,"University of California, Berkeley",contact@lab.org,2020-01-15,29,FREE,Cataloging,Caf&eacute; study group
REC-4424,PRJ-2026-8819,National Science Foundation Geospatial Analysis Infrastructure Program,Dr. Doe,2020,University of Illinois at Urbana-Champaign,a.wright@berkeley.edu,1900-01-01,7,FREE,Bioinformatics,Cost &lt; Budget
REC-4425,PRJ-2026-4052,Study on GIS Mapping,Steven Miller,Pending,Univ. of Illinois (UIUC),jdoe@illinois.edu,,44,FREE,Data Science,Notes on &quot;UIUC&quot;
REC-4426,PRJ20261001,Study on Cataloging,Steven Miller,Class of 2018,"Urbana-Champaign, University of Illinois",a.wright@berkeley.edu,2023-09-30,9,28202.66,Machine Learning,Phase 1 &amp; 2 complete
REC-4427,,Study on Ethics,Jeffrey Clarke,c. 2005,"University of Nevada, Las Vegas",smith@unlv.edu,2099-12-31,9,34469.52,Cataloging,Cost &lt; Budget
REC-4428,INVALID_CODE,Analysis of Metadata,Robert Jhnson,2012.0,Univ of Illinois Urbana Champaign,contact@lab.org,2023-09-30,32,120160.6 USD,Cataloging,Cost &lt; Budget
REC-4429,,Study on Metadata,Stephen Miller,N/A,Univ of Illinois Urbana Champaign,contact@lab.org,2016-03-12,60,$100.00,Python,Caf&eacute; study group
REC-4430,PRJ-2026-4052,Comprehensive Digital Humanities Data Archival Research Initiative Phase 1,Dr. Brown,2022,university of illinois at urbana-champaign,r.johnson@mit.edu,2020-01-15,15,FREE,Machine Learning,Phase 1 &amp; 2 complete
REC-4431,INVALID_CODE,Investigation into Machine Learning and Modern Data Pipelines,A. PROF. WILSON,c. 2005,Univ of Nevada Las Vegas,a.wright@berkeley.edu,1900-01-01,27,FREE,Machine Learning,Na&iuml;ve Bayes test
REC-4432,PRJ20261001,Study on Metadata,Kathryn Write,2012,"Urbana-Champaign, University of Illinois",r.johnson@mit.edu,2023-09-30,31,78193.03,Metadata,Phase 1 &amp; 2 complete
REC-4433,PRJ-2026-9900,Analysis of Metadata,Johnathan Doee,'15,UIUC,smith@unlv.edu,2099-12-31,27,FREE,Cataloging,Phase 1 &amp; 2 complete
REC-4434,PRJ-2026-4052,National Science Foundation Geospatial Analysis Infrastructure Project,Dr. Smith,Pending,Cal Berkeley,smith@unlv.edu,2018-11-05,42,"$83,373.16",Cataloging,Phase 1 &amp; 2 complete
REC-4435,PRJ-2026-4052,Study on Bioinformatics,Catherine Wright,2022,Univ of Nevada Las Vegas,duplicate.user@research.org,2018-11-05,47,FREE,Data Science,Caf&eacute; study group
,,,,,,,,,,Machine Learning,Sub-tag record
REC-4436,PRJ-2026-1001,Study on Bioinformatics,Christina Taylor,2018,"Urbana-Champaign, University of Illinois",smith@unlv.edu,2023-09-30,27,-$305.00,Machine Learning,Na&iuml;ve Bayes test
REC-4437,PRJ-2026-8819,Study on Python,Stephen Miller,Unknown,Urbana Champaign University of Illinois,smith@unlv.edu,2099-12-31,39,-$104.00,Cataloging,Na&iuml;ve Bayes test
REC-4438,INVALID_CODE,Analysis of Ethics,Patricia Taylor Garcia,2015,"Berkeley, University of California",a.wright@berkeley.edu,2025-12-01,28,FREE,Metadata,Caf&eacute; study group
REC-4439,prj-2026-1001,Study on Machine Learning,Jeffrey Clarke,'15,UIUC,smith@unlv.edu,2099-12-31,46,"$202,935.42",Bioinformatics,Cost &lt; Budget
REC-4440,PRJ-2026-8819,Study on Archival Studies,Christina Taylor,2021,"Berkeley, University of California",smith@unlv.edu,2021-07-22,43,138414.22,GIS Mapping,Cost &lt; Budget
REC-4441,PRJ-2026-4052,National Science Foundation Geospatial Analysis Infrastructure Program,Dr. Johnson,'15,Cal Berkeley,r.johnson@mit.edu,2023-09-30,26,-$480.00,GIS Mapping,Notes on &quot;UIUC&quot;
REC-4442,PRJ-2026-4052,Analysis of Archival Studies,Robert Johnson,2012,university of illinois at urbana-champaign,contact@lab.org,2023-09-30,11,31042.24,Machine Learning,Notes on &quot;UIUC&quot;
REC-4443,PRJ-26-1001,Analysis of Python,Michael O'Brown,Class of 2018,UNLV,smith@unlv.edu,2018-11-05,3,11916.91 USD,Cataloging,Notes on &quot;UIUC&quot;
REC-4444,PRJ-2026-9900,Study on Archival Studies,Bryan Stewart,2015,"Berkeley, University of California",contact@lab.org,2023-09-30,13,21483.86 USD,Cataloging,Caf&eacute; study group
REC-4445,PRJ-2026-4052,Study on Cataloging,Brian Stuart,2005,"Berkeley, University of California",contact@lab.org,,23,FREE,GIS Mapping,Notes on &quot;UIUC&quot;
REC-4446,PRJ-26-1001,Comprehensive Digital Humanities Data Archival Research Project Phase 1,Dr. Johnson,2018,U.N.L.V.,jdoe@illinois.edu,2018-11-05,11,-$270.00,Bioinformatics,Phase 1 &amp; 2 complete
REC-4447,prj-2026-1001,Analysis of Bioinformatics,Johnathan Doee,Pending,UIUC,smith@unlv.edu,2021-07-22,22,50762.59,Python,Na&iuml;ve Bayes test
REC-4448,PRJ-2026-4052,Study on GIS Mapping,Christina Taylor,Pending,UC Berkeley,jdoe@illinois.edu,2023-09-30,16,35717.38,GIS Mapping,Cost &lt; Budget
REC-4449,,Comprehensive Digital Humanities Data Archival Research Project Phase 1,Dr. Smith,2022,Univ. of Illinois (UIUC),contact@lab.org,,16,"$27,787.31",Cataloging,Cost &lt; Budget
REC-4450,PRJ-2026-8819,Study on Cataloging,Bryan Stewart,2050,University of Illinois at Urbana-Champaign,smith@unlv.edu,2016-03-12,22,90880.14 USD,Archival Studies,Notes on &quot;UIUC&quot;
REC-4451,INVALID_CODE,Study on Ethics,Kristina Tailor,1882,Urbana Champaign University of Illinois,smith@unlv.edu,1900-01-01,46,"$197,378.09",Archival Studies,Caf&eacute; study group
REC-4452,PRJ-26-1001,Investigation into Python and Modern Data Pipelines,Jane Smith,N/A,UC Berkeley,contact@lab.org,2016-03-12,16,FREE,Python,Phase 1 &amp; 2 complete
,,,,,,,,,,Cataloging,Sub-tag record
REC-4453,PRJ20261001,National Science Foundation Geospatial Analysis Infrastructure Program,Dr. Doe,c2020,Univ of Nevada Las Vegas,smith@unlv.edu,2016-03-12,24,101931.37,Cataloging,Caf&eacute; study group
REC-4454,PRJ-26-1001,Study on Metadata,Geoffrey Clark,2020,Univ of Illinois Urbana Champaign,r.johnson@mit.edu,2099-12-31,60,100.0,Cataloging,Notes on &quot;UIUC&quot;
REC-4455,INVALID_CODE,Analysis of Ethics,Johnathan Doee,2012.0,UNLV,smith@unlv.edu,2023-09-30,60,FREE,Data Science,Cost &lt; Budget
REC-4456,PRJ-2026-8819,Investigation into Metadata and Modern Data Pipelines,Jane Smith,2050,UC Berkeley,contact@lab.org,,48,130508.96 USD,Ethics,Na&iuml;ve Bayes test
REC-4457,PRJ-2026-9900,Study on Python,Jayne Smyth,,UIUC,r.johnson@mit.edu,2016-03-12,16,59846.6 USD,GIS Mapping,Cost &lt; Budget
REC-4458,PRJ20261001,Study on Cataloging,Catherine Wright,2015,MIT,smith@unlv.edu,2023-09-30,5,20624.28,GIS Mapping,Notes on &quot;UIUC&quot;
,,,,,,,,,,Data Science,Sub-tag record
,,,,,,,,,,Cataloging,Sub-tag record
,,,,,,,,,,Ethics,Sub-tag record
REC-4459,prj-2026-1001,Analysis of Archival Studies,Alexander Wright,,"Berkeley, University of California",jdoe@illinois.edu,,25,"$95,422.11",GIS Mapping,Cost &lt; Budget
REC-4460,PRJ-2026-4052,Analysis of Archival Studies,Patricia Taylor-Garcia,'15,"University of California, Berkeley",r.johnson@mit.edu,2023-09-30,19,-$487.00,Ethics,Caf&eacute; study group
REC-4461,PRJ-2026-8819,Proj A,m. davis,c2020,UNLV,smith@unlv.edu,2018-11-05,40,"$64,064.48",Ethics,Notes on &quot;UIUC&quot;
REC-4462,PRJ-2026-1001,Comprehensive Digital Humanities Data Archival Research Initiative Phase 1,Dr. Smith,c2020,M.I.T.,smith@unlv.edu,2023-09-30,41,"$73,807.31",Metadata,Caf&eacute; study group
REC-4463,prj-2026-1001,National Science Foundation Geospatial Analysis Infrastructure Program,Dr. Doe,Unknown,Massachusetts Institute of Technology,a.wright@berkeley.edu,2018-11-05,31,72532.99 USD,Archival Studies,Caf&eacute; study group
REC-4464,INVALID_CODE,Comprehensive Digital Humanities Data Archival Research Project Phase 2,Dr. Brown,2021,MIT,smith@unlv.edu,2018-11-05,28,109629.97,Python,Phase 1 &amp; 2 complete
REC-4465,PRJ20261001,Analysis of Archival Studies,Patricia Taylor Garcia,N/A,Univ of Illinois Urbana Champaign,r.johnson@mit.edu,,43,FREE,Machine Learning,Notes on &quot;UIUC&quot;
REC-4466,prj-2026-1001,Study on Data Science,Jane Smith,1882,UIUC,jdoe@illinois.edu,2018-11-05,8,FREE,Archival Studies,Cost &lt; Budget
,,,,,,,,,,GIS Mapping,Sub-tag record
REC-4467,prj-2026-1001,Proj A,Dr. Jane Mary Smith,Unknown,UNLV,jdoe@illinois.edu,2020-01-15,6,"$12,349.76",Python,Notes on &quot;UIUC&quot;
REC-4468,PRJ-2026-1001,Analysis of Archival Studies,Patricia Taylor-Garcia,,University of Illinois at Urbana-Champaign,a.wright@berkeley.edu,2020-01-15,26,FREE,GIS Mapping,Caf&eacute; study group
REC-4469,PRJ-2026-4052,Analysis of GIS Mapping,Patricia Taylor Garcia,2018,MIT,a.wright@berkeley.edu,2025-12-01,30,FREE,Data Science,Cost &lt; Budget
REC-4470,PRJ20261001,Proj A,Jane Smith,2012,Univ. of Illinois (UIUC),contact@lab.org,2016-03-12,47,104457.05,GIS Mapping,Na&iuml;ve Bayes test
REC-4471,,National Science Foundation Geospatial Analysis Infrastructure Project,Dr. Doe,2012.0,MIT,jdoe@illinois.edu,2020-01-15,4,-$468.00,Bioinformatics,Na&iuml;ve Bayes test
REC-4472,INVALID_CODE,Study on GIS Mapping,Stephen Miller,2022,University of Illinois at Urbana-Champaign,smith@unlv.edu,2020-01-15,48,-$251.00,GIS Mapping,Caf&eacute; study group
REC-4473,PRJ-2026-9900,Investigation into Data Science and Modern Data Pipelines,A. PROF. WILSON,Pending,"Las Vegas, University of Nevada",r.johnson@mit.edu,2099-12-31,43,66808.49 USD,Metadata,Na&iuml;ve Bayes test
,,,,,,,,,,Cataloging,Sub-tag record
,,,,,,,,,,Python,Sub-tag record
,,,,,,,,,,GIS Mapping,Sub-tag record
REC-4474,PRJ-2026-1001,Analysis of Data Science,Johnathan Doe,2005,University of Illinois at Urbana-Champaign,contact@lab.org,1900-01-01,38,72836.86,Python,Caf&eacute; study group
REC-4475,,Analysis of Metadata,Johnathan Doe,2005,UIUC,contact@lab.org,2018-11-05,16,62153.07,Cataloging,Caf&eacute; study group
REC-4476,prj-2026-1001,Analysis of Archival Studies,Michael OBrown,2012,Univ. of Illinois (UIUC),smith@unlv.edu,2018-11-05,36,-$429.00,GIS Mapping,Caf&eacute; study group
REC-4477,prj-2026-1001,Comprehensive Digital Humanities Data Archival Research Project Phase 2,Dr. Doe,1998,Urbana Champaign University of Illinois,contact@lab.org,1900-01-01,40,"$128,048.74",Machine Learning,Caf&eacute; study group
,,,,,,,,,,Bioinformatics,Sub-tag record
,,,,,,,,,,Ethics,Sub-tag record
,,,,,,,,,,Archival Studies,Sub-tag record
REC-4478,PRJ-26-1001,Study on Archival Studies,Stephen Miller,2005,UNLV,r.johnson@mit.edu,2025-12-01,11,"$21,592.99",GIS Mapping,Cost &lt; Budget
REC-4479,PRJ-2026-9900,Proj A,Dr. Jane Mary Smith,c. 2005,UIUC,a.wright@berkeley.edu,2016-03-12,35,142765.91,Ethics,Notes on &quot;UIUC&quot;
REC-4480,INVALID_CODE,Analysis of Cataloging,Robert Johnson,2018,Univ. of Illinois (UIUC),jdoe@illinois.edu,2016-03-12,43,187167.26 USD,Bioinformatics,Na&iuml;ve Bayes test
REC-4481,PRJ-2026-4052,Investigation into Python and Modern Data Pipelines,m. davis,,UC Berkeley,a.wright@berkeley.edu,2025-12-01,17,FREE,Archival Studies,Caf&eacute; study group
REC-4482,PRJ20261001,Study on GIS Mapping,Steven Miller,c. 2005,"Urbana-Champaign, University of Illinois",r.johnson@mit.edu,1900-01-01,13,-$161.00,Data Science,Phase 1 &amp; 2 complete
REC-4483,PRJ-26-1001,Proj A,A. PROF. WILSON,1882,Univ of Nevada Las Vegas,duplicate.user@research.org,2020-01-15,11,41394.23,Archival Studies,Notes on &quot;UIUC&quot;
REC-4484,PRJ-26-1001,Analysis of Machine Learning,Robert Jhnson,2015,M.I.T.,a.wright@berkeley.edu,2025-12-01,32,92123.9,Python,Cost &lt; Budget
REC-4485,,Study on Archival Studies,Jane Smith,'15,"Las Vegas, University of Nevada",contact@lab.org,2016-03-12,47,126697.51 USD,Ethics,Caf&eacute; study group
REC-4486,PRJ-2026-1001,Study on Metadata,Steven Miller,2050,"Las Vegas, University of Nevada",smith@unlv.edu,2016-03-12,22,-$345.00,Machine Learning,Na&iuml;ve Bayes test
REC-4487,,Comprehensive Digital Humanities Data Archival Research Project Phase 1,Dr. Johnson,1998,Urbana Champaign University of Illinois,smith@unlv.edu,2016-03-12,20,FREE,Cataloging,Notes on &quot;UIUC&quot;
REC-4488,,Study on Python,Stephen Miller,Class of 2018,University of Illinois at Urbana-Champaign,contact@lab.org,2018-11-05,47,-$336.00,Metadata,Na&iuml;ve Bayes test
REC-4489,,Analysis of Metadata,Robert Johnson,2012,"University of California, Berkeley",contact@lab.org,1900-01-01,9,30485.01 USD,GIS Mapping,Notes on &quot;UIUC&quot;
REC-4490,PRJ-2026-4052,Investigation into Ethics and Modern Data Pipelines,m. davis,2018,Urbana Champaign University of Illinois,contact@lab.org,1900-01-01,39,-$301.00,Archival Studies,Na&iuml;ve Bayes test
REC-4491,PRJ-2026-4052,Investigation into Ethics and Modern Data Pipelines,A. PROF. WILSON,Class of 2018,Univ of Nevada Las Vegas,contact@lab.org,2018-11-05,5,9086.86,Archival Studies,Na&iuml;ve Bayes test
REC-4492,PRJ-2026-1001,Analysis of Archival Studies,Patricia Taylor Garcia,2015,"University of Nevada, Las Vegas",contact@lab.org,,35,FREE,Archival Studies,Caf&eacute; study group
,,,,,,,,,,Metadata,Sub-tag record
REC-4493,PRJ-2026-9900,Proj A,Dr. Jane Mary Smith,2005,U.N.L.V.,smith@unlv.edu,2018-11-05,17,40146.46 USD,Cataloging,Phase 1 &amp; 2 complete
REC-4494,PRJ20261001,Analysis of Python,Robert Jhnson,Pending,UC Berkeley,a.wright@berkeley.edu,2018-11-05,20,54443.53,GIS Mapping,Na&iuml;ve Bayes test
REC-4495,prj-2026-1001,Investigation into Archival Studies and Modern Data Pipelines,Dr. Jane Mary Smith,c2020,"Urbana-Champaign, University of Illinois",smith@unlv.edu,,41,"$123,487.83",GIS Mapping,Caf&eacute; study group
REC-4496,PRJ-2026-1001,Proj A,Jane Smith,Unknown,M.I.T.,a.wright@berkeley.edu,2025-12-01,41,-$132.00,Data Science,Notes on &quot;UIUC&quot;
REC-4497,,Study on Archival Studies,Jayne Smyth,2012,"Berkeley, University of California",jdoe@illinois.edu,2020-01-15,43,-$376.00,Data Science,Caf&eacute; study group
REC-4498,PRJ-2026-8819,Analysis of Data Science,Michael OBrown,2020,"University of California, Berkeley",smith@unlv.edu,2020-01-15,19,65462.39,Python,Caf&eacute; study group
REC-4499,PRJ-2026-8819,National Science Foundation Geospatial Analysis Infrastructure Program,Dr. Johnson,Pending,UIUC,a.wright@berkeley.edu,2023-09-30,46,169588.09 USD,Machine Learning,Cost &lt; Budget
REC-4500,prj-2026-1001,Investigation into Data Science and Modern Data Pipelines,Dr. Jane Mary Smith,1882,Massachusetts Institute of Technology,contact@lab.org,2020-01-15,27,50269.21 USD,Ethics,Phase 1 &amp; 2 complete
REC-4501,PRJ-2026-9900,Analysis of Machine Learning,Michael OBrown,2022,"Berkeley, University of California",contact@lab.org,2016-03-12,34,-$135.00,Machine Learning,Na&iuml;ve Bayes test
REC-4502,PRJ-2026-4052,Analysis of Bioinformatics,Johnathan Doe,c. 2005,Urbana Champaign University of Illinois,contact@lab.org,2025-12-01,5,10094.76 USD,Python,Caf&eacute; study group
REC-4503,prj-2026-1001,Study on Python,Brian Stuart,2022,"Technology, Massachusetts Institute of",contact@lab.org,2023-09-30,14,FREE,Ethics,Notes on &quot;UIUC&quot;
REC-4504,PRJ-2026-1001,Comprehensive Digital Humanities Data Archival Research Project Phase 1,Dr. Smith,2012.0,UIUC,smith@unlv.edu,2016-03-12,5,"$15,937.69",Ethics,Cost &lt; Budget
REC-4505,,Study on Bioinformatics,Steven Miller,N/A,"Technology, Massachusetts Institute of",a.wright@berkeley.edu,2021-07-22,9,-$481.00,Cataloging,Phase 1 &amp; 2 complete
REC-4506,prj-2026-1001,Proj A,Dr. Jane Mary Smith,N/A,M.I.T.,contact@lab.org,,44,-$476.00,Machine Learning,Phase 1 &amp; 2 complete
REC-4507,prj-2026-1001,Comprehensive Digital Humanities Data Archival Research Project Phase 1,Dr. Johnson,2022,Cal Berkeley,duplicate.user@research.org,1900-01-01,35,-$234.00,Ethics,Cost &lt; Budget
,,,,,,,,,,GIS Mapping,Sub-tag record
,,,,,,,,,,Bioinformatics,Sub-tag record
REC-4508,PRJ20261001,Comprehensive Digital Humanities Data Archival Research Initiative Phase 1,Dr. Doe,2021,"Urbana-Champaign, University of Illinois",duplicate.user@research.org,2025-12-01,48,-$416.00,Metadata,Notes on &quot;UIUC&quot;
REC-4509,PRJ-2026-9900,Comprehensive Digital Humanities Data Archival Research Initiative Phase 1,Dr. Brown,2022,"Urbana-Champaign, University of Illinois",r.johnson@mit.edu,2018-11-05,14,FREE,GIS Mapping,Notes on &quot;UIUC&quot;
REC-4510,,Comprehensive Digital Humanities Data Archival Research Project Phase 1,Dr. Johnson,2015,"University of Nevada, Las Vegas",r.johnson@mit.edu,2020-01-15,30,87247.26 USD,Bioinformatics,Cost &lt; Budget
REC-4511,PRJ-2026-4052,Proj A,m. davis,2015,UC Berkeley,r.johnson@mit.edu,1900-01-01,28,77801.87 USD,GIS Mapping,Notes on &quot;UIUC&quot;
REC-4512,PRJ-2026-8819,Study on Data Science,Bryan Stewart,1998,MIT,smith@unlv.edu,2018-11-05,37,57166.77 USD,Python,Caf&eacute; study group
,,,,,,,,,,GIS Mapping,Sub-tag record
,,,,,,,,,,Metadata,Sub-tag record
,,,,,,,,,,Data Science,Sub-tag record
REC-4513,PRJ-26-1001,Analysis of Python,Alexandr Wright,c. 2005,Massachusetts Institute of Technology,duplicate.user@research.org,,7,31098.8,Metadata,Cost &lt; Budget
REC-4514,PRJ-26-1001,Analysis of Data Science,Patricia Taylor-Garcia,2022,Univ. of Illinois (UIUC),smith@unlv.edu,2018-11-05,22,-$424.00,Bioinformatics,Phase 1 &amp; 2 complete
REC-4515,PRJ20261001,Analysis of Python,Alexander Wright,Class of 2018,"Berkeley, University of California",jdoe@illinois.edu,2016-03-12,45,161730.48 USD,Cataloging,Cost &lt; Budget
REC-4516,PRJ-26-1001,Study on Machine Learning,Kathryn Write,1882,"Urbana-Champaign, University of Illinois",r.johnson@mit.edu,1900-01-01,7,26365.5,Bioinformatics,Notes on &quot;UIUC&quot;
REC-4517,PRJ20261001,Study on Data Science,Steven Miller,1882,"University of California, Berkeley",contact@lab.org,2025-12-01,23,47921.8 USD,Archival Studies,Cost &lt; Budget
REC-4518,,Study on Ethics,Catherine Wright,c2020,"Urbana-Champaign, University of Illinois",jdoe@illinois.edu,,44,105962.4 USD,Metadata,Na&iuml;ve Bayes test
REC-4519,PRJ20261001,Study on Ethics,Catherine Wright,'15,UNLV,r.johnson@mit.edu,2099-12-31,36,137148.89,Ethics,Phase 1 &amp; 2 complete
REC-4520,PRJ-2026-8819,Analysis of Python,Patricia Taylor-Garcia,'15,"Technology, Massachusetts Institute of",smith@unlv.edu,2099-12-31,7,25746.49,Metadata,Cost &lt; Budget
REC-4521,,Proj A,m. davis,c2020,U.N.L.V.,a.wright@berkeley.edu,2018-11-05,26,-$176.00,Python,Na&iuml;ve Bayes test
,,,,,,,,,,GIS Mapping,Sub-tag record
,,,,,,,,,,Cataloging,Sub-tag record
,,,,,,,,,,Machine Learning,Sub-tag record
REC-4522,prj-2026-1001,Study on GIS Mapping,Catherine Wright,2018,"Technology, Massachusetts Institute of",a.wright@berkeley.edu,2021-07-22,24,-$207.00,Cataloging,Notes on &quot;UIUC&quot;
REC-4523,prj-2026-1001,Analysis of GIS Mapping,Michael O'Brown,2012,UC Berkeley,r.johnson@mit.edu,,46,FREE,Bioinformatics,Cost &lt; Budget
REC-4524,PRJ-2026-1001,Proj A,m. davis,Unknown,Univ of Nevada Las Vegas,jdoe@illinois.edu,2016-03-12,37,"$159,038.46",Metadata,Phase 1 &amp; 2 complete
,,,,,,,,,,Bioinformatics,Sub-tag record
REC-4525,INVALID_CODE,Investigation into Machine Learning and Modern Data Pipelines,m. davis,2015,"Berkeley, University of California",contact@lab.org,2023-09-30,48,"$155,570.13",Metadata,Cost &lt; Budget
REC-4526,prj-2026-1001,Investigation into Bioinformatics and Modern Data Pipelines,m. davis,2022,University of Illinois at Urbana-Champaign,contact@lab.org,2020-01-15,8,-$159.00,Cataloging,Cost &lt; Budget
REC-4527,PRJ20261001,National Science Foundation Geospatial Analysis Infrastructure Program,Dr. Doe,2050,UNLV,smith@unlv.edu,2018-11-05,28,"$104,606.10",GIS Mapping,Na&iuml;ve Bayes test
REC-4528,PRJ-2026-1001,Analysis of Cataloging,Alexander Wright,,Urbana Champaign University of Illinois,duplicate.user@research.org,2099-12-31,32,120432.29,Data Science,Phase 1 &amp; 2 complete
REC-4529,PRJ-2026-1001,Analysis of Bioinformatics,Patricia Taylor-Garcia,2050,Univ of Nevada Las Vegas,r.johnson@mit.edu,2099-12-31,15,FREE,Cataloging,Na&iuml;ve Bayes test
REC-4530,PRJ20261001,Study on Cataloging,Geoffrey Clark,Unknown,Univ of Nevada Las Vegas,jdoe@illinois.edu,2023-09-30,43,93045.23,Machine Learning,Phase 1 &amp; 2 complete
REC-4531,PRJ-2026-8819,Investigation into Ethics and Modern Data Pipelines,Dr. Jane Mary Smith,,Massachusetts Institute of Technology,contact@lab.org,2021-07-22,46,FREE,Metadata,Na&iuml;ve Bayes test
REC-4532,INVALID_CODE,Proj A,A. PROF. WILSON,,UIUC,contact@lab.org,2021-07-22,25,"$86,664.18",Machine Learning,Cost &lt; Budget
,,,,,,,,,,GIS Mapping,Sub-tag record
REC-4533,PRJ-2026-1001,Comprehensive Digital Humanities Data Archival Research Initiative Phase 1,Dr. Doe,c. 2005,Urbana Champaign University of Illinois,smith@unlv.edu,2018-11-05,20,64156.46 USD,GIS Mapping,Na&iuml;ve Bayes test
,,,,,,,,,,Ethics,Sub-tag record
,,,,,,,,,,Metadata,Sub-tag record
,,,,,,,,,,Python,Sub-tag record
REC-4534,PRJ-2026-9900,Study on Machine Learning,Jeffrey Clarke,2022,University of Illinois at Urbana-Champaign,duplicate.user@research.org,,3,"$10,184.23",Bioinformatics,Na&iuml;ve Bayes test
REC-4535,PRJ-2026-1001,Study on Machine Learning,Geoffrey Clark,2021,Univ. of Illinois (UIUC),jdoe@illinois.edu,2023-09-30,41,FREE,Data Science,Caf&eacute; study group
REC-4536,INVALID_CODE,Comprehensive Digital Humanities Data Archival Research Initiative Phase 1,Dr. Brown,2005,"Las Vegas, University of Nevada",r.johnson@mit.edu,,14,"$27,946.62",Python,Caf&eacute; study group
REC-4537,INVALID_CODE,Comprehensive Digital Humanities Data Archival Research Project Phase 1,Dr. Johnson,2020,MIT,duplicate.user@research.org,2099-12-31,12,40321.95 USD,Data Science,Notes on &quot;UIUC&quot;
REC-4538,PRJ-26-1001,Investigation into Bioinformatics and Modern Data Pipelines,Smith,Unknown,"University of California, Berkeley",smith@unlv.edu,,43,181293.98,Python,Notes on &quot;UIUC&quot;
REC-4539,PRJ-2026-1001,Analysis of Archival Studies,Johnathan Doee,2018,University of Illinois at Urbana-Champaign,smith@unlv.edu,2099-12-31,18,74393.67,Ethics,Caf&eacute; study group
REC-4540,PRJ-2026-8819,Analysis of GIS Mapping,Robert Johnson,1882,Urbana Champaign University of Illinois,a.wright@berkeley.edu,2020-01-15,16,FREE,Metadata,Cost &lt; Budget
REC-4541,PRJ-2026-9900,Analysis of Bioinformatics,Johnathan Doee,N/A,Univ of Nevada Las Vegas,jdoe@illinois.edu,,23,"$85,535.45",Metadata,Phase 1 &amp; 2 complete
REC-4542,prj-2026-1001,Study on Machine Learning,Stephen Miller,2021,"Urbana-Champaign, University of Illinois",jdoe@illinois.edu,2023-09-30,26,-$376.00,Cataloging,Notes on &quot;UIUC&quot;
,,,,,,,,,,GIS Mapping,Sub-tag record
,,,,,,,,,,Data Science,Sub-tag record
,,,,,,,,,,Python,Sub-tag record
REC-4543,INVALID_CODE,Investigation into Data Science and Modern Data Pipelines,Smith,,Massachusetts Institute of Technology,contact@lab.org,2025-12-01,22,43262.5,Archival Studies,Cost &lt; Budget
REC-4544,prj-2026-1001,Investigation into Ethics and Modern Data Pipelines,m. davis,c. 2005,MIT,a.wright@berkeley.edu,2023-09-30,34,"$101,357.13",Cataloging,Notes on &quot;UIUC&quot;
REC-4545,PRJ-2026-8819,Analysis of Bioinformatics,Patricia Taylor Garcia,'15,MIT,smith@unlv.edu,2020-01-15,6,20036.04,Ethics,Phase 1 &amp; 2 complete
REC-4546,PRJ-2026-9900,Study on Archival Studies,Geoffrey Clark,'15,university of illinois at urbana-champaign,jdoe@illinois.edu,2025-12-01,31,"$104,422.36",Data Science,Caf&eacute; study group
REC-4547,PRJ-2026-4052,National Science Foundation Geospatial Analysis Infrastructure Project,Dr. Doe,1998,Massachusetts Institute of Technology,smith@unlv.edu,2099-12-31,16,34468.43 USD,GIS Mapping,Cost &lt; Budget
REC-4548,PRJ-26-1001,Proj A,m. davis,N/A,"Urbana-Champaign, University of Illinois",contact@lab.org,,30,134214.57,Bioinformatics,Notes on &quot;UIUC&quot;
REC-4549,PRJ-2026-9900,Study on Ethics,Geoffrey Clark,Unknown,UC Berkeley,jdoe@illinois.edu,2099-12-31,36,154540.8,GIS Mapping,Na&iuml;ve Bayes test
REC-4550,PRJ-2026-1001,Analysis of Cataloging,Alexander Wright,1882,"Technology, Massachusetts Institute of",jdoe@illinois.edu,2099-12-31,28,48600.14,Python,Cost &lt; Budget
REC-4551,PRJ-2026-4052,Comprehensive Digital Humanities Data Archival Research Project Phase 1,Dr. Smith,'15,M.I.T.,contact@lab.org,,41,"$168,873.30",Ethics,Na&iuml;ve Bayes test
REC-4552,PRJ-2026-4052,Study on Ethics,Jayne Smyth,2022,MIT,jdoe@illinois.edu,2020-01-15,44,81427.65 USD,GIS Mapping,Caf&eacute; study group
REC-4553,INVALID_CODE,Analysis of Python,Johnathan Doee,2021,university of illinois at urbana-champaign,a.wright@berkeley.edu,2016-03-12,24,90995.61 USD,Metadata,Cost &lt; Budget
REC-4554,PRJ-2026-8819,Study on GIS Mapping,Bryan Stewart,2020,MIT,jdoe@illinois.edu,2021-07-22,9,14368.51 USD,Metadata,Notes on &quot;UIUC&quot;
REC-4555,PRJ-2026-9900,Comprehensive Digital Humanities Data Archival Research Initiative Phase 1,Dr. Brown,2022,Cal Berkeley,smith@unlv.edu,2016-03-12,35,"$116,882.33",GIS Mapping,Notes on &quot;UIUC&quot;
REC-4556,PRJ-2026-9900,Analysis of Machine Learning,Johnathan Doee,Class of 2018,"Urbana-Champaign, University of Illinois",a.wright@berkeley.edu,2018-11-05,27,102215.81 USD,Machine Learning,Phase 1 &amp; 2 complete
REC-4557,PRJ-26-1001,Investigation into Cataloging and Modern Data Pipelines,A. PROF. WILSON,c. 2005,University of Illinois at Urbana-Champaign,r.johnson@mit.edu,2021-07-22,17,FREE,Archival Studies,Phase 1 &amp; 2 complete
REC-4558,PRJ-26-1001,Study on Cataloging,Bryan Stewart,2021,Univ of Nevada Las Vegas,jdoe@illinois.edu,2023-09-30,29,65611.33 USD,Ethics,Phase 1 &amp; 2 complete
REC-4559,PRJ-2026-4052,Proj A,Jane Smith,1882,"Technology, Massachusetts Institute of",smith@unlv.edu,2023-09-30,17,63938.1,Data Science,Cost &lt; Budget
REC-4560,,Investigation into Data Science and Modern Data Pipelines,Jane Smith,Class of 2018,"Berkeley, University of California",r.johnson@mit.edu,2023-09-30,6,FREE,Archival Studies,Cost &lt; Budget
REC-4561,PRJ20261001,Proj A,Smith,2018,"Berkeley, University of California",a.wright@berkeley.edu,2020-01-15,40,83033.75,GIS Mapping,Cost &lt; Budget
REC-4562,PRJ-2026-8819,National Science Foundation Geospatial Analysis Infrastructure Project,Dr. Smith,c2020,"Urbana-Champaign, University of Illinois",r.johnson@mit.edu,2018-11-05,38,78918.55 USD,GIS Mapping,Phase 1 &amp; 2 complete
REC-4563,prj-2026-1001,National Science Foundation Geospatial Analysis Infrastructure Program,Dr. Doe,2015,Univ of Illinois Urbana Champaign,contact@lab.org,2020-01-15,25,FREE,Archival Studies,Cost &lt; Budget
REC-4564,,Analysis of GIS Mapping,Patricia Taylor Garcia,Pending,UC Berkeley,r.johnson@mit.edu,1900-01-01,35,FREE,Python,Na&iuml;ve Bayes test
REC-4565,PRJ-2026-1001,Analysis of Metadata,Patricia Taylor Garcia,Pending,MIT,a.wright@berkeley.edu,2021-07-22,34,FREE,Data Science,Notes on &quot;UIUC&quot;
REC-4566,PRJ-2026-8819,National Science Foundation Geospatial Analysis Infrastructure Program,Dr. Brown,2022,UNLV,jdoe@illinois.edu,2016-03-12,3,FREE,GIS Mapping,Phase 1 &amp; 2 complete
REC-4567,PRJ-2026-9900,Analysis of Ethics,Johnathan Doee,1998,M.I.T.,r.johnson@mit.edu,2025-12-01,11,19700.22 USD,Cataloging,Phase 1 &amp; 2 complete
REC-4568,INVALID_CODE,Investigation into Bioinformatics and Modern Data Pipelines,m. davis,N/A,Urbana Champaign University of Illinois,contact@lab.org,2023-09-30,39,114616.89,Machine Learning,Na&iuml;ve Bayes test
REC-4569,INVALID_CODE,Analysis of Python,Patricia Taylor Garcia,2012,UNLV,contact@lab.org,2099-12-31,23,FREE,Machine Learning,Caf&eacute; study group
REC-4570,PRJ-2026-8819,Investigation into Bioinformatics and Modern Data Pipelines,Smith,2012,Massachusetts Institute of Technology,r.johnson@mit.edu,,9,"$22,657.55",Metadata,Phase 1 &amp; 2 complete
REC-4571,PRJ-2026-4052,National Science Foundation Geospatial Analysis Infrastructure Program,Dr. Brown,2012.0,University of Illinois at Urbana-Champaign,r.johnson@mit.edu,2018-11-05,30,78412.11,Bioinformatics,Cost &lt; Budget
REC-4572,PRJ-2026-1001,Comprehensive Digital Humanities Data Archival Research Project Phase 2,Dr. Smith,Unknown,"Technology, Massachusetts Institute of",r.johnson@mit.edu,2099-12-31,25,-$227.00,Python,Cost &lt; Budget
REC-4573,PRJ-2026-4052,Proj A,Jane Smith,c. 2005,"Las Vegas, University of Nevada",r.johnson@mit.edu,2025-12-01,48,FREE,GIS Mapping,Na&iuml;ve Bayes test
REC-4574,INVALID_CODE,Investigation into Data Science and Modern Data Pipelines,m. davis,N/A,UC Berkeley,r.johnson@mit.edu,2018-11-05,38,FREE,GIS Mapping,Notes on &quot;UIUC&quot;
REC-4575,PRJ-2026-9900,Comprehensive Digital Humanities Data Archival Research Initiative Phase 1,Dr. Smith,Unknown,Massachusetts Institute of Technology,a.wright@berkeley.edu,,46,-$151.00,Cataloging,Na&iuml;ve Bayes test
REC-4576,PRJ-2026-4052,Proj A,Jane Smith,2018,Cal Berkeley,smith@unlv.edu,2018-11-05,35,96790.06,GIS Mapping,Caf&eacute; study group
REC-4577,PRJ-2026-4052,Investigation into Bioinformatics and Modern Data Pipelines,A. PROF. WILSON,2022,Urbana Champaign University of Illinois,duplicate.user@research.org,,28,93839.77,Ethics,Phase 1 &amp; 2 complete
REC-4578,PRJ-2026-1001,Analysis of Archival Studies,Robert Johnson,,university of illinois at urbana-champaign,a.wright@berkeley.edu,2018-11-05,39,123563.98 USD,Data Science,Cost &lt; Budget
REC-4579,prj-2026-1001,Comprehensive Digital Humanities Data Archival Research Project Phase 1,Dr. Johnson,2020,UC Berkeley,contact@lab.org,,10,40395.49 USD,Bioinformatics,Cost &lt; Budget
REC-4580,PRJ-2026-8819,Study on Archival Studies,Jeffrey Clarke,2015,"Las Vegas, University of Nevada",jdoe@illinois.edu,2020-01-15,35,FREE,Data Science,Na&iuml;ve Bayes test
REC-4581,,Study on Python,Jane Smith,Class of 2018,MIT,jdoe@illinois.edu,2018-11-05,44,FREE,Data Science,Phase 1 &amp; 2 complete
REC-4582,PRJ-2026-8819,Study on Python,Stephen Miller,2050,Univ of Nevada Las Vegas,a.wright@berkeley.edu,1900-01-01,24,"$39,786.25",Bioinformatics,Notes on &quot;UIUC&quot;
,,,,,,,,,,Archival Studies,Sub-tag record
,,,,,,,,,,Ethics,Sub-tag record
REC-4583,PRJ-2026-1001,Study on Metadata,Geoffrey Clark,2012.0,UC Berkeley,a.wright@berkeley.edu,2021-07-22,5,19953.37 USD,Ethics,Cost &lt; Budget
REC-4584,INVALID_CODE,Analysis of Ethics,Michael O'Brown,1882,Univ of Nevada Las Vegas,a.wright@berkeley.edu,2018-11-05,29,-$455.00,Machine Learning,Na&iuml;ve Bayes test
REC-4585,PRJ-2026-9900,Analysis of GIS Mapping,Johnathan Doee,c2020,UC Berkeley,duplicate.user@research.org,2099-12-31,12,FREE,Bioinformatics,Phase 1 &amp; 2 complete
REC-4586,,National Science Foundation Geospatial Analysis Infrastructure Program,Dr. Doe,2021,university of illinois at urbana-champaign,contact@lab.org,2099-12-31,33,59661.12 USD,Ethics,Phase 1 &amp; 2 complete
REC-4587,PRJ-2026-1001,Comprehensive Digital Humanities Data Archival Research Initiative Phase 1,Dr. Brown,,"Las Vegas, University of Nevada",jdoe@illinois.edu,1900-01-01,20,-$243.00,Ethics,Cost &lt; Budget
REC-4588,PRJ-26-1001,Comprehensive Digital Humanities Data Archival Research Project Phase 1,Dr. Brown,N/A,Univ of Illinois Urbana Champaign,contact@lab.org,,31,95484.59,Metadata,Caf&eacute; study group
REC-4589,INVALID_CODE,Comprehensive Digital Humanities Data Archival Research Initiative Phase 1,Dr. Brown,1998,Urbana Champaign University of Illinois,duplicate.user@research.org,2018-11-05,16,"$30,042.63",Ethics,Na&iuml;ve Bayes test
REC-4590,INVALID_CODE,Investigation into Python and Modern Data Pipelines,Smith,2022,"Las Vegas, University of Nevada",smith@unlv.edu,,36,FREE,Archival Studies,Notes on &quot;UIUC&quot;
REC-4591,PRJ-2026-4052,Study on Ethics,Brian Stuart,2015,"Berkeley, University of California",a.wright@berkeley.edu,2020-01-15,29,72892.68,Bioinformatics,Phase 1 &amp; 2 complete
REC-4592,PRJ-2026-4052,Proj A,Jane Smith,1998,Massachusetts Institute of Technology,contact@lab.org,2021-07-22,45,FREE,Data Science,Na&iuml;ve Bayes test
REC-4593,,Comprehensive Digital Humanities Data Archival Research Project Phase 1,Dr. Doe,2012,"Urbana-Champaign, University of Illinois",contact@lab.org,2020-01-15,37,FREE,Data Science,Phase 1 &amp; 2 complete
REC-4594,PRJ20261001,Study on Python,Steven Miller,2050,MIT,smith@unlv.edu,2099-12-31,8,FREE,Metadata,Cost &lt; Budget
REC-4595,PRJ20261001,Analysis of Cataloging,Johnathan Doee,2015,MIT,r.johnson@mit.edu,2023-09-30,23,37905.8 USD,Machine Learning,Phase 1 &amp; 2 complete
REC-4596,INVALID_CODE,Study on Ethics,Stephen Miller,1998,Univ. of Illinois (UIUC),a.wright@berkeley.edu,2023-09-30,12,-$214.00,Ethics,Na&iuml;ve Bayes test
REC-4597,INVALID_CODE,Study on Cataloging,Kristina Tailor,1882,"University of Nevada, Las Vegas",smith@unlv.edu,2099-12-31,28,"$47,893.29",Bioinformatics,Notes on &quot;UIUC&quot;
REC-4598,,Study on Python,Brian Stuart,2020,"Technology, Massachusetts Institute of",r.johnson@mit.edu,2018-11-05,7,-$408.00,Metadata,Na&iuml;ve Bayes test
REC-4599,PRJ-26-1001,Analysis of Machine Learning,Michael O'Brown,Unknown,Cal Berkeley,contact@lab.org,,44,"$85,428.59",Data Science,Na&iuml;ve Bayes test
REC-4600,prj-2026-1001,Study on Cataloging,Jayne Smyth,2022,Univ. of Illinois (UIUC),a.wright@berkeley.edu,2099-12-31,5,8859.77,Data Science,Na&iuml;ve Bayes test
REC-4601,prj-2026-1001,Analysis of GIS Mapping,Patricia Taylor-Garcia,2022,Univ of Nevada Las Vegas,a.wright@berkeley.edu,2020-01-15,22,39079.17 USD,Ethics,Cost &lt; Budget
REC-4602,,National Science Foundation Geospatial Analysis Infrastructure Program,Dr. Brown,2022,"Urbana-Champaign, University of Illinois",smith@unlv.edu,2021-07-22,7,"$18,357.87",Machine Learning,Phase 1 &amp; 2 complete
REC-4603,prj-2026-1001,Study on Archival Studies,Geoffrey Clark,2005,UC Berkeley,smith@unlv.edu,2018-11-05,12,53391.2,Data Science,Phase 1 &amp; 2 complete
REC-4604,INVALID_CODE,Comprehensive Digital Humanities Data Archival Research Project Phase 2,Dr. Brown,2018,Univ of Illinois Urbana Champaign,smith@unlv.edu,,7,30363.61 USD,Archival Studies,Cost &lt; Budget
REC-4605,PRJ-2026-8819,Proj A,A. PROF. WILSON,N/A,M.I.T.,a.wright@berkeley.edu,1900-01-01,4,-$352.00,Ethics,Notes on &quot;UIUC&quot;
REC-4606,PRJ-2026-8819,Study on GIS Mapping,Jane Smith,2018,university of illinois at urbana-champaign,contact@lab.org,2025-12-01,16,26272.07,Archival Studies,Na&iuml;ve Bayes test
REC-4607,,Investigation into Metadata and Modern Data Pipelines,A. PROF. WILSON,c. 2005,Univ of Illinois Urbana Champaign,contact@lab.org,2016-03-12,29,125422.59,Data Science,Phase 1 &amp; 2 complete
REC-4608,PRJ20261001,National Science Foundation Geospatial Analysis Infrastructure Project,Dr. Smith,2050,"Las Vegas, University of Nevada",jdoe@illinois.edu,2016-03-12,6,22674.57 USD,Data Science,Cost &lt; Budget
REC-4609,PRJ-2026-8819,Investigation into Ethics and Modern Data Pipelines,A. PROF. WILSON,2022,UNLV,smith@unlv.edu,,17,FREE,Data Science,Cost &lt; Budget
REC-4610,PRJ-2026-9900,Analysis of Archival Studies,Johnathan Doee,2015,M.I.T.,duplicate.user@research.org,2021-07-22,15,"$37,378.76",Archival Studies,Cost &lt; Budget
REC-4611,PRJ-2026-9900,Comprehensive Digital Humanities Data Archival Research Initiative Phase 1,Dr. Smith,2018,M.I.T.,contact@lab.org,2020-01-15,5,11458.01 USD,Cataloging,Na&iuml;ve Bayes test
REC-4612,PRJ-2026-8819,Comprehensive Digital Humanities Data Archival Research Project Phase 2,Dr. Johnson,2050,"Las Vegas, University of Nevada",contact@lab.org,2023-09-30,31,114314.14 USD,Cataloging,Cost &lt; Budget
REC-4613,,Analysis of Data Science,Michael OBrown,2018,Urbana Champaign University of Illinois,r.johnson@mit.edu,2018-11-05,45,136824.49,Data Science,Na&iuml;ve Bayes test
REC-4614,prj-2026-1001,Investigation into Metadata and Modern Data Pipelines,Jane Smith,2018,"Berkeley, University of California",contact@lab.org,2018-11-05,19,72596.58 USD,Cataloging,Na&iuml;ve Bayes test
REC-4615,PRJ-26-1001,Analysis of Cataloging,Johnathan Doee,c2020,"University of California, Berkeley",r.johnson@mit.edu,1900-01-01,45,FREE,Data Science,Na&iuml;ve Bayes test
REC-4616,PRJ20261001,Study on GIS Mapping,Jeffrey Clarke,2050,M.I.T.,smith@unlv.edu,2025-12-01,14,61135.28,Machine Learning,Phase 1 &amp; 2 complete
REC-4617,PRJ-2026-1001,Analysis of Machine Learning,Patricia Taylor-Garcia,N/A,Univ of Nevada Las Vegas,smith@unlv.edu,2018-11-05,32,-$215.00,Data Science,Cost &lt; Budget
REC-4618,PRJ-2026-9900,Investigation into Machine Learning and Modern Data Pipelines,m. davis,2021,"Urbana-Champaign, University of Illinois",contact@lab.org,2018-11-05,22,-$320.00,Machine Learning,Caf&eacute; study group
REC-4619,PRJ-2026-9900,Comprehensive Digital Humanities Data Archival Research Project Phase 2,Dr. Johnson,Pending,"University of Nevada, Las Vegas",r.johnson@mit.edu,2018-11-05,11,-$292.00,Metadata,Caf&eacute; study group
REC-4620,PRJ20261001,Analysis of Data Science,Patricia Taylor-Garcia,2022,"Urbana-Champaign, University of Illinois",smith@unlv.edu,2025-12-01,17,"$43,026.55",Ethics,Na&iuml;ve Bayes test
REC-4621,prj-2026-1001,Investigation into Data Science and Modern Data Pipelines,Dr. Jane Mary Smith,Unknown,U.N.L.V.,contact@lab.org,2020-01-15,43,"$136,897.98",Metadata,Notes on &quot;UIUC&quot;
REC-4622,,Proj A,Dr. Jane Mary Smith,2050,"Las Vegas, University of Nevada",contact@lab.org,2023-09-30,17,73441.56,Archival Studies,Phase 1 &amp; 2 complete
REC-4623,PRJ-2026-8819,Investigation into Metadata and Modern Data Pipelines,A. PROF. WILSON,N/A,Cal Berkeley,smith@unlv.edu,2016-03-12,8,32058.76,Archival Studies,Cost &lt; Budget
REC-4624,prj-2026-1001,Study on Cataloging,Geoffrey Clark,2015,"University of Nevada, Las Vegas",r.johnson@mit.edu,,39,-$173.00,Ethics,Phase 1 &amp; 2 complete
REC-4625,PRJ-2026-4052,Proj A,Dr. Jane Mary Smith,Unknown,"University of Nevada, Las Vegas",smith@unlv.edu,2023-09-30,4,"$8,727.55",Data Science,Phase 1 &amp; 2 complete
,,,,,,,,,,Cataloging,Sub-tag record
REC-4626,PRJ20261001,Study on GIS Mapping,Jayne Smyth,Unknown,University of Illinois at Urbana-Champaign,contact@lab.org,,29,122346.49,GIS Mapping,Caf&eacute; study group
REC-4627,PRJ-2026-1001,Analysis of GIS Mapping,Johnathan Doee,Unknown,Univ of Nevada Las Vegas,r.johnson@mit.edu,,38,-$385.00,Bioinformatics,Notes on &quot;UIUC&quot;
REC-4628,PRJ-2026-1001,Study on Machine Learning,Stephen Miller,c. 2005,UC Berkeley,contact@lab.org,2099-12-31,12,"$50,742.48",Cataloging,Notes on &quot;UIUC&quot;
REC-4629,INVALID_CODE,Comprehensive Digital Humanities Data Archival Research Initiative Phase 1,Dr. Johnson,1882,Univ. of Illinois (UIUC),contact@lab.org,2021-07-22,6,FREE,Cataloging,Na&iuml;ve Bayes test
REC-4630,PRJ20261001,Analysis of GIS Mapping,Michael OBrown,Class of 2018,Cal Berkeley,smith@unlv.edu,2023-09-30,25,63214.06,GIS Mapping,Phase 1 &amp; 2 complete
REC-4631,PRJ-2026-4052,Comprehensive Digital Humanities Data Archival Research Project Phase 2,Dr. Smith,2012,"University of Nevada, Las Vegas",contact@lab.org,,37,136504.35,Machine Learning,Cost &lt; Budget
REC-4632,prj-2026-1001,National Science Foundation Geospatial Analysis Infrastructure Project,Dr. Doe,2005,"University of California, Berkeley",a.wright@berkeley.edu,2016-03-12,45,"$105,310.18",Machine Learning,Na&iuml;ve Bayes test
REC-4633,INVALID_CODE,Analysis of Data Science,Michael OBrown,2022,"Technology, Massachusetts Institute of",r.johnson@mit.edu,2018-11-05,19,FREE,Metadata,Notes on &quot;UIUC&quot;
REC-4634,PRJ-2026-4052,Comprehensive Digital Humanities Data Archival Research Initiative Phase 1,Dr. Johnson,1998,Massachusetts Institute of Technology,contact@lab.org,2023-09-30,44,112661.83 USD,Ethics,Phase 1 &amp; 2 complete
REC-4635,INVALID_CODE,Study on GIS Mapping,Kristina Tailor,2022,UC Berkeley,smith@unlv.edu,1900-01-01,43,"$111,671.54",Machine Learning,Cost &lt; Budget
REC-4636,prj-2026-1001,Study on Metadata,Bryan Stewart,Class of 2018,MIT,a.wright@berkeley.edu,2025-12-01,40,-$176.00,Data Science,Caf&eacute; study group
REC-4637,PRJ-26-1001,Proj A,m. davis,2012,M.I.T.,smith@unlv.edu,2021-07-22,9,FREE,Data Science,Caf&eacute; study group
,,,,,,,,,,Python,Sub-tag record
REC-4638,PRJ-2026-1001,Analysis of Ethics,Johnathan Doee,1998,Massachusetts Institute of Technology,jdoe@illinois.edu,2020-01-15,23,99535.91 USD,GIS Mapping,Caf&eacute; study group
REC-4639,PRJ-2026-4052,National Science Foundation Geospatial Analysis Infrastructure Program,Dr. Doe,Unknown,Massachusetts Institute of Technology,smith@unlv.edu,1900-01-01,22,-$403.00,GIS Mapping,Phase 1 &amp; 2 complete
REC-4640,PRJ-2026-9900,Study on Cataloging,Brian Stuart,c2020,Univ of Nevada Las Vegas,contact@lab.org,2025-12-01,24,FREE,Python,Notes on &quot;UIUC&quot;
REC-4641,,National Science Foundation Geospatial Analysis Infrastructure Program,Dr. Doe,N/A,Univ. of Illinois (UIUC),jdoe@illinois.edu,,13,55762.25 USD,Bioinformatics,Na&iuml;ve Bayes test
,,,,,,,,,,Machine Learning,Sub-tag record
REC-4642,PRJ20261001,Study on Cataloging,Kathryn Write,2022,UIUC,a.wright@berkeley.edu,2025-12-01,7,16767.96 USD,Metadata,Na&iuml;ve Bayes test
REC-4643,PRJ-2026-4052,Study on Cataloging,Jeffrey Clarke,c2020,MIT,a.wright@berkeley.edu,1900-01-01,12,46515.93,Bioinformatics,Notes on &quot;UIUC&quot;
REC-4644,PRJ-2026-9900,Study on Data Science,Kathryn Write,2050,MIT,smith@unlv.edu,2021-07-22,7,20451.67 USD,Python,Na&iuml;ve Bayes test
REC-4645,PRJ-2026-4052,Proj A,Jane Smith,,Univ of Illinois Urbana Champaign,contact@lab.org,1900-01-01,39,120036.15 USD,Machine Learning,Notes on &quot;UIUC&quot;
REC-4646,,Study on Archival Studies,Geoffrey Clark,'15,Urbana Champaign University of Illinois,a.wright@berkeley.edu,2025-12-01,21,59746.0,Metadata,Phase 1 &amp; 2 complete
REC-4647,PRJ-2026-1001,Analysis of Machine Learning,Robert Johnson,N/A,Massachusetts Institute of Technology,contact@lab.org,,11,-$296.00,Bioinformatics,Caf&eacute; study group
REC-4648,PRJ-2026-8819,Proj A,m. davis,c2020,Cal Berkeley,r.johnson@mit.edu,2099-12-31,4,15484.88 USD,Data Science,Notes on &quot;UIUC&quot;
REC-4649,PRJ-2026-9900,National Science Foundation Geospatial Analysis Infrastructure Project,Dr. Smith,2021,Univ of Nevada Las Vegas,contact@lab.org,,7,FREE,Metadata,Na&iuml;ve Bayes test
REC-4650,,Study on Data Science,Kristina Tailor,Unknown,M.I.T.,contact@lab.org,,36,72810.98 USD,Bioinformatics,Caf&eacute; study group
REC-4651,PRJ-2026-1001,Proj A,Dr. Jane Mary Smith,2015,"Berkeley, University of California",contact@lab.org,2020-01-15,14,49536.11,Bioinformatics,Notes on &quot;UIUC&quot;
REC-4652,INVALID_CODE,Study on Machine Learning,Kristina Tailor,2012.0,M.I.T.,a.wright@berkeley.edu,2020-01-15,34,134064.49,Ethics,Caf&eacute; study group
REC-4653,PRJ-2026-4052,Analysis of Metadata,Michael O'Brown,,Urbana Champaign University of Illinois,contact@lab.org,2020-01-15,7,20058.86,Python,Caf&eacute; study group
REC-4654,,Proj A,m. davis,1998,MIT,contact@lab.org,2023-09-30,46,191764.73 USD,GIS Mapping,Phase 1 &amp; 2 complete
,,,,,,,,,,Archival Studies,Sub-tag record
,,,,,,,,,,Machine Learning,Sub-tag record
REC-4655,INVALID_CODE,Study on GIS Mapping,Brian Stuart,c. 2005,Massachusetts Institute of Technology,contact@lab.org,2099-12-31,33,-$139.00,Bioinformatics,Na&iuml;ve Bayes test
REC-4656,PRJ20261001,Study on Machine Learning,Kathryn Write,2015,"Urbana-Champaign, University of Illinois",a.wright@berkeley.edu,2099-12-31,45,FREE,Data Science,Caf&eacute; study group
REC-4657,PRJ-26-1001,Analysis of Metadata,Robert Jhnson,,Urbana Champaign University of Illinois,smith@unlv.edu,2025-12-01,41,FREE,Python,Notes on &quot;UIUC&quot;
REC-4658,prj-2026-1001,Proj A,Jane Smith,2005,University of Illinois at Urbana-Champaign,jdoe@illinois.edu,2018-11-05,39,150584.53,Metadata,Phase 1 &amp; 2 complete
REC-4659,,Comprehensive Digital Humanities Data Archival Research Project Phase 1,Dr. Johnson,c2020,MIT,contact@lab.org,2021-07-22,41,"$177,118.51",Metadata,Caf&eacute; study group
REC-4660,PRJ-2026-4052,Investigation into Ethics and Modern Data Pipelines,Jane Smith,Unknown,U.N.L.V.,smith@unlv.edu,2023-09-30,28,FREE,Ethics,Notes on &quot;UIUC&quot;
REC-4661,INVALID_CODE,National Science Foundation Geospatial Analysis Infrastructure Program,Dr. Johnson,2050,"Urbana-Champaign, University of Illinois",jdoe@illinois.edu,,11,23860.0 USD,GIS Mapping,Phase 1 &amp; 2 complete
,,,,,,,,,,Data Science,Sub-tag record
,,,,,,,,,,Cataloging,Sub-tag record
REC-4662,PRJ-2026-1001,Study on Bioinformatics,Kristina Tailor,N/A,Univ of Nevada Las Vegas,contact@lab.org,1900-01-01,32,-$113.00,Machine Learning,Na&iuml;ve Bayes test
REC-4663,PRJ20261001,Analysis of Archival Studies,Robert Johnson,2018,Cal Berkeley,contact@lab.org,2025-12-01,35,-$274.00,GIS Mapping,Phase 1 &amp; 2 complete
REC-4664,PRJ20261001,Analysis of Data Science,Alexandr Wright,2050,"University of Nevada, Las Vegas",a.wright@berkeley.edu,2021-07-22,3,12304.5,GIS Mapping,Notes on &quot;UIUC&quot;
REC-4665,PRJ-2026-1001,Analysis of Bioinformatics,Michael O'Brown,'15,Cal Berkeley,jdoe@illinois.edu,2023-09-30,12,"$51,543.76",Ethics,Notes on &quot;UIUC&quot;
REC-4666,,Investigation into Ethics and Modern Data Pipelines,Dr. Jane Mary Smith,1998,UIUC,r.johnson@mit.edu,2099-12-31,17,FREE,Machine Learning,Na&iuml;ve Bayes test
REC-4667,PRJ-2026-9900,Comprehensive Digital Humanities Data Archival Research Initiative Phase 1,Dr. Brown,Pending,Massachusetts Institute of Technology,a.wright@berkeley.edu,2020-01-15,43,96790.18,Machine Learning,Cost &lt; Budget
REC-4668,PRJ20261001,Proj A,Jane Smith,2012,Univ of Nevada Las Vegas,contact@lab.org,2020-01-15,47,"$169,239.05",Data Science,Cost &lt; Budget
REC-4669,,Analysis of Cataloging,Patricia Taylor-Garcia,2018,"Urbana-Champaign, University of Illinois",a.wright@berkeley.edu,2023-09-30,12,35617.44,Archival Studies,Phase 1 &amp; 2 complete
,,,,,,,,,,Python,Sub-tag record
,,,,,,,,,,Metadata,Sub-tag record
,,,,,,,,,,Data Science,Sub-tag record
REC-4670,PRJ-2026-8819,Analysis of Data Science,Michael OBrown,c. 2005,Univ of Illinois Urbana Champaign,contact@lab.org,2020-01-15,5,FREE,Cataloging,Na&iuml;ve Bayes test
,,,,,,,,,,Archival Studies,Sub-tag record
REC-4671,PRJ20261001,Study on Data Science,Geoffrey Clark,,Urbana Champaign University of Illinois,jdoe@illinois.edu,2020-01-15,5,-$334.00,GIS Mapping,Na&iuml;ve Bayes test
REC-4672,PRJ20261001,Comprehensive Digital Humanities Data Archival Research Project Phase 2,Dr. Smith,2012.0,UC Berkeley,contact@lab.org,2020-01-15,24,75079.51 USD,Cataloging,Na&iuml;ve Bayes test
REC-4673,prj-2026-1001,Study on Data Science,Catherine Wright,Unknown,Univ. of Illinois (UIUC),smith@unlv.edu,,26,"$95,071.91",Data Science,Caf&eacute; study group
REC-4674,PRJ-26-1001,Investigation into Python and Modern Data Pipelines,A. PROF. WILSON,2021,UIUC,contact@lab.org,2021-07-22,10,25025.6 USD,Ethics,Phase 1 &amp; 2 complete
REC-4675,PRJ-2026-8819,Comprehensive Digital Humanities Data Archival Research Project Phase 1,Dr. Brown,Class of 2018,Urbana Champaign University of Illinois,smith@unlv.edu,,20,FREE,Python,Na&iuml;ve Bayes test
REC-4676,PRJ-2026-1001,Analysis of Bioinformatics,Patricia Taylor Garcia,2012.0,UNLV,r.johnson@mit.edu,,37,112960.46,Data Science,Cost &lt; Budget
REC-4677,,Investigation into Data Science and Modern Data Pipelines,A. PROF. WILSON,2050,"University of Nevada, Las Vegas",a.wright@berkeley.edu,,40,-$427.00,GIS Mapping,Na&iuml;ve Bayes test
REC-4678,PRJ-2026-1001,National Science Foundation Geospatial Analysis Infrastructure Program,Dr. Smith,2022,"Urbana-Champaign, University of Illinois",contact@lab.org,2025-12-01,25,FREE,Ethics,Na&iuml;ve Bayes test
REC-4679,,Study on Archival Studies,Stephen Miller,Unknown,MIT,contact@lab.org,2018-11-05,13,FREE,Bioinformatics,Cost &lt; Budget
REC-4680,PRJ-26-1001,Investigation into Data Science and Modern Data Pipelines,m. davis,2050,Univ. of Illinois (UIUC),smith@unlv.edu,2021-07-22,48,184075.13 USD,Machine Learning,Na&iuml;ve Bayes test
REC-4681,,Analysis of Cataloging,Michael OBrown,2012.0,Univ. of Illinois (UIUC),contact@lab.org,2023-09-30,8,22138.48 USD,Metadata,Phase 1 &amp; 2 complete
REC-4682,prj-2026-1001,Study on Machine Learning,Stephen Miller,c. 2005,university of illinois at urbana-champaign,r.johnson@mit.edu,,60,100.0 USD,Data Science,Cost &lt; Budget
REC-4683,PRJ20261001,Study on Machine Learning,Catherine Wright,Unknown,University of Illinois at Urbana-Champaign,a.wright@berkeley.edu,2099-12-31,60,100.0,GIS Mapping,Notes on &quot;UIUC&quot;
REC-4684,PRJ-2026-9900,Proj A,Smith,2005,M.I.T.,jdoe@illinois.edu,2020-01-15,1,"$750,000.00",Machine Learning,Cost &lt; Budget
REC-4685,prj-2026-1001,Investigation into Python and Modern Data Pipelines,A. PROF. WILSON,'15,Urbana Champaign University of Illinois,jdoe@illinois.edu,2025-12-01,8,"$15,752.94",Machine Learning,Cost &lt; Budget
REC-4686,INVALID_CODE,Analysis of Ethics,Alexander Wright,N/A,"Technology, Massachusetts Institute of",r.johnson@mit.edu,2023-09-30,35,FREE,Cataloging,Caf&eacute; study group
REC-4687,PRJ-2026-9900,Analysis of Ethics,Johnathan Doe,N/A,Univ of Illinois Urbana Champaign,r.johnson@mit.edu,2018-11-05,45,-$341.00,Data Science,Na&iuml;ve Bayes test
REC-4688,PRJ20261001,Study on Ethics,Jeffrey Clarke,2018,M.I.T.,smith@unlv.edu,2021-07-22,27,FREE,Bioinformatics,Na&iuml;ve Bayes test
REC-4689,PRJ-2026-9900,Comprehensive Digital Humanities Data Archival Research Initiative Phase 1,Dr. Doe,,University of Illinois at Urbana-Champaign,smith@unlv.edu,2020-01-15,42,-$321.00,GIS Mapping,Cost &lt; Budget
REC-4690,PRJ-2026-8819,Proj A,m. davis,Unknown,"University of Nevada, Las Vegas",contact@lab.org,2020-01-15,11,"$26,590.58",Machine Learning,Phase 1 &amp; 2 complete
REC-4691,PRJ20261001,Investigation into GIS Mapping and Modern Data Pipelines,A. PROF. WILSON,2012.0,University of Illinois at Urbana-Champaign,smith@unlv.edu,2023-09-30,26,95269.84 USD,Ethics,Cost &lt; Budget
REC-4692,,Analysis of Bioinformatics,Robert Jhnson,2021,UC Berkeley,smith@unlv.edu,2018-11-05,38,FREE,Bioinformatics,Notes on &quot;UIUC&quot;
REC-4693,prj-2026-1001,Analysis of GIS Mapping,Johnathan Doe,N/A,M.I.T.,duplicate.user@research.org,2016-03-12,9,21292.79 USD,Metadata,Cost &lt; Budget
REC-4694,PRJ-2026-1001,Proj A,Smith,c2020,Univ of Nevada Las Vegas,jdoe@illinois.edu,2099-12-31,28,"$117,026.03",Python,Notes on &quot;UIUC&quot;
REC-4695,INVALID_CODE,Analysis of Archival Studies,Johnathan Doe,1998,"University of California, Berkeley",a.wright@berkeley.edu,1900-01-01,34,99185.3 USD,Metadata,Na&iuml;ve Bayes test
REC-4696,PRJ-2026-8819,Comprehensive Digital Humanities Data Archival Research Initiative Phase 1,Dr. Doe,Unknown,UIUC,jdoe@illinois.edu,,9,-$174.00,Machine Learning,Caf&eacute; study group
REC-4697,prj-2026-1001,Analysis of Ethics,Patricia Taylor-Garcia,Pending,MIT,contact@lab.org,,47,190923.59 USD,Machine Learning,Phase 1 &amp; 2 complete
REC-4698,INVALID_CODE,Analysis of Machine Learning,Robert Jhnson,'15,University of Illinois at Urbana-Champaign,contact@lab.org,2099-12-31,36,-$236.00,Data Science,Notes on &quot;UIUC&quot;
REC-4699,PRJ-2026-9900,Investigation into GIS Mapping and Modern Data Pipelines,Jane Smith,c2020,university of illinois at urbana-champaign,a.wright@berkeley.edu,,7,"$30,028.16",Machine Learning,Caf&eacute; study group
REC-4700,PRJ20261001,National Science Foundation Geospatial Analysis Infrastructure Project,Dr. Doe,Unknown,University of Illinois at Urbana-Champaign,r.johnson@mit.edu,2099-12-31,40,FREE,Metadata,Phase 1 &amp; 2 complete
REC-4701,,Analysis of Archival Studies,Michael OBrown,c2020,University of Illinois at Urbana-Champaign,smith@unlv.edu,2018-11-05,37,121311.81 USD,Cataloging,Notes on &quot;UIUC&quot;
REC-4702,prj-2026-1001,Comprehensive Digital Humanities Data Archival Research Project Phase 2,Dr. Johnson,2020,U.N.L.V.,jdoe@illinois.edu,2025-12-01,29,-$281.00,Python,Na&iuml;ve Bayes test
REC-4703,PRJ-2026-4052,Analysis of Data Science,Patricia Taylor-Garcia,2018,UNLV,r.johnson@mit.edu,2016-03-12,29,-$362.00,Metadata,Caf&eacute; study group
,,,,,,,,,,GIS Mapping,Sub-tag record
,,,,,,,,,,Machine Learning,Sub-tag record
REC-4704,PRJ20261001,Study on Ethics,Geoffrey Clark,2005,"University of Nevada, Las Vegas",r.johnson@mit.edu,2016-03-12,29,90732.01 USD,Data Science,Notes on &quot;UIUC&quot;
REC-4705,INVALID_CODE,Analysis of Metadata,Alexander Wright,2020,"University of California, Berkeley",contact@lab.org,2025-12-01,40,"$139,422.76",Archival Studies,Caf&eacute; study group
REC-4706,PRJ-26-1001,Study on Ethics,Geoffrey Clark,c2020,Urbana Champaign University of Illinois,jdoe@illinois.edu,2021-07-22,27,71978.3,Cataloging,Na&iuml;ve Bayes test
REC-4707,INVALID_CODE,Comprehensive Digital Humanities Data Archival Research Initiative Phase 1,Dr. Brown,2018,"University of Nevada, Las Vegas",smith@unlv.edu,2099-12-31,20,78736.31 USD,Machine Learning,Na&iuml;ve Bayes test
REC-4708,INVALID_CODE,Study on Bioinformatics,Geoffrey Clark,2020,"Berkeley, University of California",jdoe@illinois.edu,2023-09-30,35,104305.97 USD,Machine Learning,Phase 1 &amp; 2 complete
REC-4709,PRJ-2026-9900,Investigation into Metadata and Modern Data Pipelines,A. PROF. WILSON,'15,Univ of Illinois Urbana Champaign,a.wright@berkeley.edu,2016-03-12,37,FREE,Archival Studies,Caf&eacute; study group
REC-4710,prj-2026-1001,Analysis of Machine Learning,Robert Jhnson,N/A,UC Berkeley,contact@lab.org,1900-01-01,12,21805.08,Bioinformatics,Cost &lt; Budget
REC-4711,PRJ-2026-9900,Comprehensive Digital Humanities Data Archival Research Project Phase 2,Dr. Johnson,N/A,"Berkeley, University of California",r.johnson@mit.edu,,36,83551.88,Python,Phase 1 &amp; 2 complete
REC-4712,PRJ20261001,Comprehensive Digital Humanities Data Archival Research Project Phase 2,Dr. Brown,2020,"Berkeley, University of California",a.wright@berkeley.edu,2099-12-31,25,"$107,233.47",Data Science,Notes on &quot;UIUC&quot;
REC-4713,INVALID_CODE,Analysis of Archival Studies,Michael O'Brown,1998,Massachusetts Institute of Technology,jdoe@illinois.edu,2023-09-30,39,-$337.00,Bioinformatics,Na&iuml;ve Bayes test
REC-4714,PRJ20261001,Comprehensive Digital Humanities Data Archival Research Initiative Phase 1,Dr. Brown,2021,M.I.T.,jdoe@illinois.edu,2025-12-01,40,-$427.00,Python,Notes on &quot;UIUC&quot;
REC-4715,prj-2026-1001,Study on Python,Jane Smith,1998,"Technology, Massachusetts Institute of",r.johnson@mit.edu,2016-03-12,10,"$16,045.16",Metadata,Caf&eacute; study group
REC-4716,,Investigation into Bioinformatics and Modern Data Pipelines,A. PROF. WILSON,2005,M.I.T.,a.wright@berkeley.edu,2021-07-22,14,FREE,Cataloging,Notes on &quot;UIUC&quot;
REC-4717,,Study on Ethics,Brian Stuart,'15,UIUC,contact@lab.org,2018-11-05,5,-$452.00,Metadata,Notes on &quot;UIUC&quot;
REC-4718,PRJ20261001,Investigation into Machine Learning and Modern Data Pipelines,m. davis,2050,"Technology, Massachusetts Institute of",r.johnson@mit.edu,2016-03-12,37,-$483.00,Python,Phase 1 &amp; 2 complete
REC-4719,PRJ-2026-4052,National Science Foundation Geospatial Analysis Infrastructure Program,Dr. Smith,c2020,Univ of Nevada Las Vegas,duplicate.user@research.org,2025-12-01,60,100.0 USD,Metadata,Phase 1 &amp; 2 complete
REC-4720,,Comprehensive Digital Humanities Data Archival Research Project Phase 1,Dr. Doe,Class of 2018,"Urbana-Champaign, University of Illinois",a.wright@berkeley.edu,1900-01-01,24,FREE,Metadata,Na&iuml;ve Bayes test
REC-4721,PRJ-2026-4052,Study on Python,Jane Smith,Unknown,Cal Berkeley,r.johnson@mit.edu,2023-09-30,6,"$10,493.51",GIS Mapping,Cost &lt; Budget
REC-4722,PRJ-2026-1001,Analysis of Ethics,Johnathan Doe,2005,MIT,a.wright@berkeley.edu,2023-09-30,33,"$113,059.90",Ethics,Caf&eacute; study group
REC-4723,PRJ-2026-4052,Study on Metadata,Catherine Wright,2020,Univ of Illinois Urbana Champaign,a.wright@berkeley.edu,2020-01-15,27,-$215.00,Bioinformatics,Notes on &quot;UIUC&quot;
REC-4724,PRJ-2026-9900,Comprehensive Digital Humanities Data Archival Research Project Phase 1,Dr. Smith,N/A,"Technology, Massachusetts Institute of",jdoe@illinois.edu,1900-01-01,13,FREE,Data Science,Caf&eacute; study group
REC-4725,PRJ-2026-1001,Proj A,Smith,2012,Univ of Illinois Urbana Champaign,r.johnson@mit.edu,1900-01-01,19,FREE,Ethics,Notes on &quot;UIUC&quot;
REC-4726,prj-2026-1001,Study on Data Science,Kristina Tailor,2022,"Berkeley, University of California",a.wright@berkeley.edu,2016-03-12,22,94081.11,Machine Learning,Caf&eacute; study group
REC-4727,INVALID_CODE,Investigation into Bioinformatics and Modern Data Pipelines,Dr. Jane Mary Smith,2020,Massachusetts Institute of Technology,contact@lab.org,2020-01-15,18,FREE,Data Science,Phase 1 &amp; 2 complete
REC-4728,PRJ-2026-9900,Study on Archival Studies,Christina Taylor,2020,Massachusetts Institute of Technology,duplicate.user@research.org,2020-01-15,35,-$335.00,Archival Studies,Phase 1 &amp; 2 complete
REC-4729,PRJ-2026-9900,Study on Machine Learning,Kristina Tailor,2012,Univ of Illinois Urbana Champaign,contact@lab.org,2016-03-12,1,-$144.00,Archival Studies,Na&iuml;ve Bayes test
REC-4730,PRJ-2026-4052,Analysis of Cataloging,Alexander Wright,Class of 2018,University of Illinois at Urbana-Champaign,jdoe@illinois.edu,,25,FREE,Ethics,Cost &lt; Budget
REC-4731,PRJ-2026-8819,Investigation into Python and Modern Data Pipelines,m. davis,2005,M.I.T.,jdoe@illinois.edu,,4,-$259.00,Machine Learning,Caf&eacute; study group
REC-4732,prj-2026-1001,Comprehensive Digital Humanities Data Archival Research Project Phase 2,Dr. Doe,Class of 2018,UIUC,r.johnson@mit.edu,2023-09-30,28,"$78,298.35",Metadata,Phase 1 &amp; 2 complete
REC-4733,PRJ-2026-4052,Analysis of Archival Studies,Michael OBrown,Class of 2018,Massachusetts Institute of Technology,a.wright@berkeley.edu,,38,76153.96,Machine Learning,Notes on &quot;UIUC&quot;
REC-4734,prj-2026-1001,Comprehensive Digital Humanities Data Archival Research Project Phase 2,Dr. Doe,2021,university of illinois at urbana-champaign,smith@unlv.edu,2025-12-01,25,FREE,Data Science,Caf&eacute; study group
,,,,,,,,,,Bioinformatics,Sub-tag record
,,,,,,,,,,Ethics,Sub-tag record
,,,,,,,,,,Cataloging,Sub-tag record
REC-4735,prj-2026-1001,Study on Machine Learning,Brian Stuart,c. 2005,Urbana Champaign University of Illinois,contact@lab.org,2099-12-31,19,"$37,333.81",Python,Notes on &quot;UIUC&quot;
REC-4736,PRJ-2026-8819,Investigation into Cataloging and Modern Data Pipelines,Smith,2050,U.N.L.V.,contact@lab.org,2025-12-01,14,54158.25 USD,Metadata,Caf&eacute; study group
REC-4737,PRJ-2026-4052,Study on Bioinformatics,Kristina Tailor,1882,UC Berkeley,jdoe@illinois.edu,2099-12-31,44,196492.06 USD,Bioinformatics,Notes on &quot;UIUC&quot;
,,,,,,,,,,Machine Learning,Sub-tag record
,,,,,,,,,,Cataloging,Sub-tag record
,,,,,,,,,,Ethics,Sub-tag record
REC-4738,prj-2026-1001,Study on Archival Studies,Catherine Wright,Unknown,UIUC,smith@unlv.edu,2018-11-05,29,"$57,596.19",Data Science,Phase 1 &amp; 2 complete
REC-4739,PRJ-2026-9900,Analysis of Machine Learning,Michael OBrown,2012,"Las Vegas, University of Nevada",contact@lab.org,,24,FREE,Machine Learning,Cost &lt; Budget
REC-4740,,Analysis of Cataloging,Michael OBrown,2012,university of illinois at urbana-champaign,smith@unlv.edu,,36,102645.82 USD,Data Science,Caf&eacute; study group
,,,,,,,,,,GIS Mapping,Sub-tag record
,,,,,,,,,,Machine Learning,Sub-tag record
,,,,,,,,,,Bioinformatics,Sub-tag record
REC-4741,PRJ20261001,Proj A,m. davis,2015,UC Berkeley,duplicate.user@research.org,2099-12-31,13,47502.9 USD,Archival Studies,Na&iuml;ve Bayes test
REC-4742,PRJ-2026-9900,Comprehensive Digital Humanities Data Archival Research Initiative Phase 1,Dr. Doe,2050,"University of Nevada, Las Vegas",jdoe@illinois.edu,,7,15241.47 USD,GIS Mapping,Cost &lt; Budget
REC-4743,PRJ-2026-9900,Comprehensive Digital Humanities Data Archival Research Project Phase 1,Dr. Johnson,2012.0,UC Berkeley,smith@unlv.edu,2021-07-22,14,-$434.00,Python,Cost &lt; Budget
REC-4744,PRJ20261001,Comprehensive Digital Humanities Data Archival Research Project Phase 1,Dr. Smith,,"University of California, Berkeley",jdoe@illinois.edu,2018-11-05,45,-$266.00,Python,Phase 1 &amp; 2 complete
REC-4745,prj-2026-1001,Proj A,Dr. Jane Mary Smith,Pending,"Berkeley, University of California",r.johnson@mit.edu,2099-12-31,24,-$488.00,Machine Learning,Caf&eacute; study group
REC-4746,,Proj A,m. davis,1998,U.N.L.V.,a.wright@berkeley.edu,2018-11-05,60,$100.00,Metadata,Phase 1 &amp; 2 complete
REC-4747,PRJ-2026-4052,Study on Archival Studies,Bryan Stewart,'15,Univ of Nevada Las Vegas,smith@unlv.edu,1900-01-01,47,"$119,139.08",Machine Learning,Na&iuml;ve Bayes test
REC-4748,prj-2026-1001,Study on GIS Mapping,Kathryn Write,c. 2005,Univ of Nevada Las Vegas,a.wright@berkeley.edu,2020-01-15,27,96771.8 USD,Data Science,Notes on &quot;UIUC&quot;
,,,,,,,,,,Machine Learning,Sub-tag record
,,,,,,,,,,Cataloging,Sub-tag record
,,,,,,,,,,Python,Sub-tag record
REC-4749,PRJ20261001,Comprehensive Digital Humanities Data Archival Research Project Phase 2,Dr. Johnson,2005,UNLV,a.wright@berkeley.edu,2018-11-05,27,98398.02,Archival Studies,Na&iuml;ve Bayes test
REC-4750,,Analysis of Ethics,Alexandr Wright,2012.0,M.I.T.,contact@lab.org,2021-07-22,16,-$470.00,Python,Notes on &quot;UIUC&quot;
REC-4751,PRJ-2026-8819,Study on Machine Learning,Steven Miller,2012.0,"Technology, Massachusetts Institute of",smith@unlv.edu,2021-07-22,39,84168.5,Archival Studies,Notes on &quot;UIUC&quot;
REC-4752,PRJ-2026-9900,Analysis of Archival Studies,Robert Johnson,2005,M.I.T.,r.johnson@mit.edu,2099-12-31,38,FREE,Machine Learning,Phase 1 &amp; 2 complete
REC-4753,PRJ-2026-9900,Investigation into Bioinformatics and Modern Data Pipelines,A. PROF. WILSON,'15,"Technology, Massachusetts Institute of",r.johnson@mit.edu,2020-01-15,16,69329.49 USD,Bioinformatics,Na&iuml;ve Bayes test
REC-4754,prj-2026-1001,Comprehensive Digital Humanities Data Archival Research Initiative Phase 1,Dr. Johnson,2015,"Las Vegas, University of Nevada",contact@lab.org,2020-01-15,35,-$218.00,Ethics,Cost &lt; Budget
,,,,,,,,,,Data Science,Sub-tag record
,,,,,,,,,,Archival Studies,Sub-tag record
,,,,,,,,,,Bioinformatics,Sub-tag record
REC-4755,PRJ-2026-8819,Proj A,Jane Smith,1882,UC Berkeley,jdoe@illinois.edu,2016-03-12,30,101441.09,Metadata,Phase 1 &amp; 2 complete
REC-4756,PRJ-2026-4052,Analysis of Machine Learning,Alexandr Wright,2018,"Technology, Massachusetts Institute of",a.wright@berkeley.edu,2018-11-05,30,"$105,949.18",Python,Notes on &quot;UIUC&quot;
REC-4757,PRJ20261001,Study on Machine Learning,Geoffrey Clark,'15,"University of California, Berkeley",duplicate.user@research.org,2099-12-31,18,-$370.00,Archival Studies,Notes on &quot;UIUC&quot;
REC-4758,PRJ-26-1001,National Science Foundation Geospatial Analysis Infrastructure Program,Dr. Smith,2005,"University of Nevada, Las Vegas",contact@lab.org,2025-12-01,17,FREE,Data Science,Caf&eacute; study group
REC-4759,PRJ-2026-4052,Analysis of Machine Learning,Michael OBrown,2050,M.I.T.,jdoe@illinois.edu,,39,"$66,619.46",Python,Notes on &quot;UIUC&quot;
REC-4760,PRJ-2026-4052,Study on Machine Learning,Jayne Smyth,2015,Cal Berkeley,contact@lab.org,2023-09-30,43,"$138,661.88",Bioinformatics,Caf&eacute; study group
REC-4761,PRJ20261001,Analysis of Cataloging,Michael O'Brown,2050,"Urbana-Champaign, University of Illinois",contact@lab.org,1900-01-01,20,41848.63 USD,GIS Mapping,Na&iuml;ve Bayes test
REC-4762,PRJ20261001,National Science Foundation Geospatial Analysis Infrastructure Project,Dr. Doe,Class of 2018,UNLV,smith@unlv.edu,2021-07-22,3,"$4,876.51",Machine Learning,Notes on &quot;UIUC&quot;
REC-4763,PRJ-2026-4052,Proj A,m. davis,2005,"Las Vegas, University of Nevada",jdoe@illinois.edu,2020-01-15,8,"$26,231.38",Machine Learning,Na&iuml;ve Bayes test
REC-4764,PRJ-2026-4052,Study on Metadata,Stephen Miller,Unknown,"Urbana-Champaign, University of Illinois",contact@lab.org,,21,37656.39 USD,Bioinformatics,Caf&eacute; study group
REC-4765,PRJ-2026-9900,Analysis of Data Science,Robert Jhnson,2012,Univ of Nevada Las Vegas,a.wright@berkeley.edu,2099-12-31,18,FREE,Python,Cost &lt; Budget
REC-4766,PRJ20261001,Comprehensive Digital Humanities Data Archival Research Project Phase 2,Dr. Brown,2022,Univ. of Illinois (UIUC),r.johnson@mit.edu,1900-01-01,42,-$100.00,Machine Learning,Caf&eacute; study group
REC-4767,prj-2026-1001,Analysis of Cataloging,Robert Jhnson,1882,U.N.L.V.,jdoe@illinois.edu,2018-11-05,26,87529.67,Ethics,Na&iuml;ve Bayes test
,,,,,,,,,,Bioinformatics,Sub-tag record
,,,,,,,,,,Metadata,Sub-tag record
REC-4768,PRJ-26-1001,Investigation into Ethics and Modern Data Pipelines,Smith,2050,Massachusetts Institute of Technology,r.johnson@mit.edu,1900-01-01,32,82613.47 USD,Machine Learning,Na&iuml;ve Bayes test
REC-4769,PRJ-2026-1001,Analysis of Data Science,Michael OBrown,c. 2005,university of illinois at urbana-champaign,contact@lab.org,2023-09-30,25,39421.91 USD,GIS Mapping,Phase 1 &amp; 2 complete
REC-4770,prj-2026-1001,Analysis of Machine Learning,Johnathan Doee,2022,MIT,jdoe@illinois.edu,2021-07-22,4,FREE,Machine Learning,Cost &lt; Budget
REC-4771,PRJ-2026-9900,National Science Foundation Geospatial Analysis Infrastructure Program,Dr. Brown,Unknown,"University of California, Berkeley",jdoe@illinois.edu,2099-12-31,48,FREE,Machine Learning,Notes on &quot;UIUC&quot;
REC-4772,,Analysis of Ethics,Robert Johnson,Pending,MIT,a.wright@berkeley.edu,2025-12-01,46,FREE,Python,Notes on &quot;UIUC&quot;
REC-4773,PRJ-2026-9900,Analysis of Python,Patricia Taylor Garcia,c. 2005,Univ of Illinois Urbana Champaign,r.johnson@mit.edu,1900-01-01,38,113210.6,Ethics,Phase 1 &amp; 2 complete
REC-4774,prj-2026-1001,Comprehensive Digital Humanities Data Archival Research Project Phase 1,Dr. Brown,Class of 2018,"Technology, Massachusetts Institute of",r.johnson@mit.edu,2020-01-15,47,77522.78 USD,Cataloging,Cost &lt; Budget
REC-4775,,Proj A,Dr. Jane Mary Smith,c. 2005,Univ of Illinois Urbana Champaign,jdoe@illinois.edu,,15,-$247.00,Python,Phase 1 &amp; 2 complete
REC-4776,PRJ-2026-1001,Study on Metadata,Kristina Tailor,c2020,Cal Berkeley,a.wright@berkeley.edu,2023-09-30,35,-$383.00,Bioinformatics,Caf&eacute; study group
REC-4777,PRJ-2026-8819,Analysis of Machine Learning,Patricia Taylor Garcia,2012,"University of California, Berkeley",jdoe@illinois.edu,2099-12-31,43,"$127,758.50",GIS Mapping,Cost &lt; Budget
REC-4778,,Analysis of Cataloging,Alexandr Wright,N/A,Urbana Champaign University of Illinois,a.wright@berkeley.edu,2021-07-22,9,16827.02,Ethics,Cost &lt; Budget
REC-4779,prj-2026-1001,Study on GIS Mapping,Christina Taylor,2015,Massachusetts Institute of Technology,smith@unlv.edu,2021-07-22,29,FREE,Machine Learning,Phase 1 &amp; 2 complete
REC-4780,PRJ-2026-1001,Investigation into Data Science and Modern Data Pipelines,m. davis,Unknown,UNLV,smith@unlv.edu,2023-09-30,21,FREE,Cataloging,Cost &lt; Budget
REC-4781,,Study on Cataloging,Bryan Stewart,2022,university of illinois at urbana-champaign,jdoe@illinois.edu,2018-11-05,5,10753.47 USD,Ethics,Phase 1 &amp; 2 complete
REC-4782,INVALID_CODE,Study on Archival Studies,Jane Smith,,"Berkeley, University of California",contact@lab.org,,47,200938.14 USD,Ethics,Caf&eacute; study group
REC-4783,,Comprehensive Digital Humanities Data Archival Research Project Phase 2,Dr. Doe,N/A,university of illinois at urbana-champaign,contact@lab.org,2021-07-22,7,24440.49 USD,GIS Mapping,Notes on &quot;UIUC&quot;
REC-4784,PRJ-2026-9900,Study on GIS Mapping,Jane Smith,2012.0,"Urbana-Champaign, University of Illinois",contact@lab.org,2023-09-30,36,118943.32,Cataloging,Caf&eacute; study group
REC-4785,PRJ-26-1001,National Science Foundation Geospatial Analysis Infrastructure Project,Dr. Doe,1998,UNLV,smith@unlv.edu,,24,91484.35,Bioinformatics,Phase 1 &amp; 2 complete
REC-4786,PRJ-2026-8819,Analysis of Metadata,Johnathan Doee,2018,"University of Nevada, Las Vegas",jdoe@illinois.edu,1900-01-01,28,"$47,085.46",Ethics,Na&iuml;ve Bayes test
REC-4787,PRJ-2026-4052,Comprehensive Digital Humanities Data Archival Research Initiative Phase 1,Dr. Johnson,2012.0,U.N.L.V.,duplicate.user@research.org,,32,129438.15 USD,Machine Learning,Phase 1 &amp; 2 complete
REC-4788,INVALID_CODE,National Science Foundation Geospatial Analysis Infrastructure Program,Dr. Doe,2022,"Technology, Massachusetts Institute of",smith@unlv.edu,2099-12-31,3,"$11,945.12",Ethics,Caf&eacute; study group
REC-4789,PRJ-26-1001,Study on Metadata,Jane Smith,Class of 2018,Massachusetts Institute of Technology,smith@unlv.edu,2099-12-31,36,118005.16 USD,Python,Cost &lt; Budget
REC-4790,PRJ-2026-4052,Analysis of Cataloging,Robert Jhnson,Pending,university of illinois at urbana-champaign,contact@lab.org,2016-03-12,31,62766.57,Bioinformatics,Cost &lt; Budget
REC-4791,PRJ-2026-4052,Analysis of GIS Mapping,Michael OBrown,'15,Urbana Champaign University of Illinois,contact@lab.org,2016-03-12,4,FREE,Data Science,Phase 1 &amp; 2 complete
REC-4792,PRJ-26-1001,Study on Bioinformatics,Steven Miller,c2020,University of Illinois at Urbana-Champaign,smith@unlv.edu,2025-12-01,21,"$50,294.78",Ethics,Caf&eacute; study group
REC-4793,PRJ20261001,Comprehensive Digital Humanities Data Archival Research Project Phase 2,Dr. Johnson,Unknown,university of illinois at urbana-champaign,smith@unlv.edu,2023-09-30,48,"$161,565.67",GIS Mapping,Notes on &quot;UIUC&quot;
REC-4794,INVALID_CODE,Proj A,A. PROF. WILSON,Unknown,"Technology, Massachusetts Institute of",jdoe@illinois.edu,,45,-$406.00,Metadata,Cost &lt; Budget
REC-4795,PRJ-26-1001,Proj A,Jane Smith,'15,MIT,r.johnson@mit.edu,2016-03-12,16,"$33,394.03",Ethics,Na&iuml;ve Bayes test
REC-4796,PRJ-26-1001,Proj A,Smith,2005,Univ of Nevada Las Vegas,contact@lab.org,2020-01-15,42,FREE,GIS Mapping,Caf&eacute; study group
REC-4797,PRJ-26-1001,Investigation into GIS Mapping and Modern Data Pipelines,Jane Smith,Unknown,Univ of Nevada Las Vegas,a.wright@berkeley.edu,2018-11-05,3,5133.05,Metadata,Notes on &quot;UIUC&quot;
REC-4798,PRJ-2026-4052,Study on Python,Christina Taylor,2012.0,UC Berkeley,contact@lab.org,2020-01-15,38,117052.93 USD,Ethics,Notes on &quot;UIUC&quot;
,,,,,,,,,,Metadata,Sub-tag record
,,,,,,,,,,Machine Learning,Sub-tag record
,,,,,,,,,,Bioinformatics,Sub-tag record
REC-4799,PRJ-26-1001,Analysis of Cataloging,Patricia Taylor Garcia,c. 2005,UC Berkeley,smith@unlv.edu,2023-09-30,21,"$54,280.61",Archival Studies,Na&iuml;ve Bayes test
REC-4800,PRJ20261001,Proj A,A. PROF. WILSON,1998,university of illinois at urbana-champaign,r.johnson@mit.edu,2016-03-12,35,"$62,886.63",Cataloging,Caf&eacute; study group
REC-4801,PRJ-2026-4052,Investigation into Archival Studies and Modern Data Pipelines,Dr. Jane Mary Smith,Class of 2018,UNLV,r.johnson@mit.edu,2099-12-31,15,22727.78 USD,GIS Mapping,Notes on &quot;UIUC&quot;
REC-4802,PRJ-2026-4052,Investigation into Python and Modern Data Pipelines,m. davis,2020,"University of California, Berkeley",r.johnson@mit.edu,1900-01-01,25,"$62,682.21",Metadata,Caf&eacute; study group
REC-4803,PRJ20261001,Proj A,Dr. Jane Mary Smith,N/A,Urbana Champaign University of Illinois,jdoe@illinois.edu,2018-11-05,13,FREE,Metadata,Cost &lt; Budget
REC-4804,PRJ-2026-4052,Comprehensive Digital Humanities Data Archival Research Project Phase 2,Dr. Johnson,2050,Univ of Illinois Urbana Champaign,r.johnson@mit.edu,1900-01-01,9,"$28,275.40",GIS Mapping,Cost &lt; Budget
REC-4805,prj-2026-1001,Study on Cataloging,Jane Smith,2015,"University of California, Berkeley",contact@lab.org,2020-01-15,32,121049.53 USD,Data Science,Phase 1 &amp; 2 complete
REC-4806,PRJ-2026-4052,Investigation into Ethics and Modern Data Pipelines,A. PROF. WILSON,2050,UNLV,smith@unlv.edu,2018-11-05,4,-$335.00,Machine Learning,Na&iuml;ve Bayes test
REC-4807,PRJ-2026-4052,Comprehensive Digital Humanities Data Archival Research Initiative Phase 1,Dr. Brown,2021,UC Berkeley,a.wright@berkeley.edu,1900-01-01,6,-$320.00,Ethics,Cost &lt; Budget
REC-4808,,National Science Foundation Geospatial Analysis Infrastructure Program,Dr. Smith,2005,"Berkeley, University of California",duplicate.user@research.org,2025-12-01,26,75512.37,Machine Learning,Notes on &quot;UIUC&quot;
REC-4809,,Comprehensive Digital Humanities Data Archival Research Project Phase 1,Dr. Johnson,2015,U.N.L.V.,contact@lab.org,2025-12-01,38,"$130,076.87",Archival Studies,Phase 1 &amp; 2 complete
REC-4810,INVALID_CODE,Proj A,Jane Smith,c. 2005,"Berkeley, University of California",r.johnson@mit.edu,1900-01-01,45,81017.51 USD,GIS Mapping,Caf&eacute; study group
REC-4811,PRJ-2026-9900,Study on Cataloging,Steven Miller,2005,"Las Vegas, University of Nevada",contact@lab.org,1900-01-01,32,FREE,Python,Na&iuml;ve Bayes test
REC-4812,PRJ-2026-4052,Proj A,Smith,1882,"Technology, Massachusetts Institute of",r.johnson@mit.edu,2020-01-15,43,FREE,Archival Studies,Notes on &quot;UIUC&quot;
REC-4813,prj-2026-1001,Analysis of Machine Learning,Johnathan Doee,Pending,"Las Vegas, University of Nevada",jdoe@illinois.edu,2016-03-12,47,194114.86 USD,Metadata,Na&iuml;ve Bayes test
REC-4814,PRJ-2026-1001,Analysis of Python,Patricia Taylor-Garcia,Pending,Urbana Champaign University of Illinois,jdoe@illinois.edu,,48,136063.04 USD,Data Science,Cost &lt; Budget
REC-4815,PRJ20261001,Investigation into Archival Studies and Modern Data Pipelines,m. davis,2050,Univ of Nevada Las Vegas,r.johnson@mit.edu,2021-07-22,23,80463.6 USD,Python,Phase 1 &amp; 2 complete
REC-4816,PRJ-2026-8819,Study on Ethics,Bryan Stewart,2015,Urbana Champaign University of Illinois,contact@lab.org,2023-09-30,31,"$132,352.94",Bioinformatics,Na&iuml;ve Bayes test
REC-4817,INVALID_CODE,Proj A,Jane Smith,2020,MIT,jdoe@illinois.edu,2021-07-22,36,"$138,300.92",Metadata,Caf&eacute; study group
,,,,,,,,,,Data Science,Sub-tag record
,,,,,,,,,,Machine Learning,Sub-tag record
REC-4818,PRJ20261001,Analysis of Archival Studies,Michael O'Brown,1882,University of Illinois at Urbana-Champaign,a.wright@berkeley.edu,2016-03-12,13,54342.23,GIS Mapping,Phase 1 &amp; 2 complete
REC-4819,PRJ-2026-8819,Comprehensive Digital Humanities Data Archival Research Project Phase 1,Dr. Doe,2022,"Urbana-Champaign, University of Illinois",smith@unlv.edu,2018-11-05,28,81627.08,Data Science,Phase 1 &amp; 2 complete
REC-4820,,Analysis of GIS Mapping,Patricia Taylor-Garcia,Unknown,Univ. of Illinois (UIUC),duplicate.user@research.org,2021-07-22,35,-$131.00,GIS Mapping,Phase 1 &amp; 2 complete
REC-4821,PRJ-2026-1001,Analysis of Machine Learning,Johnathan Doe,1882,"Las Vegas, University of Nevada",smith@unlv.edu,2025-12-01,38,72050.21 USD,Ethics,Cost &lt; Budget
REC-4822,prj-2026-1001,Proj A,A. PROF. WILSON,Unknown,Cal Berkeley,contact@lab.org,1900-01-01,12,FREE,Bioinformatics,Caf&eacute; study group
REC-4823,PRJ-2026-4052,Comprehensive Digital Humanities Data Archival Research Initiative Phase 1,Dr. Doe,'15,University of Illinois at Urbana-Champaign,a.wright@berkeley.edu,2099-12-31,26,-$378.00,GIS Mapping,Cost &lt; Budget
REC-4824,PRJ-2026-4052,Study on Machine Learning,Kathryn Write,Class of 2018,Univ. of Illinois (UIUC),jdoe@illinois.edu,1900-01-01,13,50718.24,Machine Learning,Phase 1 &amp; 2 complete
REC-4825,PRJ-2026-1001,Study on Data Science,Jane Smith,c2020,MIT,jdoe@illinois.edu,1900-01-01,13,FREE,Ethics,Na&iuml;ve Bayes test
REC-4826,PRJ-2026-9900,Comprehensive Digital Humanities Data Archival Research Project Phase 2,Dr. Brown,2005,University of Illinois at Urbana-Champaign,duplicate.user@research.org,2018-11-05,5,FREE,Cataloging,Cost &lt; Budget
REC-4827,INVALID_CODE,Analysis of GIS Mapping,Alexandr Wright,2012.0,University of Illinois at Urbana-Champaign,contact@lab.org,2023-09-30,28,104587.32 USD,GIS Mapping,Notes on &quot;UIUC&quot;
REC-4828,PRJ20261001,Proj A,Jane Smith,,university of illinois at urbana-champaign,contact@lab.org,2016-03-12,22,FREE,GIS Mapping,Caf&eacute; study group
,,,,,,,,,,Ethics,Sub-tag record
,,,,,,,,,,Python,Sub-tag record
REC-4829,PRJ-2026-9900,Comprehensive Digital Humanities Data Archival Research Project Phase 1,Dr. Brown,2020,UC Berkeley,a.wright@berkeley.edu,2023-09-30,7,"$15,839.22",Data Science,Notes on &quot;UIUC&quot;
REC-4830,PRJ-2026-8819,Proj A,A. PROF. WILSON,c2020,"Technology, Massachusetts Institute of",contact@lab.org,2016-03-12,36,-$249.00,Machine Learning,Caf&eacute; study group
REC-4831,PRJ-2026-8819,Analysis of Archival Studies,Patricia Taylor Garcia,N/A,"Urbana-Champaign, University of Illinois",r.johnson@mit.edu,2020-01-15,31,"$120,748.49",GIS Mapping,Notes on &quot;UIUC&quot;
REC-4832,PRJ-2026-4052,Study on Ethics,Jayne Smyth,2012.0,UC Berkeley,r.johnson@mit.edu,2023-09-30,48,174825.66,Bioinformatics,Notes on &quot;UIUC&quot;
REC-4833,PRJ-2026-1001,Proj A,Jane Smith,2018,"University of California, Berkeley",smith@unlv.edu,1900-01-01,34,-$413.00,GIS Mapping,Notes on &quot;UIUC&quot;
REC-4834,PRJ20261001,Investigation into Bioinformatics and Modern Data Pipelines,Dr. Jane Mary Smith,N/A,U.N.L.V.,a.wright@berkeley.edu,1900-01-01,19,"$83,460.27",Ethics,Caf&eacute; study group
REC-4835,PRJ-2026-8819,Study on GIS Mapping,Catherine Wright,1998,University of Illinois at Urbana-Champaign,smith@unlv.edu,2018-11-05,19,FREE,GIS Mapping,Caf&eacute; study group
REC-4836,prj-2026-1001,Comprehensive Digital Humanities Data Archival Research Project Phase 1,Dr. Doe,c2020,"Las Vegas, University of Nevada",jdoe@illinois.edu,,42,"$68,405.74",Ethics,Notes on &quot;UIUC&quot;
REC-4837,INVALID_CODE,Study on Cataloging,Bryan Stewart,2012.0,"Technology, Massachusetts Institute of",r.johnson@mit.edu,2016-03-12,8,FREE,Python,Cost &lt; Budget
REC-4838,PRJ-2026-9900,Analysis of Data Science,Alexandr Wright,c. 2005,"Urbana-Champaign, University of Illinois",contact@lab.org,2023-09-30,1,750000.0,Python,Phase 1 &amp; 2 complete
,,,,,,,,,,Data Science,Sub-tag record
,,,,,,,,,,Ethics,Sub-tag record
,,,,,,,,,,Machine Learning,Sub-tag record
REC-4839,PRJ-2026-1001,Comprehensive Digital Humanities Data Archival Research Initiative Phase 1,Dr. Johnson,1998,Univ of Illinois Urbana Champaign,r.johnson@mit.edu,2020-01-15,14,FREE,Data Science,Na&iuml;ve Bayes test
REC-4840,PRJ-26-1001,Comprehensive Digital Humanities Data Archival Research Project Phase 1,Dr. Johnson,2021,Urbana Champaign University of Illinois,jdoe@illinois.edu,2025-12-01,42,169483.72,Metadata,Na&iuml;ve Bayes test
REC-4841,PRJ-26-1001,National Science Foundation Geospatial Analysis Infrastructure Project,Dr. Smith,2021,MIT,r.johnson@mit.edu,2021-07-22,10,"$31,376.48",Data Science,Caf&eacute; study group
REC-4842,INVALID_CODE,Analysis of Cataloging,Michael O'Brown,2012.0,Univ. of Illinois (UIUC),smith@unlv.edu,2018-11-05,47,"$170,433.04",Metadata,Cost &lt; Budget
REC-4843,PRJ-2026-4052,Study on Machine Learning,Kristina Tailor,1882,"Las Vegas, University of Nevada",jdoe@illinois.edu,2023-09-30,14,"$36,934.27",Archival Studies,Caf&eacute; study group
REC-4844,PRJ-26-1001,Study on Cataloging,Steven Miller,Class of 2018,"Berkeley, University of California",smith@unlv.edu,2025-12-01,32,FREE,Metadata,Na&iuml;ve Bayes test
REC-4845,INVALID_CODE,Study on Machine Learning,Stephen Miller,'15,UIUC,a.wright@berkeley.edu,1900-01-01,10,43800.48 USD,Machine Learning,Notes on &quot;UIUC&quot;
REC-4846,INVALID_CODE,National Science Foundation Geospatial Analysis Infrastructure Project,Dr. Doe,Class of 2018,Univ of Nevada Las Vegas,duplicate.user@research.org,2016-03-12,21,"$57,902.71",Data Science,Phase 1 &amp; 2 complete
REC-4847,PRJ-26-1001,National Science Foundation Geospatial Analysis Infrastructure Project,Dr. Johnson,'15,"Berkeley, University of California",a.wright@berkeley.edu,2021-07-22,6,9501.2,Cataloging,Na&iuml;ve Bayes test
REC-4848,PRJ-26-1001,Analysis of Cataloging,Patricia Taylor Garcia,Class of 2018,"Technology, Massachusetts Institute of",a.wright@berkeley.edu,2018-11-05,3,8535.23,Ethics,Na&iuml;ve Bayes test
REC-4849,INVALID_CODE,Analysis of GIS Mapping,Patricia Taylor-Garcia,2012,"University of California, Berkeley",contact@lab.org,2018-11-05,46,-$349.00,Python,Notes on &quot;UIUC&quot;
REC-4850,prj-2026-1001,Study on Data Science,Catherine Wright,2018,Cal Berkeley,smith@unlv.edu,,18,47884.68 USD,Machine Learning,Cost &lt; Budget
REC-4851,PRJ20261001,Analysis of Metadata,Alexander Wright,c2020,"University of California, Berkeley",contact@lab.org,2025-12-01,10,FREE,Cataloging,Cost &lt; Budget
REC-4852,PRJ-2026-8819,National Science Foundation Geospatial Analysis Infrastructure Project,Dr. Doe,2050,"University of Nevada, Las Vegas",a.wright@berkeley.edu,,37,"$153,944.37",Bioinformatics,Notes on &quot;UIUC&quot;
REC-4853,prj-2026-1001,Comprehensive Digital Humanities Data Archival Research Project Phase 1,Dr. Brown,2018,"Las Vegas, University of Nevada",a.wright@berkeley.edu,2023-09-30,4,-$140.00,Python,Caf&eacute; study group
REC-4854,PRJ-26-1001,Proj A,A. PROF. WILSON,'15,Univ of Nevada Las Vegas,smith@unlv.edu,2016-03-12,22,-$226.00,Cataloging,Caf&eacute; study group
REC-4855,PRJ-2026-9900,Proj A,Smith,1998,"Technology, Massachusetts Institute of",smith@unlv.edu,2018-11-05,21,-$451.00,GIS Mapping,Na&iuml;ve Bayes test
REC-4856,,Comprehensive Digital Humanities Data Archival Research Initiative Phase 1,Dr. Johnson,2015,"Technology, Massachusetts Institute of",jdoe@illinois.edu,1900-01-01,27,FREE,GIS Mapping,Na&iuml;ve Bayes test
REC-4857,,Study on Bioinformatics,Kristina Tailor,c. 2005,"Las Vegas, University of Nevada",r.johnson@mit.edu,2020-01-15,39,144279.06,Machine Learning,Caf&eacute; study group
REC-4858,PRJ20261001,Comprehensive Digital Humanities Data Archival Research Project Phase 2,Dr. Smith,'15,Massachusetts Institute of Technology,a.wright@berkeley.edu,2020-01-15,37,111274.54,Data Science,Na&iuml;ve Bayes test
REC-4859,INVALID_CODE,Study on Data Science,Jeffrey Clarke,2005,"Berkeley, University of California",jdoe@illinois.edu,2018-11-05,25,-$168.00,Ethics,Caf&eacute; study group
REC-4860,PRJ-2026-1001,Comprehensive Digital Humanities Data Archival Research Project Phase 2,Dr. Johnson,2021,MIT,contact@lab.org,2023-09-30,8,-$411.00,Machine Learning,Cost &lt; Budget
REC-4861,INVALID_CODE,Analysis of Archival Studies,Johnathan Doe,'15,"Las Vegas, University of Nevada",r.johnson@mit.edu,2021-07-22,35,75357.88 USD,Data Science,Caf&eacute; study group
,,,,,,,,,,Metadata,Sub-tag record
,,,,,,,,,,Machine Learning,Sub-tag record
REC-4862,PRJ-2026-4052,Investigation into Metadata and Modern Data Pipelines,Smith,c2020,University of Illinois at Urbana-Champaign,smith@unlv.edu,2020-01-15,17,75401.4,Cataloging,Phase 1 &amp; 2 complete
REC-4863,PRJ-26-1001,Proj A,A. PROF. WILSON,N/A,Cal Berkeley,r.johnson@mit.edu,2020-01-15,26,78501.13 USD,Python,Cost &lt; Budget
REC-4864,PRJ-2026-8819,Study on Ethics,Bryan Stewart,c. 2005,"University of California, Berkeley",r.johnson@mit.edu,2020-01-15,31,"$91,381.69",Ethics,Na&iuml;ve Bayes test
REC-4865,PRJ-2026-8819,National Science Foundation Geospatial Analysis Infrastructure Project,Dr. Johnson,c. 2005,UNLV,smith@unlv.edu,2016-03-12,35,128636.07 USD,Machine Learning,Cost &lt; Budget
REC-4866,PRJ-2026-9900,Analysis of Bioinformatics,Alexander Wright,2012,MIT,r.johnson@mit.edu,2099-12-31,30,FREE,Data Science,Phase 1 &amp; 2 complete
REC-4867,PRJ-2026-8819,Study on Python,Kathryn Write,Unknown,U.N.L.V.,smith@unlv.edu,2025-12-01,29,54484.73,Archival Studies,Phase 1 &amp; 2 complete
REC-4868,PRJ-2026-9900,Comprehensive Digital Humanities Data Archival Research Project Phase 2,Dr. Brown,'15,M.I.T.,jdoe@illinois.edu,2016-03-12,18,-$318.00,Data Science,Notes on &quot;UIUC&quot;
REC-4869,prj-2026-1001,Analysis of Archival Studies,Robert Johnson,Pending,Univ of Illinois Urbana Champaign,contact@lab.org,2016-03-12,7,-$308.00,Python,Cost &lt; Budget
REC-4870,prj-2026-1001,Analysis of Archival Studies,Michael O'Brown,2021,Massachusetts Institute of Technology,a.wright@berkeley.edu,1900-01-01,60,$100.00,Ethics,Phase 1 &amp; 2 complete
,,,,,,,,,,Metadata,Sub-tag record
,,,,,,,,,,Bioinformatics,Sub-tag record
REC-4871,prj-2026-1001,Investigation into Cataloging and Modern Data Pipelines,Smith,Unknown,university of illinois at urbana-champaign,contact@lab.org,2099-12-31,4,"$13,245.89",GIS Mapping,Cost &lt; Budget
REC-4872,INVALID_CODE,Study on Machine Learning,Kristina Tailor,c. 2005,UIUC,r.johnson@mit.edu,2018-11-05,24,FREE,GIS Mapping,Phase 1 &amp; 2 complete
REC-4873,PRJ-2026-4052,Study on Ethics,Stephen Miller,2018,UIUC,contact@lab.org,2018-11-05,35,FREE,Cataloging,Notes on &quot;UIUC&quot;
REC-4874,PRJ-2026-9900,Study on Python,Jane Smith,2012.0,Univ of Illinois Urbana Champaign,smith@unlv.edu,2023-09-30,6,-$389.00,Archival Studies,Cost &lt; Budget
REC-4875,,Study on Archival Studies,Christina Taylor,c2020,Massachusetts Institute of Technology,jdoe@illinois.edu,2016-03-12,30,49769.92,Data Science,Caf&eacute; study group
REC-4876,,Investigation into Data Science and Modern Data Pipelines,Dr. Jane Mary Smith,2020,Univ of Illinois Urbana Champaign,smith@unlv.edu,2023-09-30,9,31304.3,Data Science,Phase 1 &amp; 2 complete
,,,,,,,,,,GIS Mapping,Sub-tag record
,,,,,,,,,,Machine Learning,Sub-tag record
,,,,,,,,,,Archival Studies,Sub-tag record
REC-4877,PRJ-2026-4052,Analysis of Archival Studies,Patricia Taylor Garcia,2022,Urbana Champaign University of Illinois,a.wright@berkeley.edu,2025-12-01,21,"$72,517.14",Machine Learning,Cost &lt; Budget
,,,,,,,,,,GIS Mapping,Sub-tag record
,,,,,,,,,,Archival Studies,Sub-tag record
REC-4878,PRJ-26-1001,Study on Ethics,Steven Miller,2022,UC Berkeley,a.wright@berkeley.edu,,43,FREE,Bioinformatics,Notes on &quot;UIUC&quot;
REC-4879,,Comprehensive Digital Humanities Data Archival Research Project Phase 1,Dr. Brown,Class of 2018,"Technology, Massachusetts Institute of",a.wright@berkeley.edu,2023-09-30,41,"$166,304.64",Archival Studies,Caf&eacute; study group
REC-4880,prj-2026-1001,Proj A,Dr. Jane Mary Smith,Class of 2018,"University of Nevada, Las Vegas",contact@lab.org,2021-07-22,47,148472.43,Ethics,Phase 1 &amp; 2 complete
REC-4881,PRJ-2026-1001,National Science Foundation Geospatial Analysis Infrastructure Project,Dr. Johnson,2005,"Urbana-Champaign, University of Illinois",smith@unlv.edu,2099-12-31,22,76271.14,Data Science,Caf&eacute; study group
REC-4882,PRJ-2026-4052,Analysis of Machine Learning,Alexandr Wright,,university of illinois at urbana-champaign,a.wright@berkeley.edu,2016-03-12,37,-$149.00,Cataloging,Na&iuml;ve Bayes test
REC-4883,,Proj A,A. PROF. WILSON,2018,Univ of Illinois Urbana Champaign,jdoe@illinois.edu,2023-09-30,19,FREE,Metadata,Cost &lt; Budget
REC-4884,PRJ-26-1001,National Science Foundation Geospatial Analysis Infrastructure Program,Dr. Brown,2020,Univ. of Illinois (UIUC),jdoe@illinois.edu,2018-11-05,1,FREE,Ethics,Phase 1 &amp; 2 complete
REC-4885,PRJ-2026-1001,Analysis of Python,Johnathan Doee,'15,university of illinois at urbana-champaign,smith@unlv.edu,2016-03-12,35,-$434.00,Archival Studies,Phase 1 &amp; 2 complete
REC-4886,PRJ-2026-8819,Investigation into Machine Learning and Modern Data Pipelines,Dr. Jane Mary Smith,Pending,"University of Nevada, Las Vegas",smith@unlv.edu,2020-01-15,30,FREE,Cataloging,Na&iuml;ve Bayes test
,,,,,,,,,,Python,Sub-tag record
,,,,,,,,,,Metadata,Sub-tag record
REC-4887,PRJ-2026-1001,Study on Archival Studies,Kristina Tailor,2022,Urbana Champaign University of Illinois,jdoe@illinois.edu,2021-07-22,31,"$69,477.51",Python,Caf&eacute; study group
,,,,,,,,,,Cataloging,Sub-tag record
REC-4888,PRJ-2026-4052,Proj A,Dr. Jane Mary Smith,1882,UNLV,r.johnson@mit.edu,2023-09-30,45,70200.46,Bioinformatics,Na&iuml;ve Bayes test
REC-4889,PRJ-2026-4052,Investigation into Cataloging and Modern Data Pipelines,Jane Smith,,Cal Berkeley,jdoe@illinois.edu,,6,"$16,906.18",Python,Na&iuml;ve Bayes test
REC-4890,PRJ20261001,Comprehensive Digital Humanities Data Archival Research Project Phase 1,Dr. Brown,2022,Univ of Nevada Las Vegas,a.wright@berkeley.edu,1900-01-01,29,FREE,Python,Na&iuml;ve Bayes test
REC-4891,,National Science Foundation Geospatial Analysis Infrastructure Program,Dr. Brown,Unknown,University of Illinois at Urbana-Champaign,smith@unlv.edu,2099-12-31,34,FREE,Python,Notes on &quot;UIUC&quot;
REC-4892,INVALID_CODE,Proj A,Smith,N/A,Massachusetts Institute of Technology,a.wright@berkeley.edu,,19,-$130.00,GIS Mapping,Notes on &quot;UIUC&quot;
REC-4893,,Analysis of GIS Mapping,Robert Johnson,c2020,"Las Vegas, University of Nevada",a.wright@berkeley.edu,,35,-$222.00,Machine Learning,Na&iuml;ve Bayes test
REC-4894,PRJ-2026-8819,Study on Cataloging,Christina Taylor,2018,Urbana Champaign University of Illinois,r.johnson@mit.edu,2018-11-05,16,-$498.00,GIS Mapping,Caf&eacute; study group
REC-4895,prj-2026-1001,Comprehensive Digital Humanities Data Archival Research Initiative Phase 1,Dr. Smith,N/A,"Las Vegas, University of Nevada",jdoe@illinois.edu,2023-09-30,16,28403.26 USD,GIS Mapping,Phase 1 &amp; 2 complete
REC-4896,prj-2026-1001,Study on Data Science,Kathryn Write,2012,"University of Nevada, Las Vegas",jdoe@illinois.edu,2099-12-31,10,"$18,980.49",Bioinformatics,Cost &lt; Budget
REC-4897,PRJ-2026-1001,Study on Ethics,Geoffrey Clark,1882,University of Illinois at Urbana-Champaign,a.wright@berkeley.edu,2020-01-15,9,"$30,437.78",Ethics,Na&iuml;ve Bayes test
REC-4898,PRJ-2026-1001,Study on GIS Mapping,Catherine Wright,2018,Univ. of Illinois (UIUC),smith@unlv.edu,,12,-$316.00,Bioinformatics,Caf&eacute; study group
REC-4899,PRJ-26-1001,Investigation into GIS Mapping and Modern Data Pipelines,Jane Smith,N/A,"University of California, Berkeley",jdoe@illinois.edu,2016-03-12,38,93777.44,GIS Mapping,Phase 1 &amp; 2 complete
REC-4900,PRJ-2026-8819,Investigation into Machine Learning and Modern Data Pipelines,Dr. Jane Mary Smith,2050,M.I.T.,jdoe@illinois.edu,2099-12-31,23,"$44,281.57",Ethics,Phase 1 &amp; 2 complete
REC-4901,PRJ-2026-8819,Investigation into Data Science and Modern Data Pipelines,m. davis,2012,"University of California, Berkeley",a.wright@berkeley.edu,2016-03-12,19,59352.72,Archival Studies,Phase 1 &amp; 2 complete
REC-4902,PRJ-2026-9900,Study on Python,Steven Miller,2020,"Berkeley, University of California",a.wright@berkeley.edu,2023-09-30,17,"$26,424.60",Cataloging,Na&iuml;ve Bayes test
REC-4903,PRJ-2026-9900,Investigation into Python and Modern Data Pipelines,Jane Smith,2021,UC Berkeley,smith@unlv.edu,2016-03-12,8,34454.96 USD,Metadata,Cost &lt; Budget
REC-4904,PRJ-2026-1001,Comprehensive Digital Humanities Data Archival Research Initiative Phase 1,Dr. Smith,c2020,"Technology, Massachusetts Institute of",jdoe@illinois.edu,1900-01-01,35,142497.71 USD,Cataloging,Phase 1 &amp; 2 complete
REC-4905,PRJ-2026-4052,Analysis of Bioinformatics,Alexander Wright,1998,UNLV,a.wright@berkeley.edu,2023-09-30,1,"$750,000.00",Ethics,Cost &lt; Budget
REC-4906,INVALID_CODE,Comprehensive Digital Humanities Data Archival Research Project Phase 2,Dr. Smith,'15,MIT,smith@unlv.edu,2018-11-05,21,41961.75 USD,Ethics,Notes on &quot;UIUC&quot;
REC-4907,PRJ-2026-9900,Study on Python,Steven Miller,2020,UIUC,contact@lab.org,2021-07-22,4,6541.38 USD,Metadata,Na&iuml;ve Bayes test
,,,,,,,,,,Archival Studies,Sub-tag record
REC-4908,PRJ-2026-4052,Comprehensive Digital Humanities Data Archival Research Project Phase 2,Dr. Brown,Pending,MIT,r.johnson@mit.edu,2016-03-12,22,"$57,416.05",Python,Na&iuml;ve Bayes test
REC-4909,PRJ-2026-4052,Comprehensive Digital Humanities Data Archival Research Project Phase 2,Dr. Smith,c2020,M.I.T.,r.johnson@mit.edu,2021-07-22,40,121504.05,Python,Notes on &quot;UIUC&quot;
REC-4910,,Analysis of Python,Michael O'Brown,Class of 2018,"Las Vegas, University of Nevada",smith@unlv.edu,2025-12-01,18,FREE,Python,Phase 1 &amp; 2 complete
REC-4911,INVALID_CODE,Proj A,Smith,1998,Urbana Champaign University of Illinois,duplicate.user@research.org,2018-11-05,10,FREE,Cataloging,Notes on &quot;UIUC&quot;
REC-4912,PRJ-2026-8819,Proj A,m. davis,1998,Univ of Illinois Urbana Champaign,r.johnson@mit.edu,2020-01-15,7,-$115.00,Ethics,Phase 1 &amp; 2 complete
REC-4913,PRJ-2026-4052,Analysis of Cataloging,Johnathan Doe,1998,"University of Nevada, Las Vegas",duplicate.user@research.org,2021-07-22,41,-$387.00,Bioinformatics,Na&iuml;ve Bayes test
REC-4914,PRJ-2026-4052,Study on Ethics,Steven Miller,1882,Univ. of Illinois (UIUC),contact@lab.org,,16,-$315.00,Ethics,Phase 1 &amp; 2 complete
REC-4915,PRJ20261001,Analysis of Ethics,Patricia Taylor-Garcia,2012.0,University of Illinois at Urbana-Champaign,contact@lab.org,2099-12-31,5,-$353.00,Metadata,Na&iuml;ve Bayes test
REC-4916,PRJ-26-1001,National Science Foundation Geospatial Analysis Infrastructure Program,Dr. Johnson,Class of 2018,Univ of Nevada Las Vegas,smith@unlv.edu,,20,-$195.00,Archival Studies,Caf&eacute; study group
REC-4917,prj-2026-1001,Study on Archival Studies,Stephen Miller,Class of 2018,U.N.L.V.,smith@unlv.edu,,8,19228.16 USD,Ethics,Na&iuml;ve Bayes test
REC-4918,INVALID_CODE,Analysis of Machine Learning,Robert Jhnson,c2020,UNLV,contact@lab.org,1900-01-01,9,FREE,Ethics,Na&iuml;ve Bayes test
REC-4919,PRJ-2026-9900,Comprehensive Digital Humanities Data Archival Research Initiative Phase 1,Dr. Johnson,2012,UNLV,contact@lab.org,2020-01-15,19,48141.24 USD,Machine Learning,Caf&eacute; study group
,,,,,,,,,,Ethics,Sub-tag record
,,,,,,,,,,Cataloging,Sub-tag record
,,,,,,,,,,Metadata,Sub-tag record
REC-4920,prj-2026-1001,Investigation into Machine Learning and Modern Data Pipelines,m. davis,N/A,"Las Vegas, University of Nevada",contact@lab.org,2016-03-12,48,"$122,454.68",Bioinformatics,Na&iuml;ve Bayes test
,,,,,,,,,,Machine Learning,Sub-tag record
REC-4921,INVALID_CODE,Study on Metadata,Geoffrey Clark,1998,UIUC,r.johnson@mit.edu,2016-03-12,36,90151.89,Python,Caf&eacute; study group
REC-4922,prj-2026-1001,Study on GIS Mapping,Bryan Stewart,N/A,Urbana Champaign University of Illinois,duplicate.user@research.org,,21,65130.64 USD,Machine Learning,Na&iuml;ve Bayes test
REC-4923,INVALID_CODE,Study on Archival Studies,Kathryn Write,Pending,UNLV,smith@unlv.edu,2021-07-22,46,"$70,640.19",Archival Studies,Caf&eacute; study group
REC-4924,INVALID_CODE,Analysis of Python,Johnathan Doee,2018,Cal Berkeley,r.johnson@mit.edu,2099-12-31,22,-$461.00,Data Science,Cost &lt; Budget
REC-4925,PRJ-2026-9900,Comprehensive Digital Humanities Data Archival Research Initiative Phase 1,Dr. Johnson,2021,University of Illinois at Urbana-Champaign,smith@unlv.edu,2021-07-22,17,63563.21 USD,Archival Studies,Cost &lt; Budget
REC-4926,PRJ-2026-9900,Comprehensive Digital Humanities Data Archival Research Project Phase 2,Dr. Brown,,Univ of Illinois Urbana Champaign,r.johnson@mit.edu,2023-09-30,28,"$117,125.51",Ethics,Phase 1 &amp; 2 complete
REC-4927,PRJ-2026-1001,National Science Foundation Geospatial Analysis Infrastructure Program,Dr. Doe,2005,Urbana Champaign University of Illinois,jdoe@illinois.edu,2099-12-31,43,182764.44 USD,Ethics,Na&iuml;ve Bayes test
REC-4928,PRJ-2026-1001,Comprehensive Digital Humanities Data Archival Research Project Phase 2,Dr. Brown,2012.0,"Urbana-Champaign, University of Illinois",smith@unlv.edu,2018-11-05,28,FREE,Bioinformatics,Phase 1 &amp; 2 complete
REC-4929,PRJ20261001,Analysis of Ethics,Patricia Taylor Garcia,2020,"Berkeley, University of California",a.wright@berkeley.edu,2023-09-30,7,FREE,Python,Phase 1 &amp; 2 complete
REC-4930,PRJ-2026-8819,Study on GIS Mapping,Stephen Miller,2005,"University of California, Berkeley",contact@lab.org,2099-12-31,20,-$234.00,Python,Caf&eacute; study group
REC-4931,PRJ20261001,Investigation into Ethics and Modern Data Pipelines,Smith,1998,"Berkeley, University of California",r.johnson@mit.edu,2021-07-22,32,58660.2 USD,GIS Mapping,Caf&eacute; study group
REC-4932,PRJ-2026-4052,Proj A,A. PROF. WILSON,1882,Cal Berkeley,duplicate.user@research.org,2020-01-15,31,FREE,Python,Notes on &quot;UIUC&quot;
REC-4933,PRJ20261001,Comprehensive Digital Humanities Data Archival Research Project Phase 2,Dr. Johnson,Pending,"University of Nevada, Las Vegas",contact@lab.org,2099-12-31,9,20263.1,Ethics,Phase 1 &amp; 2 complete
REC-4934,PRJ-2026-1001,Investigation into Cataloging and Modern Data Pipelines,Smith,1998,Univ of Nevada Las Vegas,r.johnson@mit.edu,1900-01-01,35,100553.71,GIS Mapping,Notes on &quot;UIUC&quot;
REC-4935,PRJ20261001,Comprehensive Digital Humanities Data Archival Research Project Phase 1,Dr. Smith,2022,"Las Vegas, University of Nevada",jdoe@illinois.edu,,29,"$105,268.53",Bioinformatics,Na&iuml;ve Bayes test
REC-4936,,Proj A,m. davis,2050,UC Berkeley,a.wright@berkeley.edu,2021-07-22,5,20519.84 USD,Data Science,Caf&eacute; study group
REC-4937,PRJ-2026-9900,Proj A,A. PROF. WILSON,2050,M.I.T.,smith@unlv.edu,,9,FREE,Metadata,Phase 1 &amp; 2 complete
REC-4938,INVALID_CODE,National Science Foundation Geospatial Analysis Infrastructure Project,Dr. Smith,2020,Urbana Champaign University of Illinois,smith@unlv.edu,2023-09-30,19,81292.38 USD,Cataloging,Caf&eacute; study group
REC-4939,PRJ20261001,Analysis of Python,Michael O'Brown,2012.0,University of Illinois at Urbana-Champaign,a.wright@berkeley.edu,,21,-$105.00,Python,Na&iuml;ve Bayes test
REC-4940,PRJ-2026-8819,National Science Foundation Geospatial Analysis Infrastructure Program,Dr. Johnson,2005,"Las Vegas, University of Nevada",duplicate.user@research.org,,17,FREE,Machine Learning,Na&iuml;ve Bayes test
REC-4941,PRJ-2026-4052,Comprehensive Digital Humanities Data Archival Research Initiative Phase 1,Dr. Doe,,Urbana Champaign University of Illinois,jdoe@illinois.edu,2021-07-22,14,-$180.00,GIS Mapping,Caf&eacute; study group
REC-4942,,Study on Bioinformatics,Christina Taylor,N/A,Cal Berkeley,smith@unlv.edu,2025-12-01,23,"$92,567.46",Metadata,Notes on &quot;UIUC&quot;
REC-4943,PRJ-26-1001,Study on Python,Kathryn Write,1882,UC Berkeley,jdoe@illinois.edu,1900-01-01,14,27305.68 USD,Cataloging,Phase 1 &amp; 2 complete
REC-4944,PRJ-2026-1001,Analysis of Cataloging,Johnathan Doee,1882,MIT,jdoe@illinois.edu,1900-01-01,42,149610.35,Metadata,Na&iuml;ve Bayes test
REC-4945,PRJ-2026-9900,Analysis of Python,Alexander Wright,2012.0,UNLV,duplicate.user@research.org,2020-01-15,48,FREE,GIS Mapping,Phase 1 &amp; 2 complete
REC-4946,,Comprehensive Digital Humanities Data Archival Research Project Phase 2,Dr. Smith,c2020,"Urbana-Champaign, University of Illinois",jdoe@illinois.edu,2025-12-01,34,"$56,583.16",Bioinformatics,Cost &lt; Budget
REC-4947,PRJ-2026-4052,National Science Foundation Geospatial Analysis Infrastructure Program,Dr. Smith,2021,Univ of Nevada Las Vegas,jdoe@illinois.edu,,21,FREE,Python,Notes on &quot;UIUC&quot;
REC-4948,PRJ-2026-4052,Study on Cataloging,Jayne Smyth,1998,UIUC,smith@unlv.edu,2021-07-22,46,-$261.00,Ethics,Na&iuml;ve Bayes test
REC-4949,PRJ-2026-8819,Study on Archival Studies,Geoffrey Clark,c. 2005,"University of Nevada, Las Vegas",duplicate.user@research.org,2018-11-05,42,"$73,687.07",Python,Cost &lt; Budget
,,,,,,,,,,Cataloging,Sub-tag record
REC-4950,,Analysis of Archival Studies,Johnathan Doee,'15,"University of California, Berkeley",smith@unlv.edu,2018-11-05,18,"$61,340.62",GIS Mapping,Cost &lt; Budget
REC-4951,INVALID_CODE,Study on Archival Studies,Bryan Stewart,1882,Cal Berkeley,a.wright@berkeley.edu,2021-07-22,41,"$161,748.14",GIS Mapping,Phase 1 &amp; 2 complete
REC-4952,PRJ-2026-1001,Analysis of Archival Studies,Johnathan Doe,2020,"Urbana-Champaign, University of Illinois",jdoe@illinois.edu,2023-09-30,4,10877.18,Metadata,Na&iuml;ve Bayes test
REC-4953,INVALID_CODE,Study on Ethics,Kristina Tailor,2005,Urbana Champaign University of Illinois,smith@unlv.edu,2025-12-01,45,FREE,Metadata,Notes on &quot;UIUC&quot;
REC-4954,PRJ-2026-4052,Comprehensive Digital Humanities Data Archival Research Project Phase 1,Dr. Doe,c2020,UNLV,a.wright@berkeley.edu,1900-01-01,7,FREE,GIS Mapping,Caf&eacute; study group
REC-4955,PRJ20261001,Comprehensive Digital Humanities Data Archival Research Project Phase 1,Dr. Smith,2015,"University of Nevada, Las Vegas",contact@lab.org,2020-01-15,18,FREE,Archival Studies,Cost &lt; Budget
REC-4956,,Study on Data Science,Catherine Wright,1882,Massachusetts Institute of Technology,contact@lab.org,2099-12-31,10,"$32,230.90",Metadata,Na&iuml;ve Bayes test
REC-4957,INVALID_CODE,Analysis of GIS Mapping,Alexander Wright,Class of 2018,"Urbana-Champaign, University of Illinois",duplicate.user@research.org,2018-11-05,36,124910.91,Machine Learning,Caf&eacute; study group
REC-4958,,Comprehensive Digital Humanities Data Archival Research Project Phase 2,Dr. Brown,c. 2005,UIUC,r.johnson@mit.edu,2018-11-05,29,44643.68,Ethics,Na&iuml;ve Bayes test
REC-4959,prj-2026-1001,Analysis of GIS Mapping,Robert Johnson,2018,M.I.T.,a.wright@berkeley.edu,2099-12-31,12,FREE,Ethics,Phase 1 &amp; 2 complete
REC-4960,prj-2026-1001,Study on Cataloging,Geoffrey Clark,2012.0,Univ of Nevada Las Vegas,contact@lab.org,2021-07-22,11,30277.38 USD,Cataloging,Phase 1 &amp; 2 complete
REC-4961,PRJ-2026-1001,Analysis of Metadata,Johnathan Doee,,"Urbana-Champaign, University of Illinois",smith@unlv.edu,2025-12-01,42,FREE,Data Science,Caf&eacute; study group
REC-4962,prj-2026-1001,National Science Foundation Geospatial Analysis Infrastructure Program,Dr. Johnson,2012.0,U.N.L.V.,a.wright@berkeley.edu,2021-07-22,5,11266.39,GIS Mapping,Na&iuml;ve Bayes test
REC-4963,PRJ-2026-4052,Analysis of GIS Mapping,Johnathan Doe,2012.0,UNLV,contact@lab.org,2020-01-15,9,-$245.00,GIS Mapping,Na&iuml;ve Bayes test
REC-4964,PRJ-26-1001,Comprehensive Digital Humanities Data Archival Research Project Phase 2,Dr. Doe,2012,"University of California, Berkeley",contact@lab.org,,21,-$310.00,Data Science,Caf&eacute; study group
REC-4965,PRJ20261001,Comprehensive Digital Humanities Data Archival Research Initiative Phase 1,Dr. Johnson,2050,University of Illinois at Urbana-Champaign,r.johnson@mit.edu,,7,FREE,Metadata,Caf&eacute; study group
REC-4966,PRJ-2026-4052,Study on Python,Jane Smith,2005,UC Berkeley,smith@unlv.edu,2018-11-05,21,FREE,Machine Learning,Na&iuml;ve Bayes test
REC-4967,PRJ-2026-9900,Investigation into Python and Modern Data Pipelines,m. davis,2012,Massachusetts Institute of Technology,a.wright@berkeley.edu,2016-03-12,21,FREE,Data Science,Phase 1 &amp; 2 complete
REC-4968,PRJ-26-1001,Study on GIS Mapping,Jeffrey Clarke,Pending,University of Illinois at Urbana-Champaign,r.johnson@mit.edu,1900-01-01,8,18351.29 USD,Archival Studies,Na&iuml;ve Bayes test
REC-4969,INVALID_CODE,Analysis of Metadata,Patricia Taylor-Garcia,1998,"University of California, Berkeley",contact@lab.org,2020-01-15,32,"$73,156.74",Machine Learning,Cost &lt; Budget
REC-4970,INVALID_CODE,Investigation into Bioinformatics and Modern Data Pipelines,Dr. Jane Mary Smith,Pending,UNLV,jdoe@illinois.edu,2021-07-22,24,"$72,630.24",Machine Learning,Notes on &quot;UIUC&quot;
REC-4971,PRJ-2026-8819,Study on Bioinformatics,Catherine Wright,2050,MIT,smith@unlv.edu,2023-09-30,12,26157.54,Metadata,Na&iuml;ve Bayes test
REC-4972,PRJ20261001,Comprehensive Digital Humanities Data Archival Research Initiative Phase 1,Dr. Smith,2005,"Technology, Massachusetts Institute of",smith@unlv.edu,2023-09-30,21,FREE,Cataloging,Caf&eacute; study group
REC-4973,INVALID_CODE,Proj A,Smith,1882,M.I.T.,a.wright@berkeley.edu,2016-03-12,24,38631.22,Machine Learning,Cost &lt; Budget
REC-4974,INVALID_CODE,Proj A,Dr. Jane Mary Smith,2021,Massachusetts Institute of Technology,r.johnson@mit.edu,2023-09-30,34,-$442.00,Archival Studies,Na&iuml;ve Bayes test
REC-4975,PRJ-2026-8819,Proj A,Dr. Jane Mary Smith,c2020,Urbana Champaign University of Illinois,smith@unlv.edu,2023-09-30,30,FREE,Metadata,Notes on &quot;UIUC&quot;
REC-4976,PRJ-2026-1001,Study on Bioinformatics,Kathryn Write,N/A,UNLV,smith@unlv.edu,1900-01-01,13,38916.49 USD,Cataloging,Phase 1 &amp; 2 complete
REC-4977,INVALID_CODE,Investigation into Archival Studies and Modern Data Pipelines,Dr. Jane Mary Smith,Class of 2018,university of illinois at urbana-champaign,a.wright@berkeley.edu,2025-12-01,29,FREE,Machine Learning,Caf&eacute; study group
REC-4978,PRJ-2026-4052,Analysis of GIS Mapping,Michael OBrown,Pending,UNLV,r.johnson@mit.edu,2099-12-31,48,202807.89 USD,Ethics,Caf&eacute; study group
REC-4979,PRJ-2026-9900,Study on Python,Jane Smith,,M.I.T.,contact@lab.org,2021-07-22,4,"$11,893.29",Cataloging,Na&iuml;ve Bayes test
REC-4980,PRJ-2026-1001,Study on Bioinformatics,Jeffrey Clarke,2015,M.I.T.,smith@unlv.edu,,37,77616.93 USD,Bioinformatics,Cost &lt; Budget
,,,,,,,,,,Metadata,Sub-tag record
,,,,,,,,,,Archival Studies,Sub-tag record
,,,,,,,,,,GIS Mapping,Sub-tag record
REC-4981,PRJ-2026-9900,National Science Foundation Geospatial Analysis Infrastructure Project,Dr. Brown,2020,university of illinois at urbana-champaign,duplicate.user@research.org,2016-03-12,40,112906.62,Cataloging,Na&iuml;ve Bayes test
REC-4982,INVALID_CODE,Study on GIS Mapping,Jeffrey Clarke,2021,Univ of Nevada Las Vegas,jdoe@illinois.edu,1900-01-01,3,8076.35,Python,Phase 1 &amp; 2 complete
REC-4983,,Analysis of Machine Learning,Alexander Wright,'15,University of Illinois at Urbana-Champaign,jdoe@illinois.edu,,44,129158.55,Ethics,Phase 1 &amp; 2 complete
REC-4984,PRJ-2026-9900,Investigation into Ethics and Modern Data Pipelines,Dr. Jane Mary Smith,2005,"Urbana-Champaign, University of Illinois",contact@lab.org,,16,-$488.00,Cataloging,Caf&eacute; study group
REC-4985,PRJ-2026-1001,Comprehensive Digital Humanities Data Archival Research Initiative Phase 1,Dr. Johnson,c. 2005,Univ of Nevada Las Vegas,contact@lab.org,2025-12-01,15,"$51,840.16",Python,Caf&eacute; study group
REC-4986,prj-2026-1001,Analysis of GIS Mapping,Robert Jhnson,Pending,U.N.L.V.,smith@unlv.edu,2025-12-01,30,64283.53,Ethics,Caf&eacute; study group
REC-4987,PRJ20261001,Study on Archival Studies,Kathryn Write,2050,Cal Berkeley,jdoe@illinois.edu,2021-07-22,15,-$280.00,Cataloging,Notes on &quot;UIUC&quot;
REC-4988,PRJ-2026-1001,Investigation into Python and Modern Data Pipelines,A. PROF. WILSON,2018,"Urbana-Champaign, University of Illinois",r.johnson@mit.edu,2021-07-22,30,FREE,Python,Cost &lt; Budget
REC-4989,PRJ-2026-4052,Proj A,Jane Smith,1998,Univ of Nevada Las Vegas,a.wright@berkeley.edu,2020-01-15,23,-$165.00,Cataloging,Phase 1 &amp; 2 complete
REC-4990,PRJ20261001,Proj A,Smith,Pending,"University of California, Berkeley",contact@lab.org,2016-03-12,26,70307.65,Cataloging,Notes on &quot;UIUC&quot;
REC-4991,PRJ-2026-1001,Study on Archival Studies,Christina Taylor,2050,Massachusetts Institute of Technology,a.wright@berkeley.edu,2016-03-12,38,122440.41 USD,Cataloging,Na&iuml;ve Bayes test
REC-4992,PRJ-2026-4052,Comprehensive Digital Humanities Data Archival Research Initiative Phase 1,Dr. Doe,Unknown,U.N.L.V.,a.wright@berkeley.edu,2025-12-01,27,"$42,029.94",Machine Learning,Caf&eacute; study group
,,,,,,,,,,Cataloging,Sub-tag record
,,,,,,,,,,Python,Sub-tag record
,,,,,,,,,,Ethics,Sub-tag record
REC-4993,,Analysis of Data Science,Johnathan Doee,c2020,"University of Nevada, Las Vegas",a.wright@berkeley.edu,2023-09-30,5,15637.3 USD,Data Science,Caf&eacute; study group
REC-4994,PRJ-26-1001,Analysis of GIS Mapping,Patricia Taylor Garcia,2018,Univ. of Illinois (UIUC),contact@lab.org,,21,-$269.00,Machine Learning,Phase 1 &amp; 2 complete
REC-4995,prj-2026-1001,Study on Ethics,Kristina Tailor,2050,"University of Nevada, Las Vegas",jdoe@illinois.edu,2021-07-22,25,FREE,GIS Mapping,Caf&eacute; study group
REC-4996,PRJ-2026-1001,Investigation into Archival Studies and Modern Data Pipelines,m. davis,,Massachusetts Institute of Technology,smith@unlv.edu,2016-03-12,3,-$331.00,GIS Mapping,Caf&eacute; study group
REC-4997,PRJ-26-1001,Investigation into Cataloging and Modern Data Pipelines,Dr. Jane Mary Smith,,University of Illinois at Urbana-Champaign,smith@unlv.edu,2099-12-31,24,92214.81,Cataloging,Phase 1 &amp; 2 complete
REC-4998,prj-2026-1001,Comprehensive Digital Humanities Data Archival Research Initiative Phase 1,Dr. Brown,2021,UIUC,duplicate.user@research.org,2021-07-22,21,74720.5 USD,GIS Mapping,Na&iuml;ve Bayes test
REC-4999,PRJ20261001,Analysis of Ethics,Johnathan Doe,2018,"Technology, Massachusetts Institute of",jdoe@illinois.edu,2025-12-01,17,-$382.00,Bioinformatics,Notes on &quot;UIUC&quot;
REC-5000,,Proj A,m. davis,2005,Univ of Nevada Las Vegas,contact@lab.org,2021-07-22,24,-$421.00,GIS Mapping,Na&iuml;ve Bayes test
REC-5001,PRJ-2026-9900,Analysis of Ethics,Michael O'Brown,2012.0,University of Illinois at Urbana-Champaign,a.wright@berkeley.edu,2023-09-30,43,74760.02 USD,Data Science,Caf&eacute; study group
REC-5002,prj-2026-1001,National Science Foundation Geospatial Analysis Infrastructure Project,Dr. Brown,2012.0,"Urbana-Champaign, University of Illinois",r.johnson@mit.edu,2025-12-01,26,79144.19,GIS Mapping,Notes on &quot;UIUC&quot;
REC-5003,PRJ-2026-9900,Study on Python,Brian Stuart,2005,UC Berkeley,contact@lab.org,2018-11-05,33,-$304.00,GIS Mapping,Phase 1 &amp; 2 complete
REC-5004,PRJ-2026-4052,Investigation into Ethics and Modern Data Pipelines,Smith,c2020,university of illinois at urbana-champaign,a.wright@berkeley.edu,2023-09-30,38,134022.16,Machine Learning,Phase 1 &amp; 2 complete
REC-5005,INVALID_CODE,Study on Cataloging,Jeffrey Clarke,N/A,Univ. of Illinois (UIUC),r.johnson@mit.edu,2021-07-22,24,101335.16 USD,Bioinformatics,Phase 1 &amp; 2 complete
REC-5006,PRJ20261001,Comprehensive Digital Humanities Data Archival Research Initiative Phase 1,Dr. Doe,1882,M.I.T.,a.wright@berkeley.edu,2021-07-22,4,FREE,Machine Learning,Caf&eacute; study group
REC-5007,,Analysis of Bioinformatics,Patricia Taylor Garcia,2012.0,university of illinois at urbana-champaign,a.wright@berkeley.edu,2023-09-30,9,28209.99,Bioinformatics,Cost &lt; Budget
,,,,,,,,,,Cataloging,Sub-tag record
,,,,,,,,,,Python,Sub-tag record
,,,,,,,,,,Machine Learning,Sub-tag record
REC-5008,PRJ-2026-4052,Proj A,m. davis,2022,"University of California, Berkeley",a.wright@berkeley.edu,2016-03-12,3,FREE,Ethics,Cost &lt; Budget
REC-5009,PRJ-2026-8819,Study on Cataloging,Jeffrey Clarke,Unknown,Univ. of Illinois (UIUC),smith@unlv.edu,2023-09-30,34,-$480.00,Machine Learning,Notes on &quot;UIUC&quot;
REC-5010,PRJ-26-1001,Study on Bioinformatics,Kathryn Write,Pending,Cal Berkeley,contact@lab.org,2018-11-05,31,"$87,564.90",Machine Learning,Phase 1 &amp; 2 complete
REC-5011,,National Science Foundation Geospatial Analysis Infrastructure Project,Dr. Doe,c2020,"Urbana-Champaign, University of Illinois",a.wright@berkeley.edu,1900-01-01,39,FREE,GIS Mapping,Phase 1 &amp; 2 complete
REC-5012,PRJ-26-1001,Comprehensive Digital Humanities Data Archival Research Project Phase 2,Dr. Smith,2018,"Technology, Massachusetts Institute of",smith@unlv.edu,,32,FREE,GIS Mapping,Na&iuml;ve Bayes test
REC-5013,PRJ-26-1001,Study on Ethics,Bryan Stewart,2005,"Las Vegas, University of Nevada",r.johnson@mit.edu,2023-09-30,34,90640.68 USD,Bioinformatics,Na&iuml;ve Bayes test
REC-5014,PRJ-26-1001,Investigation into Cataloging and Modern Data Pipelines,Dr. Jane Mary Smith,1882,"Technology, Massachusetts Institute of",r.johnson@mit.edu,2021-07-22,46,"$111,322.31",Cataloging,Na&iuml;ve Bayes test
REC-5015,PRJ-2026-4052,Analysis of Metadata,Robert Jhnson,'15,Massachusetts Institute of Technology,contact@lab.org,2023-09-30,39,FREE,Metadata,Cost &lt; Budget
,,,,,,,,,,Archival Studies,Sub-tag record
,,,,,,,,,,Machine Learning,Sub-tag record
REC-5016,INVALID_CODE,National Science Foundation Geospatial Analysis Infrastructure Project,Dr. Smith,2020,Univ. of Illinois (UIUC),contact@lab.org,2023-09-30,13,41480.45 USD,Data Science,Cost &lt; Budget
,,,,,,,,,,Python,Sub-tag record
REC-5017,PRJ-2026-8819,Analysis of Data Science,Alexandr Wright,2050,Univ of Illinois Urbana Champaign,duplicate.user@research.org,2023-09-30,26,"$50,870.82",Metadata,Caf&eacute; study group
REC-5018,PRJ-2026-8819,Analysis of GIS Mapping,Patricia Taylor Garcia,2012,"Las Vegas, University of Nevada",smith@unlv.edu,2016-03-12,25,57029.69 USD,Bioinformatics,Caf&eacute; study group
REC-5019,PRJ-2026-1001,Investigation into Cataloging and Modern Data Pipelines,Smith,Pending,"Urbana-Champaign, University of Illinois",duplicate.user@research.org,2025-12-01,25,-$370.00,Metadata,Cost &lt; Budget
REC-5020,PRJ20261001,National Science Foundation Geospatial Analysis Infrastructure Project,Dr. Brown,1998,Univ of Nevada Las Vegas,jdoe@illinois.edu,2018-11-05,47,-$154.00,Archival Studies,Na&iuml;ve Bayes test
REC-5021,PRJ-2026-4052,Study on Python,Bryan Stewart,2020,"University of California, Berkeley",contact@lab.org,,41,-$236.00,Archival Studies,Caf&eacute; study group
,,,,,,,,,,Machine Learning,Sub-tag record
,,,,,,,,,,GIS Mapping,Sub-tag record
,,,,,,,,,,Metadata,Sub-tag record
REC-5022,PRJ-2026-1001,Investigation into Python and Modern Data Pipelines,Smith,2021,UIUC,duplicate.user@research.org,2016-03-12,48,-$486.00,Bioinformatics,Cost &lt; Budget
REC-5023,PRJ-2026-1001,National Science Foundation Geospatial Analysis Infrastructure Project,Dr. Brown,2050,UNLV,duplicate.user@research.org,2021-07-22,37,"$159,123.23",GIS Mapping,Caf&eacute; study group
REC-5024,PRJ-2026-9900,Proj A,Jane Smith,Pending,Univ. of Illinois (UIUC),smith@unlv.edu,2099-12-31,44,FREE,GIS Mapping,Na&iuml;ve Bayes test
REC-5025,PRJ-2026-8819,Proj A,Smith,2015,Massachusetts Institute of Technology,a.wright@berkeley.edu,2020-01-15,13,54392.74 USD,Machine Learning,Caf&eacute; study group
REC-5026,PRJ-2026-9900,Analysis of Machine Learning,Patricia Taylor Garcia,,Univ of Nevada Las Vegas,a.wright@berkeley.edu,2016-03-12,35,FREE,Machine Learning,Notes on &quot;UIUC&quot;
REC-5027,PRJ-26-1001,Study on Machine Learning,Brian Stuart,c2020,UC Berkeley,contact@lab.org,2021-07-22,15,-$195.00,Cataloging,Cost &lt; Budget
REC-5028,,Proj A,Dr. Jane Mary Smith,c. 2005,"Las Vegas, University of Nevada",jdoe@illinois.edu,2099-12-31,16,"$34,240.91",Metadata,Na&iuml;ve Bayes test
REC-5029,PRJ-26-1001,Analysis of Metadata,Michael O'Brown,2005,"University of Nevada, Las Vegas",a.wright@berkeley.edu,2023-09-30,36,105005.53,GIS Mapping,Phase 1 &amp; 2 complete
REC-5030,PRJ-2026-8819,Comprehensive Digital Humanities Data Archival Research Initiative Phase 1,Dr. Smith,Unknown,"Las Vegas, University of Nevada",smith@unlv.edu,2023-09-30,29,-$120.00,Data Science,Phase 1 &amp; 2 complete
REC-5031,PRJ20261001,Analysis of Machine Learning,Patricia Taylor-Garcia,2021,Univ of Nevada Las Vegas,duplicate.user@research.org,2018-11-05,32,97364.29 USD,Python,Caf&eacute; study group
REC-5032,PRJ-26-1001,Analysis of Data Science,Robert Johnson,c. 2005,Univ of Nevada Las Vegas,r.johnson@mit.edu,2099-12-31,34,FREE,Archival Studies,Na&iuml;ve Bayes test
REC-5033,prj-2026-1001,Analysis of Python,Michael O'Brown,Pending,Urbana Champaign University of Illinois,r.johnson@mit.edu,2099-12-31,13,-$261.00,GIS Mapping,Phase 1 &amp; 2 complete
REC-5034,PRJ-26-1001,Analysis of Data Science,Robert Johnson,2050,"Urbana-Champaign, University of Illinois",smith@unlv.edu,,22,"$82,134.78",Archival Studies,Cost &lt; Budget
REC-5035,PRJ20261001,Study on Python,Bryan Stewart,,"University of Nevada, Las Vegas",contact@lab.org,2016-03-12,5,8649.1 USD,Bioinformatics,Caf&eacute; study group
REC-5036,prj-2026-1001,Investigation into Metadata and Modern Data Pipelines,A. PROF. WILSON,Unknown,"University of Nevada, Las Vegas",smith@unlv.edu,1900-01-01,60,-$422.00,Cataloging,Phase 1 &amp; 2 complete
REC-5037,PRJ-26-1001,Study on GIS Mapping,Bryan Stewart,Unknown,"Las Vegas, University of Nevada",jdoe@illinois.edu,2016-03-12,24,-$106.00,Data Science,Cost &lt; Budget
REC-5038,PRJ-2026-1001,Analysis of Metadata,Patricia Taylor Garcia,2015,MIT,jdoe@illinois.edu,2025-12-01,41,"$73,684.22",Python,Phase 1 &amp; 2 complete
REC-5039,PRJ-2026-1001,Analysis of Machine Learning,Robert Jhnson,Unknown,MIT,r.johnson@mit.edu,,22,64246.97 USD,Cataloging,Na&iuml;ve Bayes test
REC-5040,INVALID_CODE,Study on Python,Christina Taylor,c. 2005,"Las Vegas, University of Nevada",jdoe@illinois.edu,2023-09-30,47,-$166.00,Cataloging,Notes on &quot;UIUC&quot;
REC-5041,,Proj A,m. davis,Pending,UC Berkeley,jdoe@illinois.edu,,11,41888.83 USD,Archival Studies,Caf&eacute; study group
REC-5042,PRJ-2026-1001,Study on Ethics,Bryan Stewart,Pending,"Berkeley, University of California",smith@unlv.edu,2099-12-31,25,-$308.00,Machine Learning,Cost &lt; Budget
REC-5043,PRJ-2026-9900,Investigation into Ethics and Modern Data Pipelines,Dr. Jane Mary Smith,1998,Univ of Illinois Urbana Champaign,jdoe@illinois.edu,2020-01-15,21,"$56,815.55",Bioinformatics,Notes on &quot;UIUC&quot;
REC-5044,PRJ-2026-4052,Proj A,Jane Smith,2020,"Technology, Massachusetts Institute of",r.johnson@mit.edu,2016-03-12,47,FREE,Cataloging,Notes on &quot;UIUC&quot;
REC-5045,PRJ-2026-4052,Study on Metadata,Steven Miller,2018,"Berkeley, University of California",r.johnson@mit.edu,2020-01-15,23,-$143.00,Archival Studies,Notes on &quot;UIUC&quot;
REC-5046,INVALID_CODE,Investigation into Metadata and Modern Data Pipelines,Jane Smith,,MIT,smith@unlv.edu,,4,FREE,Python,Phase 1 &amp; 2 complete
REC-5047,PRJ-2026-9900,Analysis of Machine Learning,Robert Jhnson,1882,university of illinois at urbana-champaign,smith@unlv.edu,2016-03-12,36,-$436.00,Metadata,Caf&eacute; study group
,,,,,,,,,,Ethics,Sub-tag record
REC-5048,PRJ-2026-1001,Study on Cataloging,Steven Miller,2012.0,"Technology, Massachusetts Institute of",jdoe@illinois.edu,2018-11-05,43,FREE,Data Science,Phase 1 &amp; 2 complete
REC-5049,PRJ20261001,Comprehensive Digital Humanities Data Archival Research Project Phase 1,Dr. Smith,2050,UC Berkeley,contact@lab.org,2018-11-05,35,"$136,867.37",Machine Learning,Cost &lt; Budget
REC-5050,PRJ-2026-1001,Comprehensive Digital Humanities Data Archival Research Initiative Phase 1,Dr. Smith,2005,Univ of Illinois Urbana Champaign,r.johnson@mit.edu,2018-11-05,35,100339.98,Metadata,Phase 1 &amp; 2 complete
,,,,,,,,,,Bioinformatics,Sub-tag record
,,,,,,,,,,Cataloging,Sub-tag record
,,,,,,,,,,Data Science,Sub-tag record
REC-5051,PRJ-2026-4052,Analysis of Archival Studies,Alexandr Wright,1882,"University of Nevada, Las Vegas",duplicate.user@research.org,2023-09-30,34,"$143,938.46",Data Science,Na&iuml;ve Bayes test
REC-5052,,Comprehensive Digital Humanities Data Archival Research Project Phase 1,Dr. Johnson,2021,"Las Vegas, University of Nevada",contact@lab.org,2018-11-05,29,-$278.00,GIS Mapping,Caf&eacute; study group
REC-5053,INVALID_CODE,Analysis of Machine Learning,Patricia Taylor-Garcia,Pending,UIUC,smith@unlv.edu,2020-01-15,33,-$480.00,Cataloging,Cost &lt; Budget
,,,,,,,,,,Ethics,Sub-tag record
REC-5054,,Comprehensive Digital Humanities Data Archival Research Initiative Phase 1,Dr. Brown,2050,University of Illinois at Urbana-Champaign,a.wright@berkeley.edu,2021-07-22,15,63843.17 USD,GIS Mapping,Cost &lt; Budget
REC-5055,PRJ-2026-4052,Study on Python,Christina Taylor,c. 2005,"University of California, Berkeley",jdoe@illinois.edu,,33,"$57,901.54",Archival Studies,Cost &lt; Budget
REC-5056,PRJ-2026-4052,National Science Foundation Geospatial Analysis Infrastructure Program,Dr. Brown,2022,"Technology, Massachusetts Institute of",a.wright@berkeley.edu,2016-03-12,5,"$11,775.90",Archival Studies,Caf&eacute; study group
REC-5057,PRJ-26-1001,Analysis of Bioinformatics,Patricia Taylor Garcia,2022,"University of California, Berkeley",jdoe@illinois.edu,2099-12-31,32,-$296.00,Bioinformatics,Na&iuml;ve Bayes test
REC-5058,PRJ-26-1001,Study on Python,Jane Smith,Class of 2018,"University of Nevada, Las Vegas",r.johnson@mit.edu,2016-03-12,36,64741.27,Cataloging,Caf&eacute; study group
REC-5059,INVALID_CODE,National Science Foundation Geospatial Analysis Infrastructure Program,Dr. Johnson,2005,Cal Berkeley,smith@unlv.edu,2021-07-22,9,-$155.00,Cataloging,Na&iuml;ve Bayes test
REC-5060,PRJ-2026-8819,Analysis of GIS Mapping,Michael OBrown,c. 2005,university of illinois at urbana-champaign,smith@unlv.edu,2099-12-31,46,FREE,Bioinformatics,Caf&eacute; study group
REC-5061,,Study on Machine Learning,Kathryn Write,2021,Urbana Champaign University of Illinois,a.wright@berkeley.edu,2099-12-31,37,-$336.00,Ethics,Phase 1 &amp; 2 complete
REC-5062,PRJ20261001,Analysis of Data Science,Alexander Wright,2018,UC Berkeley,a.wright@berkeley.edu,2020-01-15,6,"$23,681.83",Data Science,Cost &lt; Budget
REC-5063,INVALID_CODE,Proj A,Jane Smith,Class of 2018,UC Berkeley,a.wright@berkeley.edu,2016-03-12,3,-$113.00,Metadata,Cost &lt; Budget
REC-5064,PRJ20261001,Comprehensive Digital Humanities Data Archival Research Project Phase 2,Dr. Johnson,,"University of California, Berkeley",contact@lab.org,2021-07-22,19,"$29,956.68",Machine Learning,Caf&eacute; study group
REC-5065,PRJ-2026-9900,Study on Machine Learning,Stephen Miller,2021,"Technology, Massachusetts Institute of",smith@unlv.edu,2099-12-31,17,"$27,140.71",Cataloging,Na&iuml;ve Bayes test
REC-5066,INVALID_CODE,Analysis of Metadata,Johnathan Doee,2021,UNLV,contact@lab.org,2023-09-30,60,100.0,Machine Learning,Caf&eacute; study group
,,,,,,,,,,Cataloging,Sub-tag record
REC-5067,PRJ-2026-1001,Investigation into GIS Mapping and Modern Data Pipelines,Dr. Jane Mary Smith,2012.0,Univ of Illinois Urbana Champaign,r.johnson@mit.edu,2021-07-22,48,"$202,691.20",Ethics,Caf&eacute; study group
REC-5068,PRJ-2026-8819,Analysis of Ethics,Alexandr Wright,2018,Univ. of Illinois (UIUC),jdoe@illinois.edu,2018-11-05,28,FREE,Bioinformatics,Cost &lt; Budget
,,,,,,,,,,Archival Studies,Sub-tag record
,,,,,,,,,,GIS Mapping,Sub-tag record
,,,,,,,,,,Metadata,Sub-tag record
REC-5069,PRJ-2026-8819,Proj A,Dr. Jane Mary Smith,N/A,"University of California, Berkeley",a.wright@berkeley.edu,2025-12-01,30,121454.79 USD,Python,Phase 1 &amp; 2 complete
REC-5070,PRJ-2026-4052,Proj A,A. PROF. WILSON,2021,Urbana Champaign University of Illinois,jdoe@illinois.edu,2016-03-12,34,"$103,281.62",Python,Na&iuml;ve Bayes test
REC-5071,INVALID_CODE,Proj A,Smith,N/A,"Technology, Massachusetts Institute of",a.wright@berkeley.edu,2025-12-01,8,-$222.00,Bioinformatics,Na&iuml;ve Bayes test
REC-5072,PRJ-2026-1001,Study on Archival Studies,Kathryn Write,2022,university of illinois at urbana-champaign,r.johnson@mit.edu,2099-12-31,39,"$81,399.48",Archival Studies,Cost &lt; Budget
REC-5073,prj-2026-1001,Analysis of Data Science,Robert Jhnson,1998,"Berkeley, University of California",r.johnson@mit.edu,2021-07-22,36,110368.95,Machine Learning,Cost &lt; Budget
REC-5074,PRJ-2026-9900,Study on Machine Learning,Brian Stuart,c. 2005,M.I.T.,a.wright@berkeley.edu,2025-12-01,15,-$135.00,Ethics,Caf&eacute; study group
REC-5075,PRJ-26-1001,Analysis of Archival Studies,Michael OBrown,1882,Urbana Champaign University of Illinois,a.wright@berkeley.edu,2023-09-30,9,16808.18 USD,Metadata,Notes on &quot;UIUC&quot;
REC-5076,PRJ-2026-9900,Investigation into Metadata and Modern Data Pipelines,Jane Smith,Pending,UC Berkeley,contact@lab.org,2023-09-30,44,"$155,886.08",Machine Learning,Na&iuml;ve Bayes test
REC-5077,PRJ-2026-4052,Study on Bioinformatics,Christina Taylor,Class of 2018,Univ. of Illinois (UIUC),jdoe@illinois.edu,2025-12-01,11,41977.55,Archival Studies,Caf&eacute; study group
REC-5078,PRJ-26-1001,Study on Ethics,Kristina Tailor,N/A,Univ of Nevada Las Vegas,a.wright@berkeley.edu,1900-01-01,5,-$142.00,Cataloging,Cost &lt; Budget
REC-5079,PRJ-2026-4052,Proj A,Dr. Jane Mary Smith,'15,"Technology, Massachusetts Institute of",a.wright@berkeley.edu,2020-01-15,22,73139.24 USD,GIS Mapping,Phase 1 &amp; 2 complete
REC-5080,PRJ-2026-4052,Study on Metadata,Jeffrey Clarke,2012,Univ of Illinois Urbana Champaign,jdoe@illinois.edu,2021-07-22,36,-$459.00,Metadata,Na&iuml;ve Bayes test
REC-5081,PRJ-2026-4052,Analysis of Archival Studies,Alexandr Wright,2005,UIUC,a.wright@berkeley.edu,2018-11-05,4,FREE,Bioinformatics,Notes on &quot;UIUC&quot;
REC-5082,PRJ20261001,National Science Foundation Geospatial Analysis Infrastructure Project,Dr. Johnson,Unknown,Univ. of Illinois (UIUC),a.wright@berkeley.edu,2099-12-31,15,30114.46,Machine Learning,Cost &lt; Budget
REC-5083,PRJ-2026-8819,Comprehensive Digital Humanities Data Archival Research Initiative Phase 1,Dr. Johnson,N/A,UC Berkeley,a.wright@berkeley.edu,2099-12-31,7,FREE,Machine Learning,Caf&eacute; study group
REC-5084,prj-2026-1001,Investigation into Machine Learning and Modern Data Pipelines,m. davis,c2020,university of illinois at urbana-champaign,contact@lab.org,2023-09-30,38,78450.02 USD,Metadata,Cost &lt; Budget
REC-5085,PRJ-26-1001,Comprehensive Digital Humanities Data Archival Research Project Phase 1,Dr. Brown,'15,University of Illinois at Urbana-Champaign,r.johnson@mit.edu,2023-09-30,13,21436.32 USD,Machine Learning,Caf&eacute; study group
REC-5086,PRJ-2026-9900,Proj A,A. PROF. WILSON,1882,Massachusetts Institute of Technology,smith@unlv.edu,2099-12-31,33,FREE,Ethics,Caf&eacute; study group
REC-5087,,Analysis of Archival Studies,Alexandr Wright,2050,UNLV,contact@lab.org,2023-09-30,44,165984.27,GIS Mapping,Phase 1 &amp; 2 complete
REC-5088,PRJ-2026-9900,Proj A,Dr. Jane Mary Smith,,"University of California, Berkeley",duplicate.user@research.org,2023-09-30,47,"$73,036.24",Cataloging,Caf&eacute; study group
REC-5089,INVALID_CODE,Comprehensive Digital Humanities Data Archival Research Project Phase 2,Dr. Brown,2020,"University of California, Berkeley",duplicate.user@research.org,2021-07-22,46,"$129,613.59",Data Science,Caf&eacute; study group
REC-5090,prj-2026-1001,Analysis of Bioinformatics,Michael OBrown,'15,"University of Nevada, Las Vegas",duplicate.user@research.org,1900-01-01,23,-$110.00,Archival Studies,Cost &lt; Budget
REC-5091,PRJ-26-1001,Comprehensive Digital Humanities Data Archival Research Initiative Phase 1,Dr. Doe,2015,"Urbana-Champaign, University of Illinois",r.johnson@mit.edu,2016-03-12,18,-$158.00,Metadata,Cost &lt; Budget
REC-5092,PRJ20261001,Proj A,m. davis,2012,U.N.L.V.,contact@lab.org,2020-01-15,40,"$80,210.76",Cataloging,Na&iuml;ve Bayes test
REC-5093,PRJ-2026-1001,Study on Ethics,Christina Taylor,Class of 2018,M.I.T.,jdoe@illinois.edu,2099-12-31,12,-$472.00,Cataloging,Cost &lt; Budget
REC-5094,PRJ-2026-8819,Analysis of Bioinformatics,Michael O'Brown,1998,"Urbana-Champaign, University of Illinois",a.wright@berkeley.edu,2023-09-30,21,FREE,Metadata,Cost &lt; Budget
REC-5095,prj-2026-1001,Proj A,Dr. Jane Mary Smith,2012,"University of California, Berkeley",smith@unlv.edu,2021-07-22,5,FREE,Metadata,Notes on &quot;UIUC&quot;
REC-5096,prj-2026-1001,Proj A,Dr. Jane Mary Smith,2012.0,M.I.T.,r.johnson@mit.edu,2018-11-05,42,-$456.00,Ethics,Caf&eacute; study group
REC-5097,INVALID_CODE,Study on Metadata,Christina Taylor,2022,"Las Vegas, University of Nevada",smith@unlv.edu,2021-07-22,34,FREE,Ethics,Cost &lt; Budget
REC-5098,,Analysis of Cataloging,Michael OBrown,Unknown,UC Berkeley,contact@lab.org,2016-03-12,41,FREE,Archival Studies,Phase 1 &amp; 2 complete
REC-5099,prj-2026-1001,Comprehensive Digital Humanities Data Archival Research Initiative Phase 1,Dr. Smith,c. 2005,U.N.L.V.,contact@lab.org,2023-09-30,12,-$430.00,Cataloging,Cost &lt; Budget
REC-5100,,Proj A,Jane Smith,2012,UIUC,r.johnson@mit.edu,2021-07-22,25,65393.66 USD,Cataloging,Notes on &quot;UIUC&quot;
REC-5101,PRJ-2026-4052,Proj A,A. PROF. WILSON,1998,"University of Nevada, Las Vegas",jdoe@illinois.edu,1900-01-01,12,48960.6 USD,Bioinformatics,Cost &lt; Budget
REC-5102,PRJ-2026-4052,Investigation into Python and Modern Data Pipelines,m. davis,2012.0,"Urbana-Champaign, University of Illinois",a.wright@berkeley.edu,2025-12-01,44,FREE,Cataloging,Na&iuml;ve Bayes test
REC-5103,,Analysis of Python,Patricia Taylor Garcia,2015,UNLV,r.johnson@mit.edu,2023-09-30,6,FREE,Machine Learning,Phase 1 &amp; 2 complete
REC-5104,PRJ20261001,Study on Metadata,Steven Miller,2022,University of Illinois at Urbana-Champaign,jdoe@illinois.edu,2021-07-22,11,"$37,314.23",Bioinformatics,Na&iuml;ve Bayes test
REC-5105,INVALID_CODE,Investigation into Bioinformatics and Modern Data Pipelines,A. PROF. WILSON,2015,"University of Nevada, Las Vegas",jdoe@illinois.edu,2023-09-30,29,-$483.00,Archival Studies,Na&iuml;ve Bayes test
REC-5106,PRJ-26-1001,National Science Foundation Geospatial Analysis Infrastructure Project,Dr. Brown,2050,Univ of Illinois Urbana Champaign,contact@lab.org,2018-11-05,11,-$256.00,Cataloging,Phase 1 &amp; 2 complete
REC-5107,INVALID_CODE,Analysis of Cataloging,Patricia Taylor Garcia,Pending,Univ. of Illinois (UIUC),smith@unlv.edu,2023-09-30,15,FREE,Cataloging,Na&iuml;ve Bayes test
,,,,,,,,,,Data Science,Sub-tag record
REC-5108,PRJ-2026-4052,Proj A,Dr. Jane Mary Smith,2012,UIUC,a.wright@berkeley.edu,2018-11-05,22,"$91,346.68",Python,Na&iuml;ve Bayes test
REC-5109,PRJ-2026-9900,Study on GIS Mapping,Kristina Tailor,c. 2005,"Technology, Massachusetts Institute of",smith@unlv.edu,1900-01-01,41,FREE,Data Science,Cost &lt; Budget
REC-5110,INVALID_CODE,Study on GIS Mapping,Brian Stuart,2015,MIT,smith@unlv.edu,2016-03-12,35,-$256.00,Cataloging,Phase 1 &amp; 2 complete
REC-5111,PRJ-26-1001,Study on GIS Mapping,Stephen Miller,Pending,Cal Berkeley,jdoe@illinois.edu,2021-07-22,44,FREE,Metadata,Na&iuml;ve Bayes test
REC-5112,PRJ-2026-9900,Study on GIS Mapping,Geoffrey Clark,,UIUC,smith@unlv.edu,1900-01-01,8,-$351.00,Ethics,Phase 1 &amp; 2 complete
REC-5113,PRJ-2026-4052,Analysis of Metadata,Alexandr Wright,2018,Univ of Illinois Urbana Champaign,r.johnson@mit.edu,2016-03-12,41,-$254.00,Data Science,Caf&eacute; study group
REC-5114,INVALID_CODE,Comprehensive Digital Humanities Data Archival Research Project Phase 1,Dr. Doe,Pending,UC Berkeley,a.wright@berkeley.edu,1900-01-01,5,8256.59,Machine Learning,Notes on &quot;UIUC&quot;
REC-5115,PRJ-2026-8819,Comprehensive Digital Humanities Data Archival Research Project Phase 2,Dr. Doe,c2020,Urbana Champaign University of Illinois,smith@unlv.edu,2099-12-31,33,FREE,Python,Phase 1 &amp; 2 complete
REC-5116,PRJ-26-1001,Study on Metadata,Catherine Wright,2012,Urbana Champaign University of Illinois,a.wright@berkeley.edu,2016-03-12,22,86980.31,Machine Learning,Na&iuml;ve Bayes test
REC-5117,,Investigation into Cataloging and Modern Data Pipelines,Dr. Jane Mary Smith,2020,University of Illinois at Urbana-Champaign,a.wright@berkeley.edu,2099-12-31,4,FREE,Metadata,Caf&eacute; study group
REC-5118,PRJ-2026-9900,Comprehensive Digital Humanities Data Archival Research Initiative Phase 1,Dr. Brown,Class of 2018,"Berkeley, University of California",a.wright@berkeley.edu,2018-11-05,9,-$414.00,Machine Learning,Caf&eacute; study group
REC-5119,PRJ-2026-9900,Study on Archival Studies,Stephen Miller,,"Berkeley, University of California",smith@unlv.edu,2025-12-01,16,FREE,Cataloging,Na&iuml;ve Bayes test
REC-5120,prj-2026-1001,Comprehensive Digital Humanities Data Archival Research Project Phase 2,Dr. Doe,'15,"Technology, Massachusetts Institute of",jdoe@illinois.edu,2023-09-30,3,7769.51 USD,Archival Studies,Notes on &quot;UIUC&quot;
REC-5121,PRJ20261001,Investigation into Data Science and Modern Data Pipelines,m. davis,2022,Univ of Illinois Urbana Champaign,jdoe@illinois.edu,2023-09-30,10,15841.1,Ethics,Notes on &quot;UIUC&quot;
REC-5122,,Analysis of Machine Learning,Alexandr Wright,N/A,"Technology, Massachusetts Institute of",a.wright@berkeley.edu,2016-03-12,28,-$343.00,Ethics,Notes on &quot;UIUC&quot;
REC-5123,PRJ-2026-4052,Comprehensive Digital Humanities Data Archival Research Project Phase 1,Dr. Smith,N/A,MIT,a.wright@berkeley.edu,2020-01-15,46,-$266.00,Archival Studies,Cost &lt; Budget
REC-5124,PRJ-2026-1001,Investigation into GIS Mapping and Modern Data Pipelines,m. davis,2005,UC Berkeley,r.johnson@mit.edu,2020-01-15,33,132826.22 USD,Bioinformatics,Na&iuml;ve Bayes test
REC-5125,prj-2026-1001,Comprehensive Digital Humanities Data Archival Research Initiative Phase 1,Dr. Doe,c. 2005,"Las Vegas, University of Nevada",smith@unlv.edu,2023-09-30,13,"$21,092.62",Bioinformatics,Caf&eacute; study group
REC-5126,prj-2026-1001,Analysis of Metadata,Patricia Taylor-Garcia,2020,"University of California, Berkeley",smith@unlv.edu,2020-01-15,29,FREE,Python,Phase 1 &amp; 2 complete
REC-5127,PRJ20261001,Analysis of Data Science,Johnathan Doe,Unknown,UNLV,a.wright@berkeley.edu,,6,"$11,610.41",GIS Mapping,Notes on &quot;UIUC&quot;
REC-5128,PRJ-2026-4052,Analysis of Archival Studies,Michael OBrown,2050,MIT,jdoe@illinois.edu,2020-01-15,15,-$378.00,Python,Phase 1 &amp; 2 complete
REC-5129,PRJ-2026-4052,Comprehensive Digital Humanities Data Archival Research Project Phase 1,Dr. Johnson,2005,"Technology, Massachusetts Institute of",contact@lab.org,2016-03-12,41,127242.68,Ethics,Caf&eacute; study group
REC-5130,PRJ-2026-1001,Study on Bioinformatics,Kathryn Write,N/A,Univ of Nevada Las Vegas,contact@lab.org,1900-01-01,25,43903.71 USD,GIS Mapping,Cost &lt; Budget
REC-5131,prj-2026-1001,Proj A,Jane Smith,2005,Univ of Nevada Las Vegas,jdoe@illinois.edu,2018-11-05,38,-$352.00,Data Science,Cost &lt; Budget
REC-5132,PRJ-2026-9900,Study on GIS Mapping,Bryan Stewart,2018,U.N.L.V.,contact@lab.org,2025-12-01,45,"$95,438.95",Python,Caf&eacute; study group
REC-5133,PRJ-2026-1001,Comprehensive Digital Humanities Data Archival Research Project Phase 2,Dr. Doe,2018,"Technology, Massachusetts Institute of",smith@unlv.edu,2021-07-22,6,"$11,330.01",Data Science,Caf&eacute; study group
REC-5134,PRJ-2026-9900,Proj A,Jane Smith,N/A,Massachusetts Institute of Technology,jdoe@illinois.edu,2018-11-05,44,"$124,373.95",Data Science,Caf&eacute; study group
REC-5135,PRJ-2026-9900,National Science Foundation Geospatial Analysis Infrastructure Program,Dr. Brown,2018,University of Illinois at Urbana-Champaign,contact@lab.org,2018-11-05,39,173209.08,Machine Learning,Na&iuml;ve Bayes test
REC-5136,PRJ-2026-8819,Proj A,Smith,1882,UIUC,contact@lab.org,1900-01-01,23,57706.37,GIS Mapping,Notes on &quot;UIUC&quot;
REC-5137,PRJ-2026-1001,Study on Python,Bryan Stewart,,"Urbana-Champaign, University of Illinois",contact@lab.org,1900-01-01,29,"$63,765.72",Machine Learning,Caf&eacute; study group
REC-5138,PRJ-2026-9900,Proj A,Smith,2012,Univ of Illinois Urbana Champaign,smith@unlv.edu,1900-01-01,14,43431.85,Cataloging,Notes on &quot;UIUC&quot;
REC-5139,prj-2026-1001,Analysis of GIS Mapping,Robert Jhnson,,U.N.L.V.,r.johnson@mit.edu,1900-01-01,13,44285.16 USD,Python,Phase 1 &amp; 2 complete
REC-5140,prj-2026-1001,Study on GIS Mapping,Jeffrey Clarke,Unknown,University of Illinois at Urbana-Champaign,contact@lab.org,2018-11-05,42,"$186,244.80",Ethics,Caf&eacute; study group
REC-5141,,Study on Data Science,Steven Miller,2015,Massachusetts Institute of Technology,contact@lab.org,2020-01-15,38,123632.91 USD,Data Science,Notes on &quot;UIUC&quot;
,,,,,,,,,,Bioinformatics,Sub-tag record
,,,,,,,,,,Cataloging,Sub-tag record
REC-5142,PRJ-2026-8819,Comprehensive Digital Humanities Data Archival Research Initiative Phase 1,Dr. Brown,2015,"Urbana-Champaign, University of Illinois",jdoe@illinois.edu,2018-11-05,42,119165.2 USD,Archival Studies,Na&iuml;ve Bayes test
REC-5143,INVALID_CODE,Study on Ethics,Kristina Tailor,2015,"Technology, Massachusetts Institute of",r.johnson@mit.edu,2018-11-05,29,55202.09 USD,Python,Notes on &quot;UIUC&quot;
REC-5144,PRJ-2026-8819,Study on Machine Learning,Stephen Miller,2022,"Technology, Massachusetts Institute of",jdoe@illinois.edu,1900-01-01,20,FREE,GIS Mapping,Phase 1 &amp; 2 complete
REC-5145,INVALID_CODE,Investigation into Bioinformatics and Modern Data Pipelines,Dr. Jane Mary Smith,2012.0,"University of California, Berkeley",smith@unlv.edu,,37,57928.11,Bioinformatics,Phase 1 &amp; 2 complete
REC-5146,PRJ-2026-8819,Analysis of Data Science,Patricia Taylor-Garcia,2022,"Urbana-Champaign, University of Illinois",a.wright@berkeley.edu,2018-11-05,10,"$18,168.34",Data Science,Caf&eacute; study group
REC-5147,INVALID_CODE,Comprehensive Digital Humanities Data Archival Research Project Phase 1,Dr. Johnson,1998,UC Berkeley,smith@unlv.edu,2021-07-22,47,112999.48,Archival Studies,Phase 1 &amp; 2 complete
REC-5148,,Study on Python,Christina Taylor,2021,Univ. of Illinois (UIUC),smith@unlv.edu,2025-12-01,42,"$90,498.04",Metadata,Notes on &quot;UIUC&quot;
REC-5149,prj-2026-1001,Analysis of GIS Mapping,Johnathan Doee,2050,M.I.T.,jdoe@illinois.edu,,17,FREE,Data Science,Na&iuml;ve Bayes test
,,,,,,,,,,Python,Sub-tag record
,,,,,,,,,,Bioinformatics,Sub-tag record
,,,,,,,,,,Machine Learning,Sub-tag record
REC-5150,PRJ-2026-8819,Comprehensive Digital Humanities Data Archival Research Project Phase 2,Dr. Johnson,,UIUC,jdoe@illinois.edu,2021-07-22,36,153440.7,Data Science,Na&iuml;ve Bayes test
REC-5151,PRJ-2026-8819,Investigation into Machine Learning and Modern Data Pipelines,Dr. Jane Mary Smith,Pending,"University of California, Berkeley",r.johnson@mit.edu,2099-12-31,1,FREE,Ethics,Notes on &quot;UIUC&quot;
,,,,,,,,,,Archival Studies,Sub-tag record
REC-5152,prj-2026-1001,Study on Ethics,Catherine Wright,2022,Urbana Champaign University of Illinois,smith@unlv.edu,2016-03-12,14,"$56,395.76",Bioinformatics,Phase 1 &amp; 2 complete
REC-5153,PRJ-26-1001,Study on Metadata,Kathryn Write,2021,"University of California, Berkeley",a.wright@berkeley.edu,2016-03-12,7,-$417.00,Bioinformatics,Caf&eacute; study group
REC-5154,prj-2026-1001,Investigation into Data Science and Modern Data Pipelines,Dr. Jane Mary Smith,2012.0,"Technology, Massachusetts Institute of",smith@unlv.edu,2016-03-12,30,106447.43 USD,Machine Learning,Phase 1 &amp; 2 complete
REC-5155,PRJ-26-1001,Investigation into Archival Studies and Modern Data Pipelines,Jane Smith,2012,UNLV,contact@lab.org,2023-09-30,47,158965.78 USD,Machine Learning,Notes on &quot;UIUC&quot;
REC-5156,,Proj A,A. PROF. WILSON,2005,Univ of Nevada Las Vegas,jdoe@illinois.edu,2025-12-01,18,"$29,783.50",GIS Mapping,Na&iuml;ve Bayes test
REC-5157,PRJ-2026-4052,Analysis of GIS Mapping,Michael O'Brown,1882,"Technology, Massachusetts Institute of",a.wright@berkeley.edu,1900-01-01,10,31064.65 USD,Machine Learning,Caf&eacute; study group
,,,,,,,,,,Data Science,Sub-tag record
REC-5158,INVALID_CODE,Analysis of Archival Studies,Johnathan Doe,Pending,"University of Nevada, Las Vegas",a.wright@berkeley.edu,2025-12-01,33,-$272.00,Python,Cost &lt; Budget
REC-5159,INVALID_CODE,Proj A,Jane Smith,2020,Univ of Nevada Las Vegas,contact@lab.org,2025-12-01,34,FREE,Metadata,Phase 1 &amp; 2 complete
REC-5160,PRJ-2026-4052,Proj A,Jane Smith,1998,Massachusetts Institute of Technology,smith@unlv.edu,2020-01-15,7,"$24,415.88",Machine Learning,Phase 1 &amp; 2 complete
,,,,,,,,,,Metadata,Sub-tag record
,,,,,,,,,,GIS Mapping,Sub-tag record
,,,,,,,,,,Bioinformatics,Sub-tag record
REC-5161,PRJ-2026-1001,Analysis of Bioinformatics,Patricia Taylor-Garcia,1998,Univ of Illinois Urbana Champaign,jdoe@illinois.edu,2021-07-22,4,"$11,455.08",Machine Learning,Cost &lt; Budget
,,,,,,,,,,Metadata,Sub-tag record
,,,,,,,,,,Data Science,Sub-tag record
,,,,,,,,,,Python,Sub-tag record
REC-5162,INVALID_CODE,National Science Foundation Geospatial Analysis Infrastructure Project,Dr. Johnson,,"University of Nevada, Las Vegas",r.johnson@mit.edu,2021-07-22,23,51740.74,Ethics,Na&iuml;ve Bayes test
REC-5163,PRJ20261001,Study on Metadata,Brian Stuart,2018,Urbana Champaign University of Illinois,duplicate.user@research.org,2021-07-22,46,203327.84,Data Science,Caf&eacute; study group
REC-5164,PRJ-2026-9900,Study on Ethics,Jeffrey Clarke,Pending,University of Illinois at Urbana-Champaign,contact@lab.org,2021-07-22,29,49050.98,Python,Caf&eacute; study group
REC-5165,PRJ-2026-8819,Comprehensive Digital Humanities Data Archival Research Initiative Phase 1,Dr. Brown,2020,"University of Nevada, Las Vegas",jdoe@illinois.edu,1900-01-01,41,148192.15,Metadata,Caf&eacute; study group
REC-5166,PRJ-2026-8819,Proj A,Dr. Jane Mary Smith,,Univ of Nevada Las Vegas,jdoe@illinois.edu,2025-12-01,9,31841.07,Archival Studies,Cost &lt; Budget
REC-5167,,National Science Foundation Geospatial Analysis Infrastructure Program,Dr. Johnson,2015,Univ of Nevada Las Vegas,r.johnson@mit.edu,1900-01-01,21,FREE,Metadata,Caf&eacute; study group
REC-5168,prj-2026-1001,Comprehensive Digital Humanities Data Archival Research Initiative Phase 1,Dr. Johnson,,UIUC,smith@unlv.edu,2016-03-12,36,"$133,338.05",GIS Mapping,Notes on &quot;UIUC&quot;
REC-5169,PRJ-2026-9900,Analysis of Python,Alexandr Wright,2021,"Urbana-Champaign, University of Illinois",duplicate.user@research.org,2023-09-30,11,-$128.00,GIS Mapping,Phase 1 &amp; 2 complete
,,,,,,,,,,Data Science,Sub-tag record
,,,,,,,,,,Archival Studies,Sub-tag record
,,,,,,,,,,Cataloging,Sub-tag record
REC-5170,PRJ-26-1001,Proj A,Dr. Jane Mary Smith,1998,"University of California, Berkeley",contact@lab.org,2018-11-05,60,100.0 USD,GIS Mapping,Phase 1 &amp; 2 complete
,,,,,,,,,,Machine Learning,Sub-tag record
REC-5171,PRJ20261001,Study on Cataloging,Catherine Wright,Pending,"Las Vegas, University of Nevada",a.wright@berkeley.edu,1900-01-01,33,76521.77 USD,Cataloging,Notes on &quot;UIUC&quot;
REC-5172,PRJ-2026-4052,Study on Metadata,Christina Taylor,Unknown,Univ of Illinois Urbana Champaign,smith@unlv.edu,2020-01-15,4,"$14,569.59",Ethics,Caf&eacute; study group
REC-5173,prj-2026-1001,Comprehensive Digital Humanities Data Archival Research Initiative Phase 1,Dr. Brown,1882,UIUC,smith@unlv.edu,2025-12-01,15,52916.15,Archival Studies,Caf&eacute; study group
REC-5174,PRJ-26-1001,Analysis of Cataloging,Johnathan Doee,'15,U.N.L.V.,smith@unlv.edu,,23,62635.97,Cataloging,Caf&eacute; study group
REC-5175,PRJ-2026-9900,Study on Ethics,Steven Miller,2012.0,Univ of Illinois Urbana Champaign,jdoe@illinois.edu,1900-01-01,18,FREE,Data Science,Na&iuml;ve Bayes test
REC-5176,prj-2026-1001,Comprehensive Digital Humanities Data Archival Research Project Phase 1,Dr. Brown,'15,"University of California, Berkeley",a.wright@berkeley.edu,2016-03-12,36,"$154,411.74",Machine Learning,Caf&eacute; study group
REC-5177,,Proj A,A. PROF. WILSON,2015,M.I.T.,r.johnson@mit.edu,2018-11-05,13,"$38,619.02",Metadata,Cost &lt; Budget
,,,,,,,,,,Archival Studies,Sub-tag record
,,,,,,,,,,Ethics,Sub-tag record
,,,,,,,,,,Python,Sub-tag record
REC-5178,PRJ-2026-8819,Study on Cataloging,Catherine Wright,2020,"Technology, Massachusetts Institute of",smith@unlv.edu,2016-03-12,28,FREE,Cataloging,Cost &lt; Budget
REC-5179,PRJ-2026-4052,Proj A,Jane Smith,Pending,UC Berkeley,jdoe@illinois.edu,2018-11-05,17,76026.69 USD,Bioinformatics,Notes on &quot;UIUC&quot;
REC-5180,PRJ-2026-8819,Investigation into Archival Studies and Modern Data Pipelines,Smith,Pending,Cal Berkeley,a.wright@berkeley.edu,1900-01-01,20,-$188.00,Python,Caf&eacute; study group
REC-5181,PRJ-2026-8819,Investigation into Data Science and Modern Data Pipelines,Smith,2005,Urbana Champaign University of Illinois,jdoe@illinois.edu,2099-12-31,11,19311.46,Archival Studies,Phase 1 &amp; 2 complete
REC-5182,PRJ20261001,Study on Metadata,Bryan Stewart,2012,MIT,a.wright@berkeley.edu,2021-07-22,42,81868.57,Archival Studies,Cost &lt; Budget
REC-5183,PRJ-2026-4052,Investigation into Archival Studies and Modern Data Pipelines,Smith,c. 2005,University of Illinois at Urbana-Champaign,r.johnson@mit.edu,2020-01-15,11,-$343.00,Archival Studies,Phase 1 &amp; 2 complete
REC-5184,,Study on Ethics,Jayne Smyth,Unknown,MIT,r.johnson@mit.edu,2020-01-15,9,FREE,Ethics,Caf&eacute; study group
REC-5185,PRJ-2026-9900,Analysis of Machine Learning,Michael O'Brown,Unknown,UC Berkeley,contact@lab.org,1900-01-01,20,39526.45,Metadata,Na&iuml;ve Bayes test
,,,,,,,,,,Bioinformatics,Sub-tag record
,,,,,,,,,,Data Science,Sub-tag record
,,,,,,,,,,Archival Studies,Sub-tag record
REC-5186,PRJ-2026-9900,Study on Metadata,Kristina Tailor,Unknown,M.I.T.,r.johnson@mit.edu,,30,109380.65 USD,Metadata,Notes on &quot;UIUC&quot;
REC-5187,PRJ-2026-4052,Investigation into Metadata and Modern Data Pipelines,Dr. Jane Mary Smith,Pending,"Technology, Massachusetts Institute of",jdoe@illinois.edu,2023-09-30,24,83418.08 USD,GIS Mapping,Notes on &quot;UIUC&quot;
REC-5188,INVALID_CODE,Analysis of Archival Studies,Patricia Taylor Garcia,c2020,university of illinois at urbana-champaign,a.wright@berkeley.edu,1900-01-01,48,196113.71,Data Science,Cost &lt; Budget
REC-5189,INVALID_CODE,Comprehensive Digital Humanities Data Archival Research Initiative Phase 1,Dr. Brown,2012,Univ of Illinois Urbana Champaign,jdoe@illinois.edu,1900-01-01,5,-$459.00,Metadata,Caf&eacute; study group
REC-5190,PRJ-2026-1001,Comprehensive Digital Humanities Data Archival Research Project Phase 1,Dr. Johnson,2012.0,Urbana Champaign University of Illinois,jdoe@illinois.edu,2018-11-05,3,"$8,120.27",Python,Cost &lt; Budget
,,,,,,,,,,Ethics,Sub-tag record
,,,,,,,,,,Archival Studies,Sub-tag record
REC-5191,PRJ20261001,Study on Cataloging,Stephen Miller,N/A,Univ. of Illinois (UIUC),smith@unlv.edu,2025-12-01,43,FREE,Bioinformatics,Phase 1 &amp; 2 complete
REC-5192,INVALID_CODE,Study on GIS Mapping,Steven Miller,2005,Massachusetts Institute of Technology,jdoe@illinois.edu,,24,78841.58,Ethics,Notes on &quot;UIUC&quot;
REC-5193,PRJ-2026-1001,Proj A,Smith,Unknown,University of Illinois at Urbana-Champaign,jdoe@illinois.edu,2025-12-01,4,10951.36,Ethics,Caf&eacute; study group
REC-5194,prj-2026-1001,Proj A,m. davis,2015,"Las Vegas, University of Nevada",a.wright@berkeley.edu,2018-11-05,44,194048.66,Data Science,Cost &lt; Budget
REC-5195,PRJ-2026-8819,Investigation into Archival Studies and Modern Data Pipelines,Dr. Jane Mary Smith,'15,Univ of Nevada Las Vegas,smith@unlv.edu,2018-11-05,10,32103.11,GIS Mapping,Cost &lt; Budget
REC-5196,PRJ-2026-4052,Study on Bioinformatics,Geoffrey Clark,'15,U.N.L.V.,jdoe@illinois.edu,1900-01-01,14,FREE,Python,Phase 1 &amp; 2 complete
REC-5197,PRJ-2026-4052,Investigation into Metadata and Modern Data Pipelines,m. davis,2022,Massachusetts Institute of Technology,r.johnson@mit.edu,2099-12-31,7,-$446.00,Ethics,Na&iuml;ve Bayes test
REC-5198,PRJ-2026-4052,Investigation into Ethics and Modern Data Pipelines,Dr. Jane Mary Smith,'15,Univ of Illinois Urbana Champaign,smith@unlv.edu,2018-11-05,46,121641.58 USD,Archival Studies,Na&iuml;ve Bayes test
REC-5199,PRJ-2026-1001,Comprehensive Digital Humanities Data Archival Research Project Phase 2,Dr. Smith,,UIUC,a.wright@berkeley.edu,2023-09-30,33,-$298.00,Machine Learning,Cost &lt; Budget
REC-5200,PRJ-2026-8819,Analysis of Data Science,Alexandr Wright,2018,"Berkeley, University of California",a.wright@berkeley.edu,,47,116688.73 USD,Metadata,Notes on &quot;UIUC&quot;
REC-5201,PRJ-2026-8819,Proj A,Smith,2020,Cal Berkeley,jdoe@illinois.edu,2025-12-01,17,FREE,GIS Mapping,Na&iuml;ve Bayes test
REC-5202,INVALID_CODE,Study on Bioinformatics,Stephen Miller,2005,Massachusetts Institute of Technology,jdoe@illinois.edu,,5,-$101.00,Ethics,Cost &lt; Budget
REC-5203,PRJ-2026-1001,Comprehensive Digital Humanities Data Archival Research Project Phase 1,Dr. Johnson,2020,university of illinois at urbana-champaign,smith@unlv.edu,2018-11-05,27,111584.31,GIS Mapping,Cost &lt; Budget
REC-5204,prj-2026-1001,Analysis of Archival Studies,Robert Johnson,Class of 2018,university of illinois at urbana-champaign,jdoe@illinois.edu,2025-12-01,37,107860.8,Ethics,Notes on &quot;UIUC&quot;
REC-5205,PRJ-26-1001,Study on GIS Mapping,Brian Stuart,c. 2005,Cal Berkeley,jdoe@illinois.edu,2018-11-05,21,77723.58 USD,Machine Learning,Na&iuml;ve Bayes test
REC-5206,PRJ-2026-4052,Analysis of Ethics,Robert Jhnson,2021,Univ of Illinois Urbana Champaign,smith@unlv.edu,2023-09-30,28,121435.67 USD,Data Science,Cost &lt; Budget
REC-5207,PRJ20261001,Analysis of GIS Mapping,Alexandr Wright,c. 2005,"Berkeley, University of California",contact@lab.org,2025-12-01,25,103094.25 USD,Python,Notes on &quot;UIUC&quot;
,,,,,,,,,,Bioinformatics,Sub-tag record
REC-5208,,Analysis of GIS Mapping,Alexander Wright,2022,Urbana Champaign University of Illinois,jdoe@illinois.edu,2018-11-05,48,192164.42 USD,Cataloging,Phase 1 &amp; 2 complete
REC-5209,PRJ-2026-1001,Comprehensive Digital Humanities Data Archival Research Project Phase 1,Dr. Brown,c2020,Urbana Champaign University of Illinois,jdoe@illinois.edu,2016-03-12,43,-$451.00,Metadata,Notes on &quot;UIUC&quot;
REC-5210,PRJ20261001,Study on Ethics,Brian Stuart,2018,Massachusetts Institute of Technology,duplicate.user@research.org,2099-12-31,8,20683.6,Cataloging,Cost &lt; Budget
REC-5211,PRJ-2026-4052,National Science Foundation Geospatial Analysis Infrastructure Program,Dr. Brown,N/A,"Las Vegas, University of Nevada",contact@lab.org,2023-09-30,26,"$87,312.31",Machine Learning,Cost &lt; Budget
REC-5212,PRJ-2026-9900,Study on Data Science,Brian Stuart,c2020,U.N.L.V.,duplicate.user@research.org,2020-01-15,28,FREE,Python,Caf&eacute; study group
REC-5213,PRJ-2026-9900,Study on Python,Jayne Smyth,2015,"University of Nevada, Las Vegas",jdoe@illinois.edu,2021-07-22,13,30277.65 USD,Bioinformatics,Phase 1 &amp; 2 complete
REC-5214,PRJ-2026-1001,Investigation into Ethics and Modern Data Pipelines,A. PROF. WILSON,N/A,University of Illinois at Urbana-Champaign,jdoe@illinois.edu,,42,"$146,297.98",Metadata,Phase 1 &amp; 2 complete
,,,,,,,,,,Bioinformatics,Sub-tag record
,,,,,,,,,,Cataloging,Sub-tag record
,,,,,,,,,,Machine Learning,Sub-tag record
REC-5215,PRJ-2026-1001,Analysis of Ethics,Patricia Taylor-Garcia,2012.0,UNLV,a.wright@berkeley.edu,2021-07-22,21,"$81,457.41",Machine Learning,Cost &lt; Budget
REC-5216,PRJ-2026-9900,Study on Python,Jayne Smyth,2018,M.I.T.,contact@lab.org,2021-07-22,20,44659.33 USD,Python,Cost &lt; Budget
REC-5217,,Study on Ethics,Kathryn Write,1998,UNLV,smith@unlv.edu,1900-01-01,40,FREE,Machine Learning,Notes on &quot;UIUC&quot;
REC-5218,PRJ-2026-1001,Study on Bioinformatics,Jeffrey Clarke,2021,Univ of Nevada Las Vegas,r.johnson@mit.edu,1900-01-01,17,"$67,931.09",Data Science,Cost &lt; Budget
REC-5219,,Investigation into Bioinformatics and Modern Data Pipelines,A. PROF. WILSON,Class of 2018,Univ of Illinois Urbana Champaign,a.wright@berkeley.edu,2020-01-15,29,FREE,Cataloging,Caf&eacute; study group
REC-5220,PRJ-2026-4052,Study on Metadata,Jane Smith,Class of 2018,Univ. of Illinois (UIUC),jdoe@illinois.edu,2099-12-31,25,90269.21 USD,Cataloging,Caf&eacute; study group
REC-5221,PRJ-2026-4052,Study on GIS Mapping,Kristina Tailor,2020,UIUC,smith@unlv.edu,2020-01-15,18,-$400.00,Archival Studies,Caf&eacute; study group
REC-5222,,Analysis of Python,Alexander Wright,2012,Univ of Illinois Urbana Champaign,smith@unlv.edu,1900-01-01,30,-$251.00,Cataloging,Na&iuml;ve Bayes test
REC-5223,PRJ20261001,Study on Python,Christina Taylor,Pending,Massachusetts Institute of Technology,smith@unlv.edu,2099-12-31,19,FREE,Cataloging,Phase 1 &amp; 2 complete
REC-5224,PRJ-2026-4052,National Science Foundation Geospatial Analysis Infrastructure Program,Dr. Smith,1998,University of Illinois at Urbana-Champaign,jdoe@illinois.edu,2023-09-30,15,"$46,848.41",GIS Mapping,Cost &lt; Budget
REC-5225,PRJ-2026-8819,Study on GIS Mapping,Steven Miller,c. 2005,Univ of Illinois Urbana Champaign,r.johnson@mit.edu,2020-01-15,11,45262.15 USD,Metadata,Cost &lt; Budget
,,,,,,,,,,Data Science,Sub-tag record
,,,,,,,,,,Cataloging,Sub-tag record
,,,,,,,,,,Ethics,Sub-tag record
REC-5226,PRJ20261001,Comprehensive Digital Humanities Data Archival Research Project Phase 1,Dr. Smith,,"Las Vegas, University of Nevada",contact@lab.org,,43,129530.7,Ethics,Notes on &quot;UIUC&quot;
REC-5227,PRJ-2026-1001,Study on Machine Learning,Stephen Miller,N/A,"Technology, Massachusetts Institute of",r.johnson@mit.edu,2016-03-12,17,-$475.00,Machine Learning,Na&iuml;ve Bayes test
REC-5228,prj-2026-1001,Investigation into Machine Learning and Modern Data Pipelines,Jane Smith,1882,university of illinois at urbana-champaign,a.wright@berkeley.edu,2023-09-30,23,FREE,Metadata,Phase 1 &amp; 2 complete
REC-5229,PRJ-2026-8819,Analysis of Bioinformatics,Michael O'Brown,2050,"Las Vegas, University of Nevada",smith@unlv.edu,2099-12-31,22,84372.63,Cataloging,Notes on &quot;UIUC&quot;
REC-5230,PRJ-2026-8819,Analysis of GIS Mapping,Patricia Taylor Garcia,2050,Cal Berkeley,smith@unlv.edu,2025-12-01,33,FREE,Bioinformatics,Notes on &quot;UIUC&quot;
REC-5231,PRJ-2026-4052,Investigation into Bioinformatics and Modern Data Pipelines,Smith,Class of 2018,"Berkeley, University of California",r.johnson@mit.edu,2023-09-30,46,124833.2 USD,Cataloging,Cost &lt; Budget
,,,,,,,,,,Python,Sub-tag record
,,,,,,,,,,Metadata,Sub-tag record
REC-5232,PRJ-2026-1001,National Science Foundation Geospatial Analysis Infrastructure Project,Dr. Johnson,2021,UC Berkeley,contact@lab.org,2021-07-22,46,197744.19,Python,Cost &lt; Budget
REC-5233,PRJ-2026-9900,National Science Foundation Geospatial Analysis Infrastructure Project,Dr. Doe,2021,Univ of Illinois Urbana Champaign,jdoe@illinois.edu,2016-03-12,12,"$44,514.29",Machine Learning,Na&iuml;ve Bayes test
REC-5234,PRJ20261001,Investigation into Archival Studies and Modern Data Pipelines,Smith,2012.0,Univ. of Illinois (UIUC),contact@lab.org,2021-07-22,12,-$364.00,Cataloging,Phase 1 &amp; 2 complete
REC-5235,PRJ20261001,Analysis of Python,Johnathan Doee,,Univ. of Illinois (UIUC),jdoe@illinois.edu,2023-09-30,45,155717.36 USD,Python,Na&iuml;ve Bayes test
,,,,,,,,,,GIS Mapping,Sub-tag record
REC-5236,,Comprehensive Digital Humanities Data Archival Research Initiative Phase 1,Dr. Smith,1882,"University of Nevada, Las Vegas",jdoe@illinois.edu,1900-01-01,36,"$157,121.19",Cataloging,Caf&eacute; study group
REC-5237,PRJ-26-1001,Analysis of Cataloging,Robert Jhnson,1998,"University of Nevada, Las Vegas",a.wright@berkeley.edu,2023-09-30,30,-$173.00,Ethics,Na&iuml;ve Bayes test
,,,,,,,,,,Python,Sub-tag record
,,,,,,,,,,Data Science,Sub-tag record
REC-5238,PRJ-2026-1001,Investigation into Metadata and Modern Data Pipelines,Jane Smith,2020,MIT,contact@lab.org,2099-12-31,41,FREE,Metadata,Caf&eacute; study group
REC-5239,PRJ-26-1001,Study on Bioinformatics,Bryan Stewart,2022,"Technology, Massachusetts Institute of",smith@unlv.edu,2016-03-12,1,"$750,000.00",GIS Mapping,Caf&eacute; study group
,,,,,,,,,,Data Science,Sub-tag record
,,,,,,,,,,Cataloging,Sub-tag record
,,,,,,,,,,Metadata,Sub-tag record
REC-5240,PRJ-2026-9900,Analysis of Metadata,Michael OBrown,,"Las Vegas, University of Nevada",contact@lab.org,2018-11-05,24,-$438.00,Cataloging,Caf&eacute; study group
REC-5241,INVALID_CODE,Comprehensive Digital Humanities Data Archival Research Initiative Phase 1,Dr. Smith,1882,"University of Nevada, Las Vegas",a.wright@berkeley.edu,2099-12-31,46,95009.56 USD,Cataloging,Caf&eacute; study group
REC-5242,INVALID_CODE,Investigation into Bioinformatics and Modern Data Pipelines,A. PROF. WILSON,1882,Univ. of Illinois (UIUC),smith@unlv.edu,2099-12-31,39,-$228.00,Python,Phase 1 &amp; 2 complete
REC-5243,PRJ-2026-9900,Study on Python,Jayne Smyth,,M.I.T.,smith@unlv.edu,2023-09-30,5,FREE,Bioinformatics,Na&iuml;ve Bayes test
REC-5244,prj-2026-1001,Analysis of Python,Robert Jhnson,c2020,"University of Nevada, Las Vegas",jdoe@illinois.edu,,31,133216.16,GIS Mapping,Caf&eacute; study group
REC-5245,,Study on Bioinformatics,Bryan Stewart,2015,"University of California, Berkeley",contact@lab.org,2016-03-12,13,-$299.00,Ethics,Na&iuml;ve Bayes test
REC-5246,PRJ-2026-4052,Study on Python,Catherine Wright,c. 2005,Univ. of Illinois (UIUC),smith@unlv.edu,2020-01-15,23,"$36,444.62",Cataloging,Cost &lt; Budget
REC-5247,PRJ-2026-8819,Study on Archival Studies,Bryan Stewart,Unknown,Urbana Champaign University of Illinois,jdoe@illinois.edu,2099-12-31,15,FREE,Machine Learning,Na&iuml;ve Bayes test
REC-5248,PRJ-2026-8819,National Science Foundation Geospatial Analysis Infrastructure Program,Dr. Doe,2018,Urbana Champaign University of Illinois,contact@lab.org,,30,86888.35,Bioinformatics,Cost &lt; Budget
REC-5249,,Study on Ethics,Geoffrey Clark,2012,"University of California, Berkeley",smith@unlv.edu,2018-11-05,23,"$34,942.77",GIS Mapping,Caf&eacute; study group
REC-5250,PRJ-2026-4052,Proj A,Smith,2012.0,Massachusetts Institute of Technology,smith@unlv.edu,2018-11-05,29,FREE,Archival Studies,Cost &lt; Budget
REC-5251,prj-2026-1001,National Science Foundation Geospatial Analysis Infrastructure Project,Dr. Brown,1998,Massachusetts Institute of Technology,a.wright@berkeley.edu,1900-01-01,32,"$100,656.26",Archival Studies,Phase 1 &amp; 2 complete
REC-5252,,National Science Foundation Geospatial Analysis Infrastructure Program,Dr. Smith,c. 2005,"Technology, Massachusetts Institute of",r.johnson@mit.edu,,41,FREE,GIS Mapping,Na&iuml;ve Bayes test
REC-5253,PRJ-2026-9900,Study on Machine Learning,Geoffrey Clark,2012.0,"University of California, Berkeley",smith@unlv.edu,2021-07-22,46,101657.49 USD,Data Science,Notes on &quot;UIUC&quot;
REC-5254,prj-2026-1001,Study on GIS Mapping,Steven Miller,2018,M.I.T.,contact@lab.org,2018-11-05,8,16694.43 USD,Python,Na&iuml;ve Bayes test
REC-5255,PRJ-2026-1001,Analysis of Data Science,Alexandr Wright,2012.0,Urbana Champaign University of Illinois,smith@unlv.edu,2025-12-01,5,FREE,Metadata,Caf&eacute; study group
REC-5256,PRJ20261001,Analysis of Data Science,Robert Jhnson,2018,Urbana Champaign University of Illinois,smith@unlv.edu,2018-11-05,12,44186.03,Bioinformatics,Caf&eacute; study group
REC-5257,PRJ-2026-8819,Study on Python,Stephen Miller,1882,M.I.T.,jdoe@illinois.edu,2021-07-22,10,"$35,542.92",Data Science,Notes on &quot;UIUC&quot;
REC-5258,PRJ-2026-4052,Analysis of Machine Learning,Patricia Taylor Garcia,'15,university of illinois at urbana-champaign,smith@unlv.edu,2025-12-01,35,137139.97,Bioinformatics,Notes on &quot;UIUC&quot;
,,,,,,,,,,Machine Learning,Sub-tag record
,,,,,,,,,,Cataloging,Sub-tag record
REC-5259,PRJ-2026-9900,Proj A,A. PROF. WILSON,2050,"University of California, Berkeley",smith@unlv.edu,2023-09-30,45,FREE,Machine Learning,Cost &lt; Budget
REC-5260,PRJ-2026-8819,Proj A,m. davis,2005,Massachusetts Institute of Technology,r.johnson@mit.edu,2099-12-31,30,"$75,473.73",Metadata,Caf&eacute; study group
REC-5261,PRJ-2026-8819,Study on Machine Learning,Kristina Tailor,1998,"Technology, Massachusetts Institute of",jdoe@illinois.edu,2018-11-05,4,"$10,527.02",GIS Mapping,Cost &lt; Budget
REC-5262,PRJ-2026-8819,Study on Bioinformatics,Jane Smith,c. 2005,"Las Vegas, University of Nevada",contact@lab.org,2016-03-12,19,FREE,GIS Mapping,Phase 1 &amp; 2 complete
REC-5263,PRJ-2026-9900,National Science Foundation Geospatial Analysis Infrastructure Program,Dr. Smith,'15,Univ of Illinois Urbana Champaign,r.johnson@mit.edu,2099-12-31,16,59784.67 USD,Ethics,Phase 1 &amp; 2 complete
REC-5264,PRJ-2026-1001,Analysis of Metadata,Michael O'Brown,c2020,"University of Nevada, Las Vegas",a.wright@berkeley.edu,,16,FREE,Machine Learning,Na&iuml;ve Bayes test
REC-5265,PRJ-2026-8819,Proj A,Smith,,UNLV,jdoe@illinois.edu,2018-11-05,25,112224.19,Cataloging,Cost &lt; Budget
REC-5266,,Study on Cataloging,Brian Stuart,2021,University of Illinois at Urbana-Champaign,contact@lab.org,2016-03-12,7,FREE,Machine Learning,Cost &lt; Budget
REC-5267,PRJ-2026-8819,Analysis of Data Science,Robert Jhnson,2021,"Technology, Massachusetts Institute of",duplicate.user@research.org,1900-01-01,29,-$340.00,Data Science,Caf&eacute; study group
REC-5268,PRJ-2026-9900,Analysis of Cataloging,Patricia Taylor-Garcia,N/A,Univ of Illinois Urbana Champaign,contact@lab.org,2023-09-30,26,-$115.00,Archival Studies,Na&iuml;ve Bayes test
REC-5269,INVALID_CODE,Comprehensive Digital Humanities Data Archival Research Project Phase 1,Dr. Brown,Pending,M.I.T.,r.johnson@mit.edu,2023-09-30,27,FREE,GIS Mapping,Na&iuml;ve Bayes test
REC-5270,PRJ-26-1001,Proj A,A. PROF. WILSON,1882,Univ of Illinois Urbana Champaign,jdoe@illinois.edu,,3,FREE,Metadata,Na&iuml;ve Bayes test
REC-5271,prj-2026-1001,Proj A,Jane Smith,2022,"Urbana-Champaign, University of Illinois",jdoe@illinois.edu,,10,39170.69,Archival Studies,Notes on &quot;UIUC&quot;
REC-5272,PRJ-2026-8819,Analysis of Machine Learning,Alexandr Wright,Pending,"University of California, Berkeley",smith@unlv.edu,2023-09-30,45,-$399.00,Bioinformatics,Caf&eacute; study group
REC-5273,,Proj A,Jane Smith,c2020,Univ of Illinois Urbana Champaign,smith@unlv.edu,2018-11-05,35,-$228.00,GIS Mapping,Na&iuml;ve Bayes test
,,,,,,,,,,Cataloging,Sub-tag record
REC-5274,INVALID_CODE,Study on Ethics,Brian Stuart,Pending,U.N.L.V.,r.johnson@mit.edu,,24,-$342.00,GIS Mapping,Caf&eacute; study group
,,,,,,,,,,Metadata,Sub-tag record
,,,,,,,,,,Python,Sub-tag record
REC-5275,PRJ-2026-1001,Analysis of Python,Robert Jhnson,Unknown,U.N.L.V.,smith@unlv.edu,2016-03-12,29,-$468.00,Data Science,Cost &lt; Budget
REC-5276,,Investigation into Cataloging and Modern Data Pipelines,Dr. Jane Mary Smith,1882,"University of Nevada, Las Vegas",jdoe@illinois.edu,2099-12-31,47,-$237.00,GIS Mapping,Caf&eacute; study group
REC-5277,PRJ-2026-1001,Study on Data Science,Jayne Smyth,2021,Cal Berkeley,a.wright@berkeley.edu,2099-12-31,28,57004.36 USD,Metadata,Notes on &quot;UIUC&quot;
REC-5278,INVALID_CODE,Investigation into GIS Mapping and Modern Data Pipelines,Jane Smith,2015,MIT,contact@lab.org,2099-12-31,32,FREE,Metadata,Cost &lt; Budget
REC-5279,PRJ-26-1001,National Science Foundation Geospatial Analysis Infrastructure Program,Dr. Doe,2012.0,U.N.L.V.,a.wright@berkeley.edu,2099-12-31,35,FREE,Data Science,Caf&eacute; study group
REC-5280,prj-2026-1001,Study on Python,Jeffrey Clarke,2012.0,UNLV,jdoe@illinois.edu,2016-03-12,20,-$204.00,Metadata,Caf&eacute; study group
